employee_id,country,entity,department,job_level,grade,gender,fte,salary,band_mid,market,min,mid,max,compa_current,compa_new,penetration,status,to_min,above_max
E00001,PL,PL · Kraków,Customer Service,L2,C,F,1.0,24050,23600,22098.6552,19750.9101,22713.5467,25676.1832,1.0191,1.0588,0.7256,Within,0.0,0.0
E00002,PL,PL · Kraków,Sales,L1,A,M,1.0,21800,22000,28111.3077,16933.222,19473.2053,22013.1886,0.9909,1.1195,0.958,Within,0.0,0.0
E00003,ES,ES · Barcelona,Customer Service,L2,C,M,1.0,29450,28100,30175.2075,26957.9177,31001.6053,35045.293,1.048,0.95,0.3081,Within,0.0,0.0
E00004,PL,PL · Kraków,Customer Service,L2,C,M,1.0,26550,23600,22098.6552,19750.9101,22713.5467,25676.1832,1.125,1.1689,1.1475,Above,0.0,873.8168
E00005,DE,DE · Munich,Operations,L1,B,M,1.0,41350,36100,36701.684,41769.5333,48034.9633,54300.3934,1.1454,0.8608,-0.0335,Below,419.5333,0.0
E00006,PL,PL · Kraków,Customer Service,L6,G,M,1.0,77250,75600,50412.649,56940.2199,74022.2858,91104.3518,1.0218,1.0436,0.5945,Within,0.0,0.0
E00007,IT,IT · Milan,Finance,L3,D,M,1.0,42650,45800,45051.5517,37095.0301,44514.0361,51933.0421,0.9312,0.9581,0.3744,Within,0.0,0.0
E00008,PL,PL · Kraków,Customer Service,L3,D,M,1.0,31200,30200,22098.6552,24543.9746,29452.7695,34361.5644,1.0331,1.0593,0.678,Within,0.0,0.0
E00009,DE,DE · Munich,HR,L2,B,F,1.0,44900,47500,63763.1933,41769.5333,48034.9633,54300.3934,0.9453,0.9347,0.2498,Within,0.0,0.0
E00010,PL,PL · Kraków,Customer Service,L1,B,F,1.0,18550,18900,22098.6552,18287.8798,21031.0617,23774.2437,0.9815,0.882,0.0478,Within,0.0,0.0
E00011,DE,DE · Munich,Finance,L3,D,F,1.0,69750,66900,83423.91,56058.4593,67270.1512,78481.843,1.0426,1.0369,0.6106,Within,0.0,0.0
E00013,IT,IT · Milan,Operations,L1,B,F,1.0,28100,24700,26363.3765,27639.7553,31785.7186,35931.6819,1.1377,0.884,0.0555,Within,0.0,0.0
E00014,IT,IT · Milan,Operations,L1,B,F,1.0,25550,24700,26363.3765,27639.7553,31785.7186,35931.6819,1.0344,0.8038,-0.252,Below,2089.7553,0.0
E00015,PL,PL · Kraków,Operations,L3,D,M,1.0,34300,31900,23500.5671,24543.9746,29452.7695,34361.5644,1.0752,1.1646,0.9937,Within,0.0,0.0
E00016,PL,PL · Kraków,Operations,L1,B,F,1.0,15550,20000,17581.1795,18287.8798,21031.0617,23774.2437,0.7775,0.7394,-0.499,Below,2737.8798,0.0
E00017,IT,IT · Milan,Customer Service,L1,B,F,1.0,18550,23400,35427.3211,27639.7553,31785.7186,35931.6819,0.7927,0.5836,-1.0962,Below,9089.7553,0.0
E00018,IT,IT · Milan,HR,L1,A,F,1.0,23050,26000,35427.3211,25592.366,29431.2209,33270.0758,0.8865,0.7832,-0.3311,Below,2542.366,0.0
E00020,ES,ES · Barcelona,Sales,L4,E,M,1.0,54850,55100,38450.926,43967.2783,52760.7339,61554.1896,0.9955,1.0396,0.6188,Within,0.0,0.0
E00021,PL,PL · Kraków,Customer Service,L1,B,M,1.0,17850,18900,22098.6552,18287.8798,21031.0617,23774.2437,0.9444,0.8487,-0.0798,Below,437.8798,0.0
E00022,DE,DE · Munich,Operations,L3,D,M,1.0,60050,57800,47695.8157,56058.4593,67270.1512,78481.843,1.0389,0.8927,0.178,Within,0.0,0.0
E00023,PL,PL · Kraków,Tech,L1,A,M,0.8,28100,26200,28111.3077,16933.222,19473.2053,22013.1886,1.0725,1.443,2.1982,Above,0.0,4869.4491
E00025,IT,IT · Milan,Operations,L4,E,F,1.0,49050,51900,44423.0257,48685.6742,58422.809,68159.9438,0.9451,0.8396,0.0187,Within,0.0,0.0
E00027,ES,ES · Barcelona,Operations,L4,E,M,1.0,53400,49900,38450.926,43967.2783,52760.7339,61554.1896,1.0701,1.0121,0.5363,Within,0.0,0.0
E00028,PL,PL · Kraków,Customer Service,L1,B,M,1.0,19600,18900,22098.6552,18287.8798,21031.0617,23774.2437,1.037,0.932,0.2392,Within,0.0,0.0
E00029,ES,ES · Barcelona,Customer Service,L2,C,M,1.0,27900,28100,30175.2075,26957.9177,31001.6053,35045.293,0.9929,0.9,0.1165,Within,0.0,0.0
E00030,PL,PL · Kraków,Customer Service,L3,D,F,1.0,32050,30200,22098.6552,24543.9746,29452.7695,34361.5644,1.0613,1.0882,0.7645,Within,0.0,0.0
E00031,ES,ES · Barcelona,Operations,L4,E,M,1.0,55850,49900,38450.926,43967.2783,52760.7339,61554.1896,1.1192,1.0586,0.6757,Within,0.0,0.0
E00032,IT,IT · Milan,HR,L2,B,F,1.0,30000,32500,44423.0257,27639.7553,31785.7186,35931.6819,0.9231,0.9438,0.2846,Within,0.0,0.0
E00033,PL,PL · Kraków,Finance,L1,A,M,1.0,22300,23100,22098.6552,16933.222,19473.2053,22013.1886,0.9654,1.1452,1.0565,Above,0.0,286.8114
E00035,IT,IT · Milan,Operations,L3,D,M,1.0,42800,39500,32970.682,37095.0301,44514.0361,51933.0421,1.0835,0.9615,0.3845,Within,0.0,0.0
E00036,DE,DE · Munich,Operations,L3,D,M,1.0,64350,57800,47695.8157,56058.4593,67270.1512,78481.843,1.1133,0.9566,0.3698,Within,0.0,0.0
E00037,PL,PL · Kraków,Operations,L2,C,F,1.0,23750,24900,23500.5671,19750.9101,22713.5467,25676.1832,0.9538,1.0456,0.6749,Within,0.0,0.0
E00038,IT,IT · Milan,Customer Service,L1,B,F,1.0,21500,23400,35427.3211,27639.7553,31785.7186,35931.6819,0.9188,0.6764,-0.7404,Below,6139.7553,0.0
E00039,IT,IT · Milan,Finance,L1,A,F,1.0,31400,28600,35427.3211,25592.366,29431.2209,33270.0758,1.0979,1.0669,0.7564,Within,0.0,0.0
E00040,PL,PL · Kraków,Operations,L2,C,M,1.0,25400,24900,23500.5671,19750.9101,22713.5467,25676.1832,1.0201,1.1183,0.9534,Within,0.0,0.0
E00041,PL,PL · Kraków,Tech,L2,B,F,1.0,25050,32800,28111.3077,18287.8798,21031.0617,23774.2437,0.7637,1.1911,1.2325,Above,0.0,1275.7563
E00042,IT,IT · Milan,Customer Service,L2,C,M,0.8,32450,29200,35427.3211,29850.9357,34328.5761,38806.2164,1.1113,0.9453,0.2902,Within,0.0,0.0
E00043,IT,IT · Milan,Tech,L4,E,M,1.0,65050,68200,45051.5517,48685.6742,58422.809,68159.9438,0.9538,1.1134,0.8403,Within,0.0,0.0
E00044,PL,PL · Kraków,Operations,L3,D,M,1.0,34100,31900,23500.5671,24543.9746,29452.7695,34361.5644,1.069,1.1578,0.9734,Within,0.0,0.0
E00045,IT,IT · Milan,Finance,L2,B,F,1.0,34050,35800,44423.0257,27639.7553,31785.7186,35931.6819,0.9511,1.0712,0.7731,Within,0.0,0.0
E00046,IT,IT · Milan,Tech,L2,B,F,1.0,39350,40600,44423.0257,27639.7553,31785.7186,35931.6819,0.9692,1.238,1.4122,Above,0.0,3418.3181
E00047,IT,IT · Milan,Tech,L3,D,F,1.0,45000,52000,45051.5517,37095.0301,44514.0361,51933.0421,0.8654,1.0109,0.5328,Within,0.0,0.0
E00048,PL,PL · Kraków,Tech,L2,B,F,1.0,34850,32800,28111.3077,18287.8798,21031.0617,23774.2437,1.0625,1.6571,3.0188,Above,0.0,11075.7563
E00049,ES,ES · Barcelona,Customer Service,L5,F,F,1.0,62050,65200,67142.552,58289.4759,72861.8449,87434.2139,0.9517,0.8516,0.129,Within,0.0,0.0
E00050,ES,ES · Barcelona,Finance,L4,E,F,1.0,54000,57800,49137.1558,43967.2783,52760.7339,61554.1896,0.9343,1.0235,0.5705,Within,0.0,0.0
E00051,DE,DE · Munich,Customer Service,L1,B,F,1.0,31700,34200,52281.637,41769.5333,48034.9633,54300.3934,0.9269,0.6599,-0.8036,Below,10069.5333,0.0
E00053,PL,PL · Kraków,HR,L4,E,F,1.0,52850,44100,34034.3671,32212.9392,38655.527,45098.1148,1.1984,1.3672,1.6016,Above,0.0,7751.8852
E00054,ES,ES · Barcelona,Customer Service,L4,E,M,0.8,40100,47200,38450.926,43967.2783,52760.7339,61554.1896,0.8496,0.76,-0.2199,Below,3093.8226,0.0
E00055,PL,PL · Kraków,Customer Service,L4,E,F,1.0,38100,39700,28111.3077,32212.9392,38655.527,45098.1148,0.9597,0.9856,0.4569,Within,0.0,0.0
E00057,IT,IT · Milan,Operations,L3,D,F,1.0,37050,39500,32970.682,37095.0301,44514.0361,51933.0421,0.938,0.8323,-0.003,Below,45.0301,0.0
E00058,PL,PL · Kraków,Operations,L1,B,M,1.0,16650,20000,17581.1795,18287.8798,21031.0617,23774.2437,0.8325,0.7917,-0.2985,Below,1637.8798,0.0
E00059,DE,DE · Munich,Customer Service,L2,C,F,1.0,41600,42800,52281.637,45111.096,51877.7604,58644.4248,0.972,0.8019,-0.2594,Below,3511.096,0.0
E00061,PL,PL · Kraków,Sales,L1,A,M,1.0,21550,22000,28111.3077,16933.222,19473.2053,22013.1886,0.9795,1.1066,0.9088,Within,0.0,0.0
E00062,IT,IT · Milan,Operations,L5,F,F,1.0,71050,71600,119149.3884,64544.8739,80681.0924,96817.3109,0.9923,0.8806,0.2016,Within,0.0,0.0
E00063,IT,IT · Milan,Customer Service,L3,D,M,1.0,39750,37400,35427.3211,37095.0301,44514.0361,51933.0421,1.0628,0.893,0.1789,Within,0.0,0.0
E00064,IT,IT · Milan,Operations,L2,C,F,0.8,26700,30900,32970.682,29850.9357,34328.5761,38806.2164,0.8641,0.7778,-0.3519,Below,2520.7486,0.0
E00066,PL,PL · Kraków,Sales,L3,D,M,1.0,32950,35300,28111.3077,24543.9746,29452.7695,34361.5644,0.9334,1.1187,0.8562,Within,0.0,0.0
E00067,IT,IT · Milan,Customer Service,L3,D,F,1.0,40950,37400,35427.3211,37095.0301,44514.0361,51933.0421,1.0949,0.9199,0.2598,Within,0.0,0.0
E00068,PL,PL · Kraków,Tech,L2,B,M,0.8,33600,32800,28111.3077,18287.8798,21031.0617,23774.2437,1.0244,1.5976,2.7909,Above,0.0,7860.605
E00069,IT,IT · Milan,HR,L3,D,M,1.0,43150,41600,45051.5517,37095.0301,44514.0361,51933.0421,1.0373,0.9694,0.4081,Within,0.0,0.0
E00070,ES,ES · Barcelona,Tech,L3,D,M,1.0,59300,50000,49137.1558,33499.9471,40199.9366,46899.926,1.186,1.4751,1.9254,Above,0.0,12400.074
E00072,DE,DE · Munich,Tech,L1,A,M,1.0,41350,47500,63763.1933,38675.4938,44476.8179,50278.142,0.8705,0.9297,0.2305,Within,0.0,0.0
E00073,PL,PL · Kraków,Sales,L3,D,F,1.0,30950,35300,28111.3077,24543.9746,29452.7695,34361.5644,0.8768,1.0508,0.6525,Within,0.0,0.0
E00074,PL,PL · Kraków,Sales,L3,D,F,1.0,30000,35300,28111.3077,24543.9746,29452.7695,34361.5644,0.8499,1.0186,0.5557,Within,0.0,0.0
E00075,PL,PL · Kraków,Finance,L2,B,M,1.0,30200,28900,28111.3077,18287.8798,21031.0617,23774.2437,1.045,1.436,2.1712,Above,0.0,6425.7563
E00076,IT,IT · Milan,Operations,L5,F,M,1.0,79400,71600,119149.3884,64544.8739,80681.0924,96817.3109,1.1089,0.9841,0.4603,Within,0.0,0.0
E00077,PL,PL · Kraków,Operations,L1,B,F,1.0,21350,20000,17581.1795,18287.8798,21031.0617,23774.2437,1.0675,1.0152,0.5581,Within,0.0,0.0
E00078,PL,PL · Kraków,Customer Service,L1,B,M,1.0,20750,18900,22098.6552,18287.8798,21031.0617,23774.2437,1.0979,0.9866,0.4488,Within,0.0,0.0
E00079,DE,DE · Munich,Operations,L4,E,F,1.0,69000,75800,63763.1933,73574.3812,88289.2574,103004.1336,0.9103,0.7815,-0.1554,Below,4574.3812,0.0
E00081,IT,IT · Milan,HR,L2,B,F,0.8,33400,32500,44423.0257,27639.7553,31785.7186,35931.6819,1.0277,1.0508,0.6947,Within,0.0,0.0
E00082,IT,IT · Milan,Customer Service,L5,F,M,1.0,70850,67900,119149.3884,64544.8739,80681.0924,96817.3109,1.0434,0.8781,0.1954,Within,0.0,0.0
E00083,IT,IT · Milan,Customer Service,L2,C,M,1.0,27650,29200,35427.3211,29850.9357,34328.5761,38806.2164,0.9469,0.8055,-0.2458,Below,2200.9357,0.0
E00085,DE,DE · Munich,Customer Service,L3,D,F,0.8,54950,54700,52281.637,56058.4593,67270.1512,78481.843,1.0046,0.8169,-0.0494,Below,886.7675,0.0
E00086,DE,DE · Munich,Customer Service,L4,E,F,1.0,79200,71800,63763.1933,73574.3812,88289.2574,103004.1336,1.1031,0.8971,0.1912,Within,0.0,0.0
E00088,IT,IT · Milan,Tech,L2,B,M,1.0,38500,40600,44423.0257,27639.7553,31785.7186,35931.6819,0.9483,1.2112,1.3097,Above,0.0,2568.3181
E00089,PL,PL · Kraków,Operations,L1,B,F,1.0,21200,20000,17581.1795,18287.8798,21031.0617,23774.2437,1.06,1.008,0.5308,Within,0.0,0.0
E00090,ES,ES · Barcelona,Operations,L1,B,M,1.0,19600,23800,23130.047,24961.0349,28705.1901,32449.3454,0.8235,0.6828,-0.7159,Below,5361.0349,0.0
E00091,DE,DE · Munich,Customer Service,L2,C,F,1.0,43950,42800,52281.637,45111.096,51877.7604,58644.4248,1.0269,0.8472,-0.0858,Below,1161.096,0.0
E00092,PL,PL · Kraków,Sales,L4,E,F,1.0,46500,46300,28111.3077,32212.9392,38655.527,45098.1148,1.0043,1.2029,1.1088,Above,0.0,1401.8852
E00094,IT,IT · Milan,Tech,L3,D,M,1.0,58800,52000,45051.5517,37095.0301,44514.0361,51933.0421,1.1308,1.3209,1.4628,Above,0.0,6866.9579
E00095,PL,PL · Kraków,Tech,L2,B,F,1.0,34200,32800,28111.3077,18287.8798,21031.0617,23774.2437,1.0427,1.6262,2.9003,Above,0.0,10425.7563
E00096,IT,IT · Milan,Operations,L3,D,F,1.0,41850,39500,32970.682,37095.0301,44514.0361,51933.0421,1.0595,0.9402,0.3205,Within,0.0,0.0
E00097,IT,IT · Milan,HR,L2,B,M,1.0,32950,32500,44423.0257,27639.7553,31785.7186,35931.6819,1.0138,1.0366,0.6404,Within,0.0,0.0
E00098,PL,PL · Kraków,Finance,L3,D,M,1.0,38600,37000,34034.3671,24543.9746,29452.7695,34361.5644,1.0432,1.3106,1.4317,Above,0.0,4238.4356
E00099,PL,PL · Kraków,HR,L2,B,F,1.0,24450,26200,28111.3077,18287.8798,21031.0617,23774.2437,0.9332,1.1626,1.1232,Above,0.0,675.7563
E00100,ES,ES · Barcelona,Sales,L2,C,F,1.0,33200,32800,38450.926,26957.9177,31001.6053,35045.293,1.0122,1.0709,0.7718,Within,0.0,0.0
E00102,IT,IT · Milan,Operations,L1,B,M,1.0,24250,24700,26363.3765,27639.7553,31785.7186,35931.6819,0.9818,0.7629,-0.4088,Below,3389.7553,0.0
E00103,ES,ES · Barcelona,Operations,L2,C,M,1.0,31200,29700,30735.5619,26957.9177,31001.6053,35045.293,1.0505,1.0064,0.5245,Within,0.0,0.0
E00104,PL,PL · Kraków,Tech,L5,F,M,1.0,72500,76100,50412.649,42706.1992,53382.7489,64059.2987,0.9527,1.3581,1.3953,Above,0.0,8440.7013
E00105,PL,PL · Kraków,Customer Service,L2,C,M,1.0,24950,23600,22098.6552,19750.9101,22713.5467,25676.1832,1.0572,1.0985,0.8774,Within,0.0,0.0
E00106,IT,IT · Milan,HR,L5,F,F,1.0,91750,75400,119149.3884,64544.8739,80681.0924,96817.3109,1.2168,1.1372,0.843,Within,0.0,0.0
E00107,ES,ES · Barcelona,Customer Service,L4,E,F,1.0,53750,47200,38450.926,43967.2783,52760.7339,61554.1896,1.1388,1.0188,0.5563,Within,0.0,0.0
E00108,PL,PL · Kraków,Tech,L2,B,M,1.0,31800,32800,28111.3077,18287.8798,21031.0617,23774.2437,0.9695,1.512,2.4629,Above,0.0,8025.7563
E00111,DE,DE · Munich,Tech,L2,B,M,1.0,53350,59400,63763.1933,41769.5333,48034.9633,54300.3934,0.8981,1.1106,0.9242,Within,0.0,0.0
E00112,ES,ES · Barcelona,Customer Service,L2,C,F,1.0,27850,28100,30175.2075,26957.9177,31001.6053,35045.293,0.9911,0.8983,0.1103,Within,0.0,0.0
E00113,DE,DE · Munich,Operations,L4,E,M,1.0,77500,75800,63763.1933,73574.3812,88289.2574,103004.1336,1.0224,0.8778,0.1334,Within,0.0,0.0
E00114,ES,ES · Barcelona,Operations,L4,E,M,1.0,46900,49900,38450.926,43967.2783,52760.7339,61554.1896,0.9399,0.8889,0.1668,Within,0.0,0.0
E00115,IT,IT · Milan,Customer Service,L2,C,M,1.0,30450,29200,35427.3211,29850.9357,34328.5761,38806.2164,1.0428,0.887,0.0669,Within,0.0,0.0
E00116,IT,IT · Milan,Customer Service,L3,D,F,1.0,39100,37400,35427.3211,37095.0301,44514.0361,51933.0421,1.0455,0.8784,0.1351,Within,0.0,0.0
E00117,PL,PL · Kraków,Tech,L3,D,F,1.0,41050,42000,34034.3671,24543.9746,29452.7695,34361.5644,0.9774,1.3938,1.6813,Above,0.0,6688.4356
E00118,DE,DE · Munich,Operations,L2,C,M,1.0,46300,45100,47695.8157,45111.096,51877.7604,58644.4248,1.0266,0.8925,0.0879,Within,0.0,0.0
E00119,IT,IT · Milan,Customer Service,L3,D,M,1.0,39500,37400,35427.3211,37095.0301,44514.0361,51933.0421,1.0561,0.8874,0.1621,Within,0.0,0.0
E00120,IT,IT · Milan,Finance,L2,B,M,1.0,33800,35800,44423.0257,27639.7553,31785.7186,35931.6819,0.9441,1.0634,0.7429,Within,0.0,0.0
E00121,PL,PL · Kraków,Operations,L2,C,F,1.0,21050,24900,23500.5671,19750.9101,22713.5467,25676.1832,0.8454,0.9268,0.2192,Within,0.0,0.0
E00122,PL,PL · Kraków,Customer Service,L2,C,F,1.0,26700,23600,22098.6552,19750.9101,22713.5467,25676.1832,1.1314,1.1755,1.1728,Above,0.0,1023.8168
E00123,IT,IT · Milan,Finance,L6,G,M,1.0,103450,114400,119149.3884,86057.7477,111875.072,137692.3963,0.9043,0.9247,0.3368,Within,0.0,0.0
E00124,PL,PL · Kraków,Tech,L3,D,M,1.0,43500,42000,34034.3671,24543.9746,29452.7695,34361.5644,1.0357,1.4769,1.9308,Above,0.0,9138.4356
E00125,PL,PL · Kraków,Customer Service,L3,D,F,1.0,31400,30200,22098.6552,24543.9746,29452.7695,34361.5644,1.0397,1.0661,0.6983,Within,0.0,0.0
E00126,PL,PL · Kraków,Tech,L1,A,F,1.0,29450,26200,28111.3077,16933.222,19473.2053,22013.1886,1.124,1.5123,2.4639,Above,0.0,7436.8114
E00127,ES,ES · Barcelona,Tech,L2,B,M,1.0,39200,39100,38450.926,24961.0349,28705.1901,32449.3454,1.0026,1.3656,1.9015,Above,0.0,6750.6546
E00130,PL,PL · Kraków,Sales,L2,C,F,1.0,25000,27600,28111.3077,19750.9101,22713.5467,25676.1832,0.9058,1.1007,0.8859,Within,0.0,0.0
E00131,ES,ES · Barcelona,Customer Service,L2,C,M,1.0,31000,28100,30175.2075,26957.9177,31001.6053,35045.293,1.1032,0.9999,0.4998,Within,0.0,0.0
E00132,IT,IT · Milan,Customer Service,L3,D,M,1.0,38750,37400,35427.3211,37095.0301,44514.0361,51933.0421,1.0361,0.8705,0.1115,Within,0.0,0.0
E00133,PL,PL · Kraków,Sales,L2,C,F,1.0,27150,27600,28111.3077,19750.9101,22713.5467,25676.1832,0.9837,1.1953,1.2487,Above,0.0,1473.8168
E00134,DE,DE · Munich,Tech,L5,F,M,1.0,151500,137800,123043.8439,97540.9961,121926.2452,146311.4942,1.0994,1.2426,1.1064,Above,0.0,5188.5058
E00135,PL,PL · Kraków,Operations,L3,D,M,1.0,31550,31900,23500.5671,24543.9746,29452.7695,34361.5644,0.989,1.0712,0.7136,Within,0.0,0.0
E00136,DE,DE · Munich,Customer Service,L6,G,M,1.0,138500,136800,123043.8439,130051.5118,169066.9654,208082.4189,1.0124,0.8192,0.1083,Within,0.0,0.0
E00137,PL,PL · Kraków,Operations,L1,B,F,0.8,18450,20000,17581.1795,18287.8798,21031.0617,23774.2437,0.9225,0.8773,0.0295,Within,0.0,0.0
E00138,IT,IT · Milan,Sales,L1,A,F,0.8,26200,27300,44423.0257,25592.366,29431.2209,33270.0758,0.9597,0.8902,0.0791,Within,0.0,0.0
E00142,ES,ES · Barcelona,Operations,L1,B,F,1.0,25950,23800,23130.047,24961.0349,28705.1901,32449.3454,1.0903,0.904,0.1321,Within,0.0,0.0
E00143,IT,IT · Milan,Operations,L3,D,M,1.0,37950,39500,32970.682,37095.0301,44514.0361,51933.0421,0.9608,0.8525,0.0576,Within,0.0,0.0
E00144,IT,IT · Milan,Finance,L1,A,F,1.0,27100,28600,35427.3211,25592.366,29431.2209,33270.0758,0.9476,0.9208,0.1964,Within,0.0,0.0
E00145,IT,IT · Milan,Customer Service,L1,B,F,1.0,24750,23400,35427.3211,27639.7553,31785.7186,35931.6819,1.0577,0.7787,-0.3485,Below,2889.7553,0.0
E00146,DE,DE · Munich,Sales,L1,A,F,1.0,38250,39900,63763.1933,38675.4938,44476.8179,50278.142,0.9586,0.86,-0.0367,Below,425.4938,0.0
E00147,ES,ES · Barcelona,Operations,L5,F,M,1.0,61500,68900,67142.552,58289.4759,72861.8449,87434.2139,0.8926,0.8441,0.1102,Within,0.0,0.0
E00148,IT,IT · Milan,Tech,L1,A,M,1.0,36300,32500,44423.0257,25592.366,29431.2209,33270.0758,1.1169,1.2334,1.3946,Above,0.0,3029.9242
E00150,IT,IT · Milan,Tech,L2,B,F,1.0,36750,40600,44423.0257,27639.7553,31785.7186,35931.6819,0.9052,1.1562,1.0987,Above,0.0,818.3181
E00151,DE,DE · Munich,Sales,L1,A,M,1.0,40250,39900,63763.1933,38675.4938,44476.8179,50278.142,1.0088,0.905,0.1357,Within,0.0,0.0
E00152,IT,IT · Milan,Customer Service,L3,D,F,1.0,39450,37400,35427.3211,37095.0301,44514.0361,51933.0421,1.0548,0.8862,0.1587,Within,0.0,0.0
E00153,PL,PL · Kraków,Sales,L2,C,F,1.0,31200,27600,28111.3077,19750.9101,22713.5467,25676.1832,1.1304,1.3736,1.9322,Above,0.0,5523.8168
E00154,PL,PL · Kraków,Tech,L1,A,F,1.0,27050,26200,28111.3077,16933.222,19473.2053,22013.1886,1.0324,1.3891,1.9915,Above,0.0,5036.8114
E00155,PL,PL · Kraków,Tech,L2,B,F,1.0,36400,32800,28111.3077,18287.8798,21031.0617,23774.2437,1.1098,1.7308,3.3013,Above,0.0,12625.7563
E00156,ES,ES · Barcelona,Customer Service,L3,D,F,1.0,31750,36000,30175.2075,33499.9471,40199.9366,46899.926,0.8819,0.7898,-0.1306,Below,1749.9471,0.0
E00157,IT,IT · Milan,Finance,L3,D,F,1.0,45350,45800,45051.5517,37095.0301,44514.0361,51933.0421,0.9902,1.0188,0.5563,Within,0.0,0.0
E00158,ES,ES · Barcelona,Tech,L1,A,M,1.0,29250,31200,38450.926,23112.0694,26578.8798,30045.6902,0.9375,1.1005,0.8852,Within,0.0,0.0
E00159,PL,PL · Kraków,Operations,L3,D,F,1.0,29250,31900,23500.5671,24543.9746,29452.7695,34361.5644,0.9169,0.9931,0.4793,Within,0.0,0.0
E00160,PL,PL · Kraków,Operations,L2,C,M,1.0,25800,24900,23500.5671,19750.9101,22713.5467,25676.1832,1.0361,1.1359,1.0209,Above,0.0,123.8168
E00161,DE,DE · Munich,Finance,L5,F,F,1.0,150550,121200,123043.8439,97540.9961,121926.2452,146311.4942,1.2422,1.2348,1.0869,Above,0.0,4238.5058
E00162,PL,PL · Kraków,Finance,L2,B,M,1.0,31200,28900,28111.3077,18287.8798,21031.0617,23774.2437,1.0796,1.4835,2.3535,Above,0.0,7425.7563
E00163,DE,DE · Munich,Operations,L2,C,F,1.0,44850,45100,47695.8157,45111.096,51877.7604,58644.4248,0.9945,0.8645,-0.0193,Below,261.096,0.0
E00164,IT,IT · Milan,Sales,L2,C,M,1.0,36300,34100,44423.0257,29850.9357,34328.5761,38806.2164,1.0645,1.0574,0.7201,Within,0.0,0.0
E00165,DE,DE · Munich,Customer Service,L2,C,M,1.0,41850,42800,52281.637,45111.096,51877.7604,58644.4248,0.9778,0.8067,-0.241,Below,3261.096,0.0
E00166,IT,IT · Milan,Tech,L4,E,F,1.0,69650,68200,45051.5517,48685.6742,58422.809,68159.9438,1.0213,1.1922,1.0765,Above,0.0,1490.0562
E00167,IT,IT · Milan,Customer Service,L4,E,F,1.0,46350,49100,44423.0257,48685.6742,58422.809,68159.9438,0.944,0.7934,-0.1199,Below,2335.6742,0.0
E00170,IT,IT · Milan,Operations,L3,D,F,1.0,38150,39500,32970.682,37095.0301,44514.0361,51933.0421,0.9658,0.857,0.0711,Within,0.0,0.0
E00172,IT,IT · Milan,Sales,L3,D,M,1.0,44900,43700,44423.0257,37095.0301,44514.0361,51933.0421,1.0275,1.0087,0.526,Within,0.0,0.0
E00173,DE,DE · Munich,Operations,L3,D,F,1.0,62550,57800,47695.8157,56058.4593,67270.1512,78481.843,1.0822,0.9298,0.2895,Within,0.0,0.0
E00174,IT,IT · Milan,Sales,L1,A,M,0.8,22750,27300,44423.0257,25592.366,29431.2209,33270.0758,0.8333,0.773,-0.3702,Below,2273.8928,0.0
E00175,PL,PL · Kraków,Operations,L1,B,F,1.0,20600,20000,17581.1795,18287.8798,21031.0617,23774.2437,1.03,0.9795,0.4214,Within,0.0,0.0
E00176,ES,ES · Barcelona,Customer Service,L1,B,F,1.0,22350,22500,30175.2075,24961.0349,28705.1901,32449.3454,0.9933,0.7786,-0.3487,Below,2611.0349,0.0
E00177,PL,PL · Kraków,Tech,L5,F,M,0.8,73000,76100,50412.649,42706.1992,53382.7489,64059.2987,0.9593,1.3675,1.4187,Above,0.0,7152.561
E00178,IT,IT · Milan,Customer Service,L1,B,M,1.0,25600,23400,35427.3211,27639.7553,31785.7186,35931.6819,1.094,0.8054,-0.246,Below,2039.7553,0.0
E00180,PL,PL · Kraków,Customer Service,L4,E,M,1.0,40700,39700,28111.3077,32212.9392,38655.527,45098.1148,1.0252,1.0529,0.6587,Within,0.0,0.0
E00181,DE,DE · Munich,Customer Service,L4,E,F,1.0,74900,71800,63763.1933,73574.3812,88289.2574,103004.1336,1.0432,0.8483,0.045,Within,0.0,0.0
E00182,PL,PL · Kraków,Operations,L2,C,F,1.0,24750,24900,23500.5671,19750.9101,22713.5467,25676.1832,0.994,1.0897,0.8437,Within,0.0,0.0
E00183,IT,IT · Milan,Customer Service,L1,B,F,1.0,24300,23400,35427.3211,27639.7553,31785.7186,35931.6819,1.0385,0.7645,-0.4028,Below,3339.7553,0.0
E00184,DE,DE · Munich,HR,L1,A,F,1.0,40650,38000,52281.637,38675.4938,44476.8179,50278.142,1.0697,0.914,0.1702,Within,0.0,0.0
E00185,IT,IT · Milan,Operations,L2,C,F,1.0,29950,30900,32970.682,29850.9357,34328.5761,38806.2164,0.9693,0.8725,0.0111,Within,0.0,0.0
E00186,PL,PL · Kraków,HR,L3,D,F,1.0,33050,33600,34034.3671,24543.9746,29452.7695,34361.5644,0.9836,1.1221,0.8664,Within,0.0,0.0
E00187,IT,IT · Milan,Customer Service,L1,B,F,1.0,23350,23400,35427.3211,27639.7553,31785.7186,35931.6819,0.9979,0.7346,-0.5173,Below,4289.7553,0.0
E00189,DE,DE · Munich,Operations,L2,C,F,1.0,41050,45100,47695.8157,45111.096,51877.7604,58644.4248,0.9102,0.7913,-0.3001,Below,4061.096,0.0
E00190,DE,DE · Munich,Tech,L6,G,M,1.0,191400,190000,123043.8439,130051.5118,169066.9654,208082.4189,1.0074,1.1321,0.7862,Within,0.0,0.0
E00191,IT,IT · Milan,Tech,L2,B,F,1.0,38800,40600,44423.0257,27639.7553,31785.7186,35931.6819,0.9557,1.2207,1.3459,Above,0.0,2868.3181
E00192,PL,PL · Kraków,Customer Service,L2,C,M,1.0,22750,23600,22098.6552,19750.9101,22713.5467,25676.1832,0.964,1.0016,0.5062,Within,0.0,0.0
E00193,PL,PL · Kraków,HR,L4,E,M,1.0,42100,44100,34034.3671,32212.9392,38655.527,45098.1148,0.9546,1.0891,0.7673,Within,0.0,0.0
E00194,PL,PL · Kraków,Sales,L1,A,M,1.0,22950,22000,28111.3077,16933.222,19473.2053,22013.1886,1.0432,1.1785,1.1844,Above,0.0,936.8114
E00195,IT,IT · Milan,Sales,L2,C,F,1.0,35350,34100,44423.0257,29850.9357,34328.5761,38806.2164,1.0367,1.0298,0.6141,Within,0.0,0.0
E00196,DE,DE · Munich,Customer Service,L4,E,M,1.0,65950,71800,63763.1933,73574.3812,88289.2574,103004.1336,0.9185,0.747,-0.2591,Below,7624.3812,0.0
E00197,PL,PL · Kraków,Customer Service,L1,B,M,1.0,16550,18900,22098.6552,18287.8798,21031.0617,23774.2437,0.8757,0.7869,-0.3168,Below,1737.8798,0.0
E00198,PL,PL · Kraków,Customer Service,L4,E,F,1.0,40100,39700,28111.3077,32212.9392,38655.527,45098.1148,1.0101,1.0374,0.6121,Within,0.0,0.0
E00199,DE,DE · Munich,Operations,L1,B,F,1.0,33300,36100,36701.684,41769.5333,48034.9633,54300.3934,0.9224,0.6932,-0.6759,Below,8469.5333,0.0
E00200,IT,IT · Milan,Customer Service,L1,B,F,1.0,20250,23400,35427.3211,27639.7553,31785.7186,35931.6819,0.8654,0.6371,-0.8912,Below,7389.7553,0.0
E00201,PL,PL · Kraków,Operations,L1,B,F,1.0,17850,20000,17581.1795,18287.8798,21031.0617,23774.2437,0.8925,0.8487,-0.0798,Below,437.8798,0.0
E00202,DE,DE · Munich,Tech,L1,A,F,1.0,36950,47500,63763.1933,38675.4938,44476.8179,50278.142,0.7779,0.8308,-0.1487,Below,1725.4938,0.0
E00203,DE,DE · Munich,Sales,L1,A,M,0.8,43900,39900,63763.1933,38675.4938,44476.8179,50278.142,1.1003,0.987,0.4503,Within,0.0,0.0
E00205,IT,IT · Milan,Operations,L2,C,M,1.0,31800,30900,32970.682,29850.9357,34328.5761,38806.2164,1.0291,0.9263,0.2176,Within,0.0,0.0
E00206,PL,PL · Kraków,Customer Service,L1,B,F,1.0,20400,18900,22098.6552,18287.8798,21031.0617,23774.2437,1.0794,0.97,0.385,Within,0.0,0.0
E00208,DE,DE · Munich,Tech,L3,D,M,1.0,78550,76000,83423.91,56058.4593,67270.1512,78481.843,1.0336,1.1677,1.003,Above,0.0,68.157
E00209,DE,DE · Munich,Customer Service,L3,D,M,1.0,50200,54700,52281.637,56058.4593,67270.1512,78481.843,0.9177,0.7462,-0.2613,Below,5858.4593,0.0
E00212,ES,ES · Barcelona,Tech,L1,A,F,1.0,30350,31200,38450.926,23112.0694,26578.8798,30045.6902,0.9728,1.1419,1.0439,Above,0.0,304.3098
E00213,IT,IT · Milan,Tech,L5,F,M,1.0,101400,94200,119149.3884,64544.8739,80681.0924,96817.3109,1.0764,1.2568,1.142,Above,0.0,4582.6891
E00215,PL,PL · Kraków,HR,L1,A,M,1.0,19850,21000,22098.6552,16933.222,19473.2053,22013.1886,0.9452,1.0193,0.5742,Within,0.0,0.0
E00216,PL,PL · Kraków,Operations,L1,B,F,1.0,17850,20000,17581.1795,18287.8798,21031.0617,23774.2437,0.8925,0.8487,-0.0798,Below,437.8798,0.0
E00217,ES,ES · Barcelona,Customer Service,L1,B,M,1.0,22200,22500,30175.2075,24961.0349,28705.1901,32449.3454,0.9867,0.7734,-0.3687,Below,2761.0349,0.0
E00218,IT,IT · Milan,Operations,L5,F,F,1.0,80550,71600,119149.3884,64544.8739,80681.0924,96817.3109,1.125,0.9984,0.4959,Within,0.0,0.0
E00220,DE,DE · Munich,Operations,L3,D,M,0.8,64050,57800,47695.8157,56058.4593,67270.1512,78481.843,1.1081,0.9521,0.3564,Within,0.0,0.0
E00222,IT,IT · Milan,Tech,L2,B,M,1.0,42400,40600,44423.0257,27639.7553,31785.7186,35931.6819,1.0443,1.3339,1.7801,Above,0.0,6468.3181
E00223,ES,ES · Barcelona,Finance,L5,F,M,0.8,86350,79800,67142.552,58289.4759,72861.8449,87434.2139,1.0821,1.1851,0.9628,Within,0.0,0.0
E00224,IT,IT · Milan,Operations,L2,C,M,1.0,34350,30900,32970.682,29850.9357,34328.5761,38806.2164,1.1117,1.0006,0.5024,Within,0.0,0.0
E00226,DE,DE · Munich,Tech,L3,D,F,1.0,61400,76000,83423.91,56058.4593,67270.1512,78481.843,0.8079,0.9127,0.2382,Within,0.0,0.0
E00227,PL,PL · Kraków,Tech,L4,E,M,1.0,61850,55100,34034.3671,32212.9392,38655.527,45098.1148,1.1225,1.6,2.3001,Above,0.0,16751.8852
E00228,IT,IT · Milan,Customer Service,L1,B,M,1.0,24250,23400,35427.3211,27639.7553,31785.7186,35931.6819,1.0363,0.7629,-0.4088,Below,3389.7553,0.0
E00229,IT,IT · Milan,Tech,L2,B,M,1.0,45300,40600,44423.0257,27639.7553,31785.7186,35931.6819,1.1158,1.4252,2.1298,Above,0.0,9368.3181
E00230,PL,PL · Kraków,Customer Service,L1,B,F,0.8,16700,18900,22098.6552,18287.8798,21031.0617,23774.2437,0.8836,0.7941,-0.2894,Below,1270.3038,0.0
E00231,PL,PL · Kraków,Customer Service,L3,D,F,1.0,30200,30200,22098.6552,24543.9746,29452.7695,34361.5644,1.0,1.0254,0.5761,Within,0.0,0.0
E00232,PL,PL · Kraków,Operations,L1,B,F,1.0,17200,20000,17581.1795,18287.8798,21031.0617,23774.2437,0.86,0.8178,-0.1983,Below,1087.8798,0.0
E00233,ES,ES · Barcelona,Operations,L2,C,F,1.0,24750,29700,30735.5619,26957.9177,31001.6053,35045.293,0.8333,0.7983,-0.273,Below,2207.9177,0.0
E00234,PL,PL · Kraków,Operations,L4,E,M,1.0,46200,41900,28111.3077,32212.9392,38655.527,45098.1148,1.1026,1.1952,1.0855,Above,0.0,1101.8852
E00235,IT,IT · Milan,Finance,L2,B,F,1.0,35750,35800,44423.0257,27639.7553,31785.7186,35931.6819,0.9986,1.1247,0.9781,Within,0.0,0.0
E00236,PL,PL · Kraków,Tech,L3,D,M,1.0,42150,42000,34034.3671,24543.9746,29452.7695,34361.5644,1.0036,1.4311,1.7933,Above,0.0,7788.4356
E00237,DE,DE · Munich,Sales,L2,C,M,1.0,40950,49900,63763.1933,45111.096,51877.7604,58644.4248,0.8206,0.7894,-0.3075,Below,4161.096,0.0
E00238,IT,IT · Milan,Customer Service,L2,C,M,1.0,29550,29200,35427.3211,29850.9357,34328.5761,38806.2164,1.012,0.8608,-0.0336,Below,300.9357,0.0
E00240,DE,DE · Munich,Finance,L2,B,M,1.0,59850,52300,63763.1933,41769.5333,48034.9633,54300.3934,1.1444,1.246,1.4429,Above,0.0,5549.6066
E00241,ES,ES · Barcelona,Sales,L5,F,M,1.0,83550,76100,67142.552,58289.4759,72861.8449,87434.2139,1.0979,1.1467,0.8667,Within,0.0,0.0
E00242,PL,PL · Kraków,Sales,L1,A,M,1.0,22900,22000,28111.3077,16933.222,19473.2053,22013.1886,1.0409,1.176,1.1746,Above,0.0,886.8114
E00243,ES,ES · Barcelona,Customer Service,L5,F,M,1.0,71500,65200,67142.552,58289.4759,72861.8449,87434.2139,1.0966,0.9813,0.4533,Within,0.0,0.0
E00245,DE,DE · Munich,Operations,L2,C,F,1.0,47700,45100,47695.8157,45111.096,51877.7604,58644.4248,1.0576,0.9195,0.1913,Within,0.0,0.0
E00246,IT,IT · Milan,Customer Service,L5,F,F,1.0,70900,67900,119149.3884,64544.8739,80681.0924,96817.3109,1.0442,0.8788,0.1969,Within,0.0,0.0
E00247,IT,IT · Milan,Operations,L2,C,F,0.8,31850,30900,32970.682,29850.9357,34328.5761,38806.2164,1.0307,0.9278,0.2232,Within,0.0,0.0
E00248,IT,IT · Milan,Customer Service,L1,B,F,1.0,25550,23400,35427.3211,27639.7553,31785.7186,35931.6819,1.0919,0.8038,-0.252,Below,2089.7553,0.0
E00252,ES,ES · Barcelona,Operations,L1,B,M,1.0,24500,23800,23130.047,24961.0349,28705.1901,32449.3454,1.0294,0.8535,-0.0616,Below,461.0349,0.0
E00254,PL,PL · Kraków,Sales,L1,A,F,1.0,22250,22000,28111.3077,16933.222,19473.2053,22013.1886,1.0114,1.1426,1.0466,Above,0.0,236.8114
E00255,PL,PL · Kraków,Customer Service,L3,D,F,1.0,28800,30200,22098.6552,24543.9746,29452.7695,34361.5644,0.9536,0.9778,0.4335,Within,0.0,0.0
E00258,IT,IT · Milan,Operations,L1,B,M,1.0,25400,24700,26363.3765,27639.7553,31785.7186,35931.6819,1.0283,0.7991,-0.2701,Below,2239.7553,0.0
E00259,DE,DE · Munich,Sales,L2,C,F,1.0,47900,49900,63763.1933,45111.096,51877.7604,58644.4248,0.9599,0.9233,0.2061,Within,0.0,0.0
E00260,IT,IT · Milan,Customer Service,L4,E,M,1.0,50600,49100,44423.0257,48685.6742,58422.809,68159.9438,1.0305,0.8661,0.0983,Within,0.0,0.0
E00261,PL,PL · Kraków,Operations,L2,C,M,1.0,23050,24900,23500.5671,19750.9101,22713.5467,25676.1832,0.9257,1.0148,0.5568,Within,0.0,0.0
E00262,PL,PL · Kraków,Sales,L2,C,M,1.0,29800,27600,28111.3077,19750.9101,22713.5467,25676.1832,1.0797,1.312,1.696,Above,0.0,4123.8168
E00264,ES,ES · Barcelona,Customer Service,L2,C,F,1.0,26100,28100,30175.2075,26957.9177,31001.6053,35045.293,0.9288,0.8419,-0.1061,Below,857.9177,0.0
E00265,PL,PL · Kraków,Tech,L2,B,M,1.0,31800,32800,28111.3077,18287.8798,21031.0617,23774.2437,0.9695,1.512,2.4629,Above,0.0,8025.7563
E00267,DE,DE · Munich,Operations,L3,D,M,1.0,63200,57800,47695.8157,56058.4593,67270.1512,78481.843,1.0934,0.9395,0.3185,Within,0.0,0.0
E00269,PL,PL · Kraków,Tech,L5,F,F,1.0,64450,76100,50412.649,42706.1992,53382.7489,64059.2987,0.8469,1.2073,1.0183,Above,0.0,390.7013
E00270,PL,PL · Kraków,Operations,L4,E,M,1.0,38500,41900,28111.3077,32212.9392,38655.527,45098.1148,0.9189,0.996,0.4879,Within,0.0,0.0
E00271,IT,IT · Milan,Tech,L3,D,F,1.0,57650,52000,45051.5517,37095.0301,44514.0361,51933.0421,1.1087,1.2951,1.3853,Above,0.0,5716.9579
E00272,PL,PL · Kraków,Customer Service,L2,C,M,1.0,22600,23600,22098.6552,19750.9101,22713.5467,25676.1832,0.9576,0.995,0.4808,Within,0.0,0.0
E00274,IT,IT · Milan,Operations,L4,E,M,1.0,51100,51900,44423.0257,48685.6742,58422.809,68159.9438,0.9846,0.8747,0.124,Within,0.0,0.0
E00275,PL,PL · Kraków,Sales,L2,C,F,1.0,26500,27600,28111.3077,19750.9101,22713.5467,25676.1832,0.9601,1.1667,1.139,Above,0.0,823.8168
E00276,IT,IT · Milan,Customer Service,L2,C,M,1.0,31550,29200,35427.3211,29850.9357,34328.5761,38806.2164,1.0805,0.9191,0.1897,Within,0.0,0.0
E00277,ES,ES · Barcelona,Operations,L3,D,M,1.0,39150,38000,30735.5619,33499.9471,40199.9366,46899.926,1.0303,0.9739,0.4216,Within,0.0,0.0
E00278,PL,PL · Kraków,Operations,L3,D,F,1.0,34850,31900,23500.5671,24543.9746,29452.7695,34361.5644,1.0925,1.1833,1.0498,Above,0.0,488.4356
E00279,DE,DE · Munich,Operations,L3,D,M,1.0,57550,57800,47695.8157,56058.4593,67270.1512,78481.843,0.9957,0.8555,0.0665,Within,0.0,0.0
E00280,PL,PL · Kraków,Sales,L2,C,F,1.0,27300,27600,28111.3077,19750.9101,22713.5467,25676.1832,0.9891,1.2019,1.274,Above,0.0,1623.8168
E00281,ES,ES · Barcelona,HR,L2,B,M,1.0,30900,31200,38450.926,24961.0349,28705.1901,32449.3454,0.9904,1.0765,0.7931,Within,0.0,0.0
E00283,DE,DE · Munich,Customer Service,L1,B,F,1.0,37350,34200,52281.637,41769.5333,48034.9633,54300.3934,1.0921,0.7776,-0.3527,Below,4419.5333,0.0
E00284,DE,DE · Munich,Tech,L2,B,M,1.0,54000,59400,63763.1933,41769.5333,48034.9633,54300.3934,0.9091,1.1242,0.976,Within,0.0,0.0
E00285,PL,PL · Kraków,Finance,L3,D,F,1.0,31850,37000,34034.3671,24543.9746,29452.7695,34361.5644,0.8608,1.0814,0.7442,Within,0.0,0.0
E00287,PL,PL · Kraków,Sales,L2,C,M,1.0,31550,27600,28111.3077,19750.9101,22713.5467,25676.1832,1.1431,1.389,1.9913,Above,0.0,5873.8168
E00288,ES,ES · Barcelona,Customer Service,L1,B,M,1.0,24150,22500,30175.2075,24961.0349,28705.1901,32449.3454,1.0733,0.8413,-0.1083,Below,811.0349,0.0
E00289,PL,PL · Kraków,Customer Service,L2,C,M,1.0,24950,23600,22098.6552,19750.9101,22713.5467,25676.1832,1.0572,1.0985,0.8774,Within,0.0,0.0
E00291,IT,IT · Milan,Finance,L2,B,F,1.0,29000,35800,44423.0257,27639.7553,31785.7186,35931.6819,0.8101,0.9124,0.164,Within,0.0,0.0
E00292,PL,PL · Kraków,HR,L2,B,F,1.0,22100,26200,28111.3077,18287.8798,21031.0617,23774.2437,0.8435,1.0508,0.6948,Within,0.0,0.0
E00293,IT,IT · Milan,Tech,L2,B,F,1.0,42200,40600,44423.0257,27639.7553,31785.7186,35931.6819,1.0394,1.3276,1.756,Above,0.0,6268.3181
E00294,PL,PL · Kraków,Customer Service,L1,B,F,1.0,16850,18900,22098.6552,18287.8798,21031.0617,23774.2437,0.8915,0.8012,-0.2621,Below,1437.8798,0.0
E00295,IT,IT · Milan,Sales,L2,C,M,1.0,31500,34100,44423.0257,29850.9357,34328.5761,38806.2164,0.9238,0.9176,0.1841,Within,0.0,0.0
E00297,ES,ES · Barcelona,Operations,L1,B,F,1.0,23500,23800,23130.047,24961.0349,28705.1901,32449.3454,0.9874,0.8187,-0.1951,Below,1461.0349,0.0
E00298,DE,DE · Munich,Operations,L1,B,M,1.0,36250,36100,36701.684,41769.5333,48034.9633,54300.3934,1.0042,0.7547,-0.4405,Below,5519.5333,0.0
E00300,IT,IT · Milan,Tech,L2,B,F,1.0,37950,40600,44423.0257,27639.7553,31785.7186,35931.6819,0.9347,1.1939,1.2434,Above,0.0,2018.3181
E00301,IT,IT · Milan,Sales,L4,E,F,1.0,47700,57300,44423.0257,48685.6742,58422.809,68159.9438,0.8325,0.8165,-0.0506,Below,985.6742,0.0
E00302,PL,PL · Kraków,Finance,L2,B,M,1.0,30300,28900,28111.3077,18287.8798,21031.0617,23774.2437,1.0484,1.4407,2.1895,Above,0.0,6525.7563
E00303,DE,DE · Munich,Sales,L2,C,M,1.0,54550,49900,63763.1933,45111.096,51877.7604,58644.4248,1.0932,1.0515,0.6975,Within,0.0,0.0
E00304,PL,PL · Kraków,Operations,L3,D,F,1.0,32500,31900,23500.5671,24543.9746,29452.7695,34361.5644,1.0188,1.1035,0.8104,Within,0.0,0.0
E00305,DE,DE · Munich,Operations,L2,C,M,1.0,41950,45100,47695.8157,45111.096,51877.7604,58644.4248,0.9302,0.8086,-0.2336,Below,3161.096,0.0
E00306,PL,PL · Kraków,Tech,L5,F,M,1.0,73950,76100,50412.649,42706.1992,53382.7489,64059.2987,0.9717,1.3853,1.4632,Above,0.0,9890.7013
E00307,ES,ES · Barcelona,Customer Service,L2,C,F,1.0,29550,28100,30175.2075,26957.9177,31001.6053,35045.293,1.0516,0.9532,0.3205,Within,0.0,0.0
E00308,ES,ES · Barcelona,Tech,L1,A,F,1.0,27600,31200,38450.926,23112.0694,26578.8798,30045.6902,0.8846,1.0384,0.6473,Within,0.0,0.0
E00309,PL,PL · Kraków,Operations,L4,E,M,1.0,38000,41900,28111.3077,32212.9392,38655.527,45098.1148,0.9069,0.983,0.4491,Within,0.0,0.0
E00310,PL,PL · Kraków,Sales,L1,A,M,1.0,22400,22000,28111.3077,16933.222,19473.2053,22013.1886,1.0182,1.1503,1.0761,Above,0.0,386.8114
E00311,PL,PL · Kraków,Finance,L2,B,F,1.0,32150,28900,28111.3077,18287.8798,21031.0617,23774.2437,1.1125,1.5287,2.5266,Above,0.0,8375.7563
E00312,IT,IT · Milan,Operations,L1,B,F,1.0,25050,24700,26363.3765,27639.7553,31785.7186,35931.6819,1.0142,0.7881,-0.3123,Below,2589.7553,0.0
E00313,PL,PL · Kraków,Finance,L3,D,M,1.0,37000,37000,34034.3671,24543.9746,29452.7695,34361.5644,1.0,1.2562,1.2687,Above,0.0,2638.4356
E00314,ES,ES · Barcelona,Sales,L1,A,F,1.0,27000,26200,38450.926,23112.0694,26578.8798,30045.6902,1.0305,1.0158,0.5607,Within,0.0,0.0
E00315,DE,DE · Munich,Operations,L2,C,M,1.0,36650,45100,47695.8157,45111.096,51877.7604,58644.4248,0.8126,0.7065,-0.6252,Below,8461.096,0.0
E00316,PL,PL · Kraków,Customer Service,L1,B,M,1.0,16600,18900,22098.6552,18287.8798,21031.0617,23774.2437,0.8783,0.7893,-0.3076,Below,1687.8798,0.0
E00318,ES,ES · Barcelona,Tech,L5,F,M,1.0,97200,90600,67142.552,58289.4759,72861.8449,87434.2139,1.0728,1.334,1.3351,Above,0.0,9765.7861
E00319,IT,IT · Milan,Operations,L6,G,M,1.0,96750,98800,119149.3884,86057.7477,111875.072,137692.3963,0.9793,0.8648,0.2071,Within,0.0,0.0
E00321,PL,PL · Kraków,Finance,L4,E,M,1.0,50550,48500,34034.3671,32212.9392,38655.527,45098.1148,1.0423,1.3077,1.4231,Above,0.0,5451.8852
E00322,ES,ES · Barcelona,Customer Service,L2,C,M,0.8,27250,28100,30175.2075,26957.9177,31001.6053,35045.293,0.9698,0.879,0.0361,Within,0.0,0.0
E00323,IT,IT · Milan,HR,L1,A,F,1.0,24150,26000,35427.3211,25592.366,29431.2209,33270.0758,0.9288,0.8206,-0.1879,Below,1442.366,0.0
E00324,DE,DE · Munich,Operations,L3,D,M,1.0,59900,57800,47695.8157,56058.4593,67270.1512,78481.843,1.0363,0.8904,0.1713,Within,0.0,0.0
E00325,DE,DE · Munich,Operations,L1,B,M,1.0,36450,36100,36701.684,41769.5333,48034.9633,54300.3934,1.0097,0.7588,-0.4245,Below,5319.5333,0.0
E00326,PL,PL · Kraków,HR,L1,A,F,1.0,20500,21000,22098.6552,16933.222,19473.2053,22013.1886,0.9762,1.0527,0.7021,Within,0.0,0.0
E00327,IT,IT · Milan,Operations,L1,B,F,0.8,19000,24700,26363.3765,27639.7553,31785.7186,35931.6819,0.7692,0.5978,-1.0419,Below,6911.8042,0.0
E00328,IT,IT · Milan,Operations,L5,F,M,1.0,90450,71600,119149.3884,64544.8739,80681.0924,96817.3109,1.2633,1.1211,0.8027,Within,0.0,0.0
E00329,IT,IT · Milan,Customer Service,L1,B,M,1.0,24850,23400,35427.3211,27639.7553,31785.7186,35931.6819,1.062,0.7818,-0.3364,Below,2789.7553,0.0
E00331,ES,ES · Barcelona,Customer Service,L3,D,F,1.0,36600,36000,30175.2075,33499.9471,40199.9366,46899.926,1.0167,0.9104,0.2313,Within,0.0,0.0
E00335,IT,IT · Milan,Operations,L3,D,M,0.8,44000,39500,32970.682,37095.0301,44514.0361,51933.0421,1.1139,0.9885,0.4654,Within,0.0,0.0
E00336,PL,PL · Kraków,Customer Service,L5,F,M,0.8,65700,54800,50412.649,42706.1992,53382.7489,64059.2987,1.1989,1.2307,1.0768,Above,0.0,1312.561
E00337,PL,PL · Kraków,Tech,L3,D,M,1.0,45950,42000,34034.3671,24543.9746,29452.7695,34361.5644,1.094,1.5601,2.1804,Above,0.0,11588.4356
E00338,DE,DE · Munich,Customer Service,L1,B,F,1.0,33450,34200,52281.637,41769.5333,48034.9633,54300.3934,0.9781,0.6964,-0.6639,Below,8319.5333,0.0
E00340,PL,PL · Kraków,Operations,L3,D,F,1.0,28600,31900,23500.5671,24543.9746,29452.7695,34361.5644,0.8966,0.971,0.4131,Within,0.0,0.0
E00342,DE,DE · Munich,Customer Service,L1,B,F,1.0,36750,34200,52281.637,41769.5333,48034.9633,54300.3934,1.0746,0.7651,-0.4006,Below,5019.5333,0.0
E00343,DE,DE · Munich,HR,L5,F,F,1.0,101000,110200,123043.8439,97540.9961,121926.2452,146311.4942,0.9165,0.8284,0.0709,Within,0.0,0.0
E00345,IT,IT · Milan,Finance,L3,D,M,1.0,41450,45800,45051.5517,37095.0301,44514.0361,51933.0421,0.905,0.9312,0.2935,Within,0.0,0.0
E00346,PL,PL · Kraków,HR,L4,E,F,1.0,51100,44100,34034.3671,32212.9392,38655.527,45098.1148,1.1587,1.3219,1.4658,Above,0.0,6001.8852
E00347,ES,ES · Barcelona,HR,L1,A,M,1.0,27050,25000,30175.2075,23112.0694,26578.8798,30045.6902,1.082,1.0177,0.5679,Within,0.0,0.0
E00349,IT,IT · Milan,HR,L1,A,M,1.0,21300,26000,35427.3211,25592.366,29431.2209,33270.0758,0.8192,0.7237,-0.5591,Below,4292.366,0.0
E00350,DE,DE · Munich,Operations,L1,B,F,1.0,35100,36100,36701.684,41769.5333,48034.9633,54300.3934,0.9723,0.7307,-0.5322,Below,6669.5333,0.0
E00351,DE,DE · Munich,Tech,L2,B,M,1.0,63350,59400,63763.1933,41769.5333,48034.9633,54300.3934,1.0665,1.3188,1.7222,Above,0.0,9049.6066
E00352,DE,DE · Munich,Sales,L2,C,M,1.0,49300,49900,63763.1933,45111.096,51877.7604,58644.4248,0.988,0.9503,0.3095,Within,0.0,0.0
E00353,ES,ES · Barcelona,Tech,L3,D,F,1.0,55200,50000,49137.1558,33499.9471,40199.9366,46899.926,1.104,1.3731,1.6194,Above,0.0,8300.074
E00354,IT,IT · Milan,Operations,L2,C,F,1.0,29100,30900,32970.682,29850.9357,34328.5761,38806.2164,0.9417,0.8477,-0.0839,Below,750.9357,0.0
E00355,IT,IT · Milan,Operations,L1,B,M,1.0,22550,24700,26363.3765,27639.7553,31785.7186,35931.6819,0.913,0.7094,-0.6138,Below,5089.7553,0.0
E00356,ES,ES · Barcelona,Customer Service,L3,D,F,1.0,37050,36000,30175.2075,33499.9471,40199.9366,46899.926,1.0292,0.9216,0.2649,Within,0.0,0.0
E00358,PL,PL · Kraków,Customer Service,L4,E,F,1.0,36550,39700,28111.3077,32212.9392,38655.527,45098.1148,0.9207,0.9455,0.3366,Within,0.0,0.0
E00359,ES,ES · Barcelona,Sales,L4,E,F,1.0,53000,55100,38450.926,43967.2783,52760.7339,61554.1896,0.9619,1.0045,0.5136,Within,0.0,0.0
E00360,DE,DE · Munich,Operations,L2,C,M,0.8,45800,45100,47695.8157,45111.096,51877.7604,58644.4248,1.0155,0.8828,0.0509,Within,0.0,0.0
E00361,IT,IT · Milan,Tech,L2,B,F,1.0,34900,40600,44423.0257,27639.7553,31785.7186,35931.6819,0.8596,1.098,0.8756,Within,0.0,0.0
E00362,IT,IT · Milan,Operations,L5,F,M,1.0,77900,71600,119149.3884,64544.8739,80681.0924,96817.3109,1.088,0.9655,0.4138,Within,0.0,0.0
E00363,PL,PL · Kraków,Operations,L2,C,M,1.0,22550,24900,23500.5671,19750.9101,22713.5467,25676.1832,0.9056,0.9928,0.4724,Within,0.0,0.0
E00364,IT,IT · Milan,Finance,L2,B,F,0.8,36600,35800,44423.0257,27639.7553,31785.7186,35931.6819,1.0223,1.1515,1.0806,Above,0.0,534.6545
E00365,DE,DE · Munich,Operations,L2,C,F,1.0,42900,45100,47695.8157,45111.096,51877.7604,58644.4248,0.9512,0.8269,-0.1634,Below,2211.096,0.0
E00367,IT,IT · Milan,Tech,L2,B,F,1.0,35350,40600,44423.0257,27639.7553,31785.7186,35931.6819,0.8707,1.1121,0.9298,Within,0.0,0.0
E00368,ES,ES · Barcelona,Tech,L1,A,M,1.0,29150,31200,38450.926,23112.0694,26578.8798,30045.6902,0.9343,1.0967,0.8708,Within,0.0,0.0
E00369,PL,PL · Kraków,Operations,L2,C,M,1.0,23950,24900,23500.5671,19750.9101,22713.5467,25676.1832,0.9618,1.0544,0.7087,Within,0.0,0.0
E00371,ES,ES · Barcelona,Operations,L2,C,M,1.0,31050,29700,30735.5619,26957.9177,31001.6053,35045.293,1.0455,1.0016,0.506,Within,0.0,0.0
E00372,PL,PL · Kraków,Sales,L2,C,M,1.0,29050,27600,28111.3077,19750.9101,22713.5467,25676.1832,1.0525,1.279,1.5694,Above,0.0,3373.8168
E00373,PL,PL · Kraków,Operations,L3,D,M,1.0,34600,31900,23500.5671,24543.9746,29452.7695,34361.5644,1.0846,1.1748,1.0243,Above,0.0,238.4356
E00374,DE,DE · Munich,Customer Service,L2,C,M,1.0,38750,42800,52281.637,45111.096,51877.7604,58644.4248,0.9054,0.7469,-0.47,Below,6361.096,0.0
E00375,IT,IT · Milan,Customer Service,L4,E,M,1.0,47350,49100,44423.0257,48685.6742,58422.809,68159.9438,0.9644,0.8105,-0.0686,Below,1335.6742,0.0
E00376,IT,IT · Milan,Customer Service,L2,C,F,1.0,29250,29200,35427.3211,29850.9357,34328.5761,38806.2164,1.0017,0.8521,-0.0671,Below,600.9357,0.0
E00377,IT,IT · Milan,Customer Service,L2,C,M,1.0,33200,29200,35427.3211,29850.9357,34328.5761,38806.2164,1.137,0.9671,0.374,Within,0.0,0.0
E00378,IT,IT · Milan,Operations,L2,C,F,1.0,29400,30900,32970.682,29850.9357,34328.5761,38806.2164,0.9515,0.8564,-0.0504,Below,450.9357,0.0
E00379,IT,IT · Milan,Customer Service,L2,C,M,1.0,25300,29200,35427.3211,29850.9357,34328.5761,38806.2164,0.8664,0.737,-0.5082,Below,4550.9357,0.0
E00380,PL,PL · Kraków,Customer Service,L1,B,M,1.0,20500,18900,22098.6552,18287.8798,21031.0617,23774.2437,1.0847,0.9747,0.4032,Within,0.0,0.0
E00382,DE,DE · Munich,Customer Service,L2,C,F,1.0,41450,42800,52281.637,45111.096,51877.7604,58644.4248,0.9685,0.799,-0.2705,Below,3661.096,0.0
E00384,IT,IT · Milan,Finance,L3,D,M,1.0,42050,45800,45051.5517,37095.0301,44514.0361,51933.0421,0.9181,0.9446,0.3339,Within,0.0,0.0
E00385,IT,IT · Milan,Sales,L1,A,F,1.0,25100,27300,44423.0257,25592.366,29431.2209,33270.0758,0.9194,0.8528,-0.0641,Below,492.366,0.0
E00386,DE,DE · Munich,Tech,L4,E,F,1.0,98950,99800,83423.91,73574.3812,88289.2574,103004.1336,0.9915,1.1207,0.8622,Within,0.0,0.0
E00388,IT,IT · Milan,HR,L4,E,F,1.0,45900,54600,45051.5517,48685.6742,58422.809,68159.9438,0.8407,0.7857,-0.143,Below,2785.6742,0.0
E00389,IT,IT · Milan,Operations,L1,B,F,1.0,20200,24700,26363.3765,27639.7553,31785.7186,35931.6819,0.8178,0.6355,-0.8972,Below,7439.7553,0.0
E00390,IT,IT · Milan,Operations,L3,D,M,1.0,39800,39500,32970.682,37095.0301,44514.0361,51933.0421,1.0076,0.8941,0.1823,Within,0.0,0.0
E00391,PL,PL · Kraków,Customer Service,L3,D,M,1.0,29250,30200,22098.6552,24543.9746,29452.7695,34361.5644,0.9685,0.9931,0.4793,Within,0.0,0.0
E00392,DE,DE · Munich,Operations,L4,E,F,1.0,67700,75800,63763.1933,73574.3812,88289.2574,103004.1336,0.8931,0.7668,-0.1996,Below,5874.3812,0.0
E00394,IT,IT · Milan,Operations,L1,B,F,1.0,27150,24700,26363.3765,27639.7553,31785.7186,35931.6819,1.0992,0.8542,-0.0591,Below,489.7553,0.0
E00396,DE,DE · Munich,HR,L4,E,M,0.8,78000,79800,83423.91,73574.3812,88289.2574,103004.1336,0.9774,0.8835,0.1504,Within,0.0,0.0
E00397,IT,IT · Milan,Customer Service,L2,C,F,1.0,24350,29200,35427.3211,29850.9357,34328.5761,38806.2164,0.8339,0.7093,-0.6143,Below,5500.9357,0.0
E00398,PL,PL · Kraków,HR,L1,A,F,1.0,23500,21000,22098.6552,16933.222,19473.2053,22013.1886,1.119,1.2068,1.2927,Above,0.0,1486.8114
E00399,PL,PL · Kraków,Customer Service,L4,E,M,1.0,40000,39700,28111.3077,32212.9392,38655.527,45098.1148,1.0076,1.0348,0.6043,Within,0.0,0.0
E00400,ES,ES · Barcelona,Tech,L1,A,F,1.0,30750,31200,38450.926,23112.0694,26578.8798,30045.6902,0.9856,1.1569,1.1016,Above,0.0,704.3098
E00401,IT,IT · Milan,Operations,L3,D,M,1.0,38250,39500,32970.682,37095.0301,44514.0361,51933.0421,0.9684,0.8593,0.0778,Within,0.0,0.0
E00402,PL,PL · Kraków,Customer Service,L2,C,M,1.0,22800,23600,22098.6552,19750.9101,22713.5467,25676.1832,0.9661,1.0038,0.5146,Within,0.0,0.0
E00403,PL,PL · Kraków,Sales,L3,D,M,1.0,33300,35300,28111.3077,24543.9746,29452.7695,34361.5644,0.9433,1.1306,0.8919,Within,0.0,0.0
E00404,PL,PL · Kraków,Customer Service,L2,C,M,1.0,27450,23600,22098.6552,19750.9101,22713.5467,25676.1832,1.1631,1.2085,1.2994,Above,0.0,1773.8168
E00405,PL,PL · Kraków,Operations,L2,C,M,1.0,25150,24900,23500.5671,19750.9101,22713.5467,25676.1832,1.01,1.1073,0.9112,Within,0.0,0.0
E00406,PL,PL · Kraków,Customer Service,L4,E,M,1.0,38450,39700,28111.3077,32212.9392,38655.527,45098.1148,0.9685,0.9947,0.484,Within,0.0,0.0
E00407,DE,DE · Munich,Operations,L6,G,M,1.0,141300,144400,123043.8439,130051.5118,169066.9654,208082.4189,0.9785,0.8358,0.1442,Within,0.0,0.0
E00408,PL,PL · Kraków,Customer Service,L3,D,F,1.0,29700,30200,22098.6552,24543.9746,29452.7695,34361.5644,0.9834,1.0084,0.5252,Within,0.0,0.0
E00409,PL,PL · Kraków,Operations,L2,C,M,1.0,25550,24900,23500.5671,19750.9101,22713.5467,25676.1832,1.0261,1.1249,0.9787,Within,0.0,0.0
E00410,PL,PL · Kraków,HR,L1,A,M,1.0,20900,21000,22098.6552,16933.222,19473.2053,22013.1886,0.9952,1.0733,0.7809,Within,0.0,0.0
E00411,ES,ES · Barcelona,Customer Service,L4,E,M,1.0,44150,47200,38450.926,43967.2783,52760.7339,61554.1896,0.9354,0.8368,0.0104,Within,0.0,0.0
E00412,DE,DE · Munich,Tech,L1,A,M,1.0,48050,47500,63763.1933,38675.4938,44476.8179,50278.142,1.0116,1.0803,0.808,Within,0.0,0.0
E00413,DE,DE · Munich,Sales,L3,D,F,1.0,50750,63800,63763.1933,56058.4593,67270.1512,78481.843,0.7955,0.7544,-0.2367,Below,5308.4593,0.0
E00414,IT,IT · Milan,Finance,L4,E,M,1.0,58300,60100,45051.5517,48685.6742,58422.809,68159.9438,0.97,0.9979,0.4937,Within,0.0,0.0
E00415,IT,IT · Milan,Customer Service,L1,B,F,1.0,22800,23400,35427.3211,27639.7553,31785.7186,35931.6819,0.9744,0.7173,-0.5837,Below,4839.7553,0.0
E00416,ES,ES · Barcelona,Finance,L1,A,F,1.0,28500,27500,30175.2075,23112.0694,26578.8798,30045.6902,1.0364,1.0723,0.7771,Within,0.0,0.0
E00417,IT,IT · Milan,HR,L3,D,F,1.0,44250,41600,45051.5517,37095.0301,44514.0361,51933.0421,1.0637,0.9941,0.4822,Within,0.0,0.0
E00418,ES,ES · Barcelona,Tech,L1,A,M,1.0,32150,31200,38450.926,23112.0694,26578.8798,30045.6902,1.0304,1.2096,1.3035,Above,0.0,2104.3098
E00419,IT,IT · Milan,Sales,L3,D,F,1.0,42300,43700,44423.0257,37095.0301,44514.0361,51933.0421,0.968,0.9503,0.3508,Within,0.0,0.0
E00421,IT,IT · Milan,Finance,L3,D,M,1.0,52850,45800,45051.5517,37095.0301,44514.0361,51933.0421,1.1539,1.1873,1.0618,Above,0.0,916.9579
E00422,ES,ES · Barcelona,Operations,L1,B,F,1.0,20250,23800,23130.047,24961.0349,28705.1901,32449.3454,0.8508,0.7054,-0.6291,Below,4711.0349,0.0
E00423,IT,IT · Milan,HR,L3,D,F,1.0,35500,41600,45051.5517,37095.0301,44514.0361,51933.0421,0.8534,0.7975,-0.1075,Below,1595.0301,0.0
E00424,PL,PL · Kraków,Sales,L1,A,M,1.0,19150,22000,28111.3077,16933.222,19473.2053,22013.1886,0.8705,0.9834,0.4364,Within,0.0,0.0
E00425,IT,IT · Milan,Operations,L2,C,F,1.0,29400,30900,32970.682,29850.9357,34328.5761,38806.2164,0.9515,0.8564,-0.0504,Below,450.9357,0.0
E00428,PL,PL · Kraków,Customer Service,L3,D,M,1.0,31950,30200,22098.6552,24543.9746,29452.7695,34361.5644,1.0579,1.0848,0.7544,Within,0.0,0.0
E00429,IT,IT · Milan,Operations,L3,D,F,0.8,39350,39500,32970.682,37095.0301,44514.0361,51933.0421,0.9962,0.884,0.152,Within,0.0,0.0
E00430,PL,PL · Kraków,Operations,L5,F,M,1.0,58350,57900,50412.649,42706.1992,53382.7489,64059.2987,1.0078,1.093,0.7326,Within,0.0,0.0
E00432,DE,DE · Munich,Customer Service,L1,B,F,1.0,32200,34200,52281.637,41769.5333,48034.9633,54300.3934,0.9415,0.6703,-0.7637,Below,9569.5333,0.0
E00433,PL,PL · Kraków,Customer Service,L2,C,M,1.0,25700,23600,22098.6552,19750.9101,22713.5467,25676.1832,1.089,1.1315,1.004,Above,0.0,23.8168
E00435,IT,IT · Milan,Operations,L2,C,M,1.0,29150,30900,32970.682,29850.9357,34328.5761,38806.2164,0.9434,0.8491,-0.0783,Below,700.9357,0.0
E00437,IT,IT · Milan,Operations,L5,F,M,1.0,69000,71600,119149.3884,64544.8739,80681.0924,96817.3109,0.9637,0.8552,0.138,Within,0.0,0.0
E00438,PL,PL · Kraków,Customer Service,L1,B,F,1.0,16800,18900,22098.6552,18287.8798,21031.0617,23774.2437,0.8889,0.7988,-0.2712,Below,1487.8798,0.0
E00439,PL,PL · Kraków,Tech,L4,E,M,1.0,56400,55100,34034.3671,32212.9392,38655.527,45098.1148,1.0236,1.459,1.8771,Above,0.0,11301.8852
E00440,ES,ES · Barcelona,Sales,L2,C,F,1.0,34700,32800,38450.926,26957.9177,31001.6053,35045.293,1.0579,1.1193,0.9573,Within,0.0,0.0
E00441,DE,DE · Munich,Operations,L2,C,M,1.0,50250,45100,47695.8157,45111.096,51877.7604,58644.4248,1.1142,0.9686,0.3797,Within,0.0,0.0
E00442,ES,ES · Barcelona,Operations,L3,D,M,1.0,36100,38000,30735.5619,33499.9471,40199.9366,46899.926,0.95,0.898,0.194,Within,0.0,0.0
E00443,ES,ES · Barcelona,Operations,L3,D,M,1.0,41650,38000,30735.5619,33499.9471,40199.9366,46899.926,1.0961,1.0361,0.6082,Within,0.0,0.0
E00445,PL,PL · Kraków,Sales,L2,C,M,1.0,23900,27600,28111.3077,19750.9101,22713.5467,25676.1832,0.8659,1.0522,0.7002,Within,0.0,0.0
E00446,IT,IT · Milan,Operations,L4,E,M,1.0,53950,51900,44423.0257,48685.6742,58422.809,68159.9438,1.0395,0.9234,0.2703,Within,0.0,0.0
E00447,DE,DE · Munich,Operations,L1,B,M,1.0,35250,36100,36701.684,41769.5333,48034.9633,54300.3934,0.9765,0.7338,-0.5203,Below,6519.5333,0.0
E00448,DE,DE · Munich,Customer Service,L2,C,M,1.0,43900,42800,52281.637,45111.096,51877.7604,58644.4248,1.0257,0.8462,-0.0895,Below,1211.096,0.0
E00449,PL,PL · Kraków,Operations,L2,C,F,1.0,25200,24900,23500.5671,19750.9101,22713.5467,25676.1832,1.012,1.1095,0.9196,Within,0.0,0.0
E00450,IT,IT · Milan,Customer Service,L1,B,F,1.0,23700,23400,35427.3211,27639.7553,31785.7186,35931.6819,1.0128,0.7456,-0.4751,Below,3939.7553,0.0
E00451,PL,PL · Kraków,Tech,L3,D,F,1.0,36350,42000,34034.3671,24543.9746,29452.7695,34361.5644,0.8655,1.2342,1.2025,Above,0.0,1988.4356
E00452,IT,IT · Milan,Tech,L1,A,M,1.0,34400,32500,44423.0257,25592.366,29431.2209,33270.0758,1.0585,1.1688,1.1472,Above,0.0,1129.9242
E00453,IT,IT · Milan,Operations,L1,B,M,1.0,19450,24700,26363.3765,27639.7553,31785.7186,35931.6819,0.7874,0.6119,-0.9877,Below,8189.7553,0.0
E00454,ES,ES · Barcelona,Finance,L1,A,M,0.8,26500,27500,30175.2075,23112.0694,26578.8798,30045.6902,0.9636,0.997,0.4886,Within,0.0,0.0
E00455,ES,ES · Barcelona,Operations,L2,C,M,1.0,27000,29700,30735.5619,26957.9177,31001.6053,35045.293,0.9091,0.8709,0.0052,Within,0.0,0.0
E00456,IT,IT · Milan,Customer Service,L5,F,M,1.0,79200,67900,119149.3884,64544.8739,80681.0924,96817.3109,1.1664,0.9816,0.4541,Within,0.0,0.0
E00458,IT,IT · Milan,Customer Service,L1,B,F,1.0,24600,23400,35427.3211,27639.7553,31785.7186,35931.6819,1.0513,0.7739,-0.3666,Below,3039.7553,0.0
E00459,ES,ES · Barcelona,Operations,L5,F,M,1.0,58650,68900,67142.552,58289.4759,72861.8449,87434.2139,0.8512,0.8049,0.0124,Within,0.0,0.0
E00460,PL,PL · Kraków,Customer Service,L3,D,F,1.0,30500,30200,22098.6552,24543.9746,29452.7695,34361.5644,1.0099,1.0356,0.6067,Within,0.0,0.0
E00461,PL,PL · Kraków,Operations,L3,D,F,1.0,32400,31900,23500.5671,24543.9746,29452.7695,34361.5644,1.0157,1.1001,0.8002,Within,0.0,0.0
E00464,ES,ES · Barcelona,Tech,L2,B,F,0.8,41700,39100,38450.926,24961.0349,28705.1901,32449.3454,1.0665,1.4527,2.2353,Above,0.0,7400.5237
E00465,IT,IT · Milan,Operations,L1,B,M,1.0,26700,24700,26363.3765,27639.7553,31785.7186,35931.6819,1.081,0.84,-0.1133,Below,939.7553,0.0
E00466,IT,IT · Milan,Customer Service,L3,D,F,1.0,40600,37400,35427.3211,37095.0301,44514.0361,51933.0421,1.0856,0.9121,0.2362,Within,0.0,0.0
E00467,DE,DE · Munich,Customer Service,L2,C,M,1.0,44000,42800,52281.637,45111.096,51877.7604,58644.4248,1.028,0.8481,-0.0821,Below,1111.096,0.0
E00468,ES,ES · Barcelona,HR,L4,E,M,1.0,48300,52500,49137.1558,43967.2783,52760.7339,61554.1896,0.92,0.9155,0.2464,Within,0.0,0.0
E00469,PL,PL · Kraków,HR,L3,D,F,1.0,34700,33600,34034.3671,24543.9746,29452.7695,34361.5644,1.0327,1.1782,1.0345,Above,0.0,338.4356
E00470,PL,PL · Kraków,Tech,L2,B,M,1.0,25550,32800,28111.3077,18287.8798,21031.0617,23774.2437,0.779,1.2149,1.3237,Above,0.0,1775.7563
E00471,IT,IT · Milan,Sales,L2,C,M,1.0,34200,34100,44423.0257,29850.9357,34328.5761,38806.2164,1.0029,0.9963,0.4856,Within,0.0,0.0
E00473,PL,PL · Kraków,Tech,L2,B,M,1.0,33150,32800,28111.3077,18287.8798,21031.0617,23774.2437,1.0107,1.5762,2.7089,Above,0.0,9375.7563
E00474,ES,ES · Barcelona,Tech,L1,A,F,1.0,29500,31200,38450.926,23112.0694,26578.8798,30045.6902,0.9455,1.1099,0.9213,Within,0.0,0.0
E00475,IT,IT · Milan,Operations,L2,C,F,1.0,27350,30900,32970.682,29850.9357,34328.5761,38806.2164,0.8851,0.7967,-0.2793,Below,2500.9357,0.0
E00476,DE,DE · Munich,Customer Service,L4,E,M,0.8,86000,71800,63763.1933,73574.3812,88289.2574,103004.1336,1.1978,0.9741,0.4222,Within,0.0,0.0
E00477,ES,ES · Barcelona,Customer Service,L2,C,F,1.0,28650,28100,30175.2075,26957.9177,31001.6053,35045.293,1.0196,0.9241,0.2092,Within,0.0,0.0
E00478,ES,ES · Barcelona,Sales,L2,C,F,1.0,28250,32800,38450.926,26957.9177,31001.6053,35045.293,0.8613,0.9112,0.1598,Within,0.0,0.0
E00479,DE,DE · Munich,Sales,L1,A,M,1.0,40000,39900,63763.1933,38675.4938,44476.8179,50278.142,1.0025,0.8993,0.1142,Within,0.0,0.0
E00480,DE,DE · Munich,Tech,L5,F,M,1.0,151350,137800,123043.8439,97540.9961,121926.2452,146311.4942,1.0983,1.2413,1.1033,Above,0.0,5038.5058
E00482,PL,PL · Kraków,Tech,L1,A,F,1.0,24300,26200,28111.3077,16933.222,19473.2053,22013.1886,0.9275,1.2479,1.4502,Above,0.0,2286.8114
E00483,DE,DE · Munich,Customer Service,L3,D,F,1.0,52950,54700,52281.637,56058.4593,67270.1512,78481.843,0.968,0.7871,-0.1386,Below,3108.4593,0.0
E00484,PL,PL · Kraków,Operations,L2,C,F,1.0,23600,24900,23500.5671,19750.9101,22713.5467,25676.1832,0.9478,1.039,0.6496,Within,0.0,0.0
E00485,PL,PL · Kraków,Operations,L3,D,M,1.0,22950,31900,23500.5671,24543.9746,29452.7695,34361.5644,0.7194,0.7792,-0.1624,Below,1593.9746,0.0
E00486,ES,ES · Barcelona,Operations,L1,B,F,1.0,22550,23800,23130.047,24961.0349,28705.1901,32449.3454,0.9475,0.7856,-0.322,Below,2411.0349,0.0
E00487,PL,PL · Kraków,Sales,L2,C,M,1.0,26050,27600,28111.3077,19750.9101,22713.5467,25676.1832,0.9438,1.1469,1.0631,Above,0.0,373.8168
E00488,ES,ES · Barcelona,Operations,L1,B,M,1.0,21750,23800,23130.047,24961.0349,28705.1901,32449.3454,0.9139,0.7577,-0.4288,Below,3211.0349,0.0
E00489,IT,IT · Milan,Sales,L3,D,M,1.0,45400,43700,44423.0257,37095.0301,44514.0361,51933.0421,1.0389,1.0199,0.5597,Within,0.0,0.0
E00490,ES,ES · Barcelona,Sales,L1,A,M,1.0,26950,26200,38450.926,23112.0694,26578.8798,30045.6902,1.0286,1.014,0.5535,Within,0.0,0.0
E00491,PL,PL · Kraków,Customer Service,L1,B,M,1.0,23050,18900,22098.6552,18287.8798,21031.0617,23774.2437,1.2196,1.096,0.868,Within,0.0,0.0
E00492,DE,DE · Munich,Operations,L1,B,F,1.0,28950,36100,36701.684,41769.5333,48034.9633,54300.3934,0.8019,0.6027,-1.023,Below,12819.5333,0.0
E00493,PL,PL · Kraków,HR,L3,D,M,1.0,36600,33600,34034.3671,24543.9746,29452.7695,34361.5644,1.0893,1.2427,1.228,Above,0.0,2238.4356
E00494,ES,ES · Barcelona,Finance,L2,B,F,1.0,34400,34400,38450.926,24961.0349,28705.1901,32449.3454,1.0,1.1984,1.2605,Above,0.0,1950.6546
E00495,PL,PL · Kraków,Operations,L2,C,F,1.0,25700,24900,23500.5671,19750.9101,22713.5467,25676.1832,1.0321,1.1315,1.004,Above,0.0,23.8168
E00496,PL,PL · Kraków,Operations,L2,C,M,1.0,26100,24900,23500.5671,19750.9101,22713.5467,25676.1832,1.0482,1.1491,1.0715,Above,0.0,423.8168
E00498,IT,IT · Milan,Customer Service,L1,B,F,1.0,21750,23400,35427.3211,27639.7553,31785.7186,35931.6819,0.9295,0.6843,-0.7103,Below,5889.7553,0.0
E00501,IT,IT · Milan,Operations,L5,F,M,1.0,72850,71600,119149.3884,64544.8739,80681.0924,96817.3109,1.0175,0.9029,0.2573,Within,0.0,0.0
E00502,IT,IT · Milan,Customer Service,L2,C,M,0.8,27100,29200,35427.3211,29850.9357,34328.5761,38806.2164,0.9281,0.7894,-0.3072,Below,2200.7486,0.0
E00503,ES,ES · Barcelona,Finance,L4,E,F,1.0,62350,57800,49137.1558,43967.2783,52760.7339,61554.1896,1.0787,1.1818,1.0453,Above,0.0,795.8104
E00504,DE,DE · Munich,Finance,L3,D,F,0.8,67550,66900,83423.91,56058.4593,67270.1512,78481.843,1.0097,1.0042,0.5125,Within,0.0,0.0
E00505,PL,PL · Kraków,Sales,L3,D,M,1.0,37050,35300,28111.3077,24543.9746,29452.7695,34361.5644,1.0496,1.2579,1.2738,Above,0.0,2688.4356
E00506,PL,PL · Kraków,Customer Service,L5,F,M,1.0,63650,54800,50412.649,42706.1992,53382.7489,64059.2987,1.1615,1.1923,0.9808,Within,0.0,0.0
E00507,ES,ES · Barcelona,Customer Service,L4,E,M,1.0,41100,47200,38450.926,43967.2783,52760.7339,61554.1896,0.8708,0.779,-0.163,Below,2867.2783,0.0
E00509,DE,DE · Munich,Customer Service,L2,C,F,1.0,39350,42800,52281.637,45111.096,51877.7604,58644.4248,0.9194,0.7585,-0.4257,Below,5761.096,0.0
E00510,IT,IT · Milan,Customer Service,L2,C,M,1.0,30900,29200,35427.3211,29850.9357,34328.5761,38806.2164,1.0582,0.9001,0.1171,Within,0.0,0.0
E00511,PL,PL · Kraków,Customer Service,L4,E,M,1.0,48800,39700,28111.3077,32212.9392,38655.527,45098.1148,1.2292,1.2624,1.2873,Above,0.0,3701.8852
E00512,IT,IT · Milan,Customer Service,L3,D,M,1.0,40200,37400,35427.3211,37095.0301,44514.0361,51933.0421,1.0749,0.9031,0.2093,Within,0.0,0.0
E00513,ES,ES · Barcelona,Customer Service,L2,C,F,1.0,25400,28100,30175.2075,26957.9177,31001.6053,35045.293,0.9039,0.8193,-0.1926,Below,1557.9177,0.0
E00514,IT,IT · Milan,HR,L5,F,M,1.0,83800,75400,119149.3884,64544.8739,80681.0924,96817.3109,1.1114,1.0387,0.5966,Within,0.0,0.0
E00515,IT,IT · Milan,Finance,L4,E,M,1.0,66500,60100,45051.5517,48685.6742,58422.809,68159.9438,1.1065,1.1383,0.9148,Within,0.0,0.0
E00516,ES,ES · Barcelona,Customer Service,L2,C,F,1.0,27000,28100,30175.2075,26957.9177,31001.6053,35045.293,0.9609,0.8709,0.0052,Within,0.0,0.0
E00518,ES,ES · Barcelona,Sales,L2,C,F,1.0,32250,32800,38450.926,26957.9177,31001.6053,35045.293,0.9832,1.0403,0.6544,Within,0.0,0.0
E00519,DE,DE · Munich,Customer Service,L4,E,M,1.0,66150,71800,63763.1933,73574.3812,88289.2574,103004.1336,0.9213,0.7492,-0.2523,Below,7424.3812,0.0
E00520,PL,PL · Kraków,Tech,L1,A,F,1.0,23600,26200,28111.3077,16933.222,19473.2053,22013.1886,0.9008,1.2119,1.3124,Above,0.0,1586.8114
E00521,PL,PL · Kraków,Customer Service,L5,F,M,1.0,58050,54800,50412.649,42706.1992,53382.7489,64059.2987,1.0593,1.0874,0.7186,Within,0.0,0.0
E00523,PL,PL · Kraków,Customer Service,L2,C,M,1.0,24550,23600,22098.6552,19750.9101,22713.5467,25676.1832,1.0403,1.0809,0.8099,Within,0.0,0.0
E00524,IT,IT · Milan,Tech,L2,B,M,1.0,40050,40600,44423.0257,27639.7553,31785.7186,35931.6819,0.9865,1.26,1.4967,Above,0.0,4118.3181
E00525,DE,DE · Munich,Finance,L4,E,M,1.0,79700,87800,83423.91,73574.3812,88289.2574,103004.1336,0.9077,0.9027,0.2081,Within,0.0,0.0
E00526,DE,DE · Munich,Operations,L1,B,M,1.0,33300,36100,36701.684,41769.5333,48034.9633,54300.3934,0.9224,0.6932,-0.6759,Below,8469.5333,0.0
E00528,ES,ES · Barcelona,Finance,L1,A,F,1.0,29050,27500,30175.2075,23112.0694,26578.8798,30045.6902,1.0564,1.093,0.8564,Within,0.0,0.0
E00529,PL,PL · Kraków,Customer Service,L1,B,F,1.0,19250,18900,22098.6552,18287.8798,21031.0617,23774.2437,1.0185,0.9153,0.1754,Within,0.0,0.0
E00530,DE,DE · Munich,Customer Service,L2,C,F,1.0,45800,42800,52281.637,45111.096,51877.7604,58644.4248,1.0701,0.8828,0.0509,Within,0.0,0.0
E00531,IT,IT · Milan,Sales,L4,E,M,1.0,50850,57300,44423.0257,48685.6742,58422.809,68159.9438,0.8874,0.8704,0.1111,Within,0.0,0.0
E00532,DE,DE · Munich,Customer Service,L4,E,F,1.0,86250,71800,63763.1933,73574.3812,88289.2574,103004.1336,1.2013,0.9769,0.4307,Within,0.0,0.0
E00533,PL,PL · Kraków,Finance,L1,A,M,1.0,22600,23100,22098.6552,16933.222,19473.2053,22013.1886,0.9784,1.1606,1.1155,Above,0.0,586.8114
E00534,ES,ES · Barcelona,Operations,L2,C,F,1.0,27450,29700,30735.5619,26957.9177,31001.6053,35045.293,0.9242,0.8854,0.0608,Within,0.0,0.0
E00535,IT,IT · Milan,Customer Service,L3,D,M,1.0,36950,37400,35427.3211,37095.0301,44514.0361,51933.0421,0.988,0.8301,-0.0098,Below,145.0301,0.0
E00537,IT,IT · Milan,HR,L1,A,M,1.0,26500,26000,35427.3211,25592.366,29431.2209,33270.0758,1.0192,0.9004,0.1182,Within,0.0,0.0
E00538,IT,IT · Milan,HR,L5,F,M,0.8,73500,75400,119149.3884,64544.8739,80681.0924,96817.3109,0.9748,0.911,0.2775,Within,0.0,0.0
E00539,ES,ES · Barcelona,Customer Service,L1,B,M,1.0,27350,22500,30175.2075,24961.0349,28705.1901,32449.3454,1.2156,0.9528,0.319,Within,0.0,0.0
E00540,IT,IT · Milan,Tech,L5,F,F,1.0,91000,94200,119149.3884,64544.8739,80681.0924,96817.3109,0.966,1.1279,0.8197,Within,0.0,0.0
E00541,PL,PL · Kraków,Customer Service,L1,B,F,1.0,18750,18900,22098.6552,18287.8798,21031.0617,23774.2437,0.9921,0.8915,0.0842,Within,0.0,0.0
E00542,ES,ES · Barcelona,Customer Service,L2,C,F,1.0,28650,28100,30175.2075,26957.9177,31001.6053,35045.293,1.0196,0.9241,0.2092,Within,0.0,0.0
E00543,IT,IT · Milan,Customer Service,L1,B,M,1.0,24200,23400,35427.3211,27639.7553,31785.7186,35931.6819,1.0342,0.7613,-0.4148,Below,3439.7553,0.0
E00544,IT,IT · Milan,Customer Service,L3,D,M,1.0,32050,37400,35427.3211,37095.0301,44514.0361,51933.0421,0.857,0.72,-0.34,Below,5045.0301,0.0
E00546,ES,ES · Barcelona,Customer Service,L1,B,M,1.0,21550,22500,30175.2075,24961.0349,28705.1901,32449.3454,0.9578,0.7507,-0.4555,Below,3411.0349,0.0
E00547,PL,PL · Kraków,Operations,L3,D,F,1.0,31650,31900,23500.5671,24543.9746,29452.7695,34361.5644,0.9922,1.0746,0.7238,Within,0.0,0.0
E00548,PL,PL · Kraków,Customer Service,L1,B,F,1.0,18450,18900,22098.6552,18287.8798,21031.0617,23774.2437,0.9762,0.8773,0.0295,Within,0.0,0.0
E00549,IT,IT · Milan,Customer Service,L3,D,M,1.0,35750,37400,35427.3211,37095.0301,44514.0361,51933.0421,0.9559,0.8031,-0.0906,Below,1345.0301,0.0
E00550,PL,PL · Kraków,Operations,L3,D,F,1.0,37250,31900,23500.5671,24543.9746,29452.7695,34361.5644,1.1677,1.2647,1.2942,Above,0.0,2888.4356
E00551,DE,DE · Munich,Customer Service,L3,D,F,1.0,67950,54700,52281.637,56058.4593,67270.1512,78481.843,1.2422,1.0101,0.5303,Within,0.0,0.0
E00553,PL,PL · Kraków,Tech,L4,E,F,1.0,52550,55100,34034.3671,32212.9392,38655.527,45098.1148,0.9537,1.3594,1.5783,Above,0.0,7451.8852
E00555,DE,DE · Munich,Customer Service,L1,B,F,1.0,32950,34200,52281.637,41769.5333,48034.9633,54300.3934,0.9635,0.686,-0.7038,Below,8819.5333,0.0
E00558,PL,PL · Kraków,Operations,L2,C,M,1.0,23950,24900,23500.5671,19750.9101,22713.5467,25676.1832,0.9618,1.0544,0.7087,Within,0.0,0.0
E00559,IT,IT · Milan,Finance,L3,D,M,1.0,39250,45800,45051.5517,37095.0301,44514.0361,51933.0421,0.857,0.8817,0.1452,Within,0.0,0.0
E00560,PL,PL · Kraków,Customer Service,L1,B,M,1.0,18000,18900,22098.6552,18287.8798,21031.0617,23774.2437,0.9524,0.8559,-0.0525,Below,287.8798,0.0
E00561,PL,PL · Kraków,Customer Service,L1,B,M,1.0,18750,18900,22098.6552,18287.8798,21031.0617,23774.2437,0.9921,0.8915,0.0842,Within,0.0,0.0
E00562,IT,IT · Milan,Operations,L3,D,M,1.0,44000,39500,32970.682,37095.0301,44514.0361,51933.0421,1.1139,0.9885,0.4654,Within,0.0,0.0
E00563,DE,DE · Munich,HR,L2,B,M,1.0,51150,47500,63763.1933,41769.5333,48034.9633,54300.3934,1.0768,1.0648,0.7486,Within,0.0,0.0
E00564,PL,PL · Kraków,HR,L2,B,F,1.0,27450,26200,28111.3077,18287.8798,21031.0617,23774.2437,1.0477,1.3052,1.67,Above,0.0,3675.7563
E00565,IT,IT · Milan,HR,L3,D,M,1.0,40950,41600,45051.5517,37095.0301,44514.0361,51933.0421,0.9844,0.9199,0.2598,Within,0.0,0.0
E00566,ES,ES · Barcelona,Sales,L2,C,M,1.0,33750,32800,38450.926,26957.9177,31001.6053,35045.293,1.029,1.0887,0.8398,Within,0.0,0.0
E00567,PL,PL · Kraków,HR,L1,A,F,1.0,17600,21000,22098.6552,16933.222,19473.2053,22013.1886,0.8381,0.9038,0.1313,Within,0.0,0.0
E00568,ES,ES · Barcelona,Operations,L1,B,M,1.0,28850,23800,23130.047,24961.0349,28705.1901,32449.3454,1.2122,1.005,0.5193,Within,0.0,0.0
E00570,DE,DE · Munich,Customer Service,L2,C,M,1.0,40250,42800,52281.637,45111.096,51877.7604,58644.4248,0.9404,0.7759,-0.3592,Below,4861.096,0.0
E00571,DE,DE · Munich,Operations,L1,B,M,1.0,35050,36100,36701.684,41769.5333,48034.9633,54300.3934,0.9709,0.7297,-0.5362,Below,6719.5333,0.0
E00573,DE,DE · Munich,Tech,L1,A,M,1.0,52100,47500,63763.1933,38675.4938,44476.8179,50278.142,1.0968,1.1714,1.157,Above,0.0,1821.858
E00574,IT,IT · Milan,Customer Service,L2,C,F,1.0,27600,29200,35427.3211,29850.9357,34328.5761,38806.2164,0.9452,0.804,-0.2514,Below,2250.9357,0.0
E00575,PL,PL · Kraków,Sales,L2,C,F,1.0,29000,27600,28111.3077,19750.9101,22713.5467,25676.1832,1.0507,1.2768,1.561,Above,0.0,3323.8168
E00576,PL,PL · Kraków,Customer Service,L3,D,F,1.0,29800,30200,22098.6552,24543.9746,29452.7695,34361.5644,0.9868,1.0118,0.5354,Within,0.0,0.0
E00577,ES,ES · Barcelona,Operations,L3,D,M,1.0,35600,38000,30735.5619,33499.9471,40199.9366,46899.926,0.9368,0.8856,0.1567,Within,0.0,0.0
E00578,PL,PL · Kraków,Tech,L1,A,F,1.0,23050,26200,28111.3077,16933.222,19473.2053,22013.1886,0.8798,1.1837,1.2041,Above,0.0,1036.8114
E00579,IT,IT · Milan,Tech,L3,D,M,1.0,53100,52000,45051.5517,37095.0301,44514.0361,51933.0421,1.0212,1.1929,1.0786,Above,0.0,1166.9579
E00581,DE,DE · Munich,Customer Service,L4,E,F,1.0,73850,71800,63763.1933,73574.3812,88289.2574,103004.1336,1.0286,0.8365,0.0094,Within,0.0,0.0
E00582,ES,ES · Barcelona,Customer Service,L1,B,F,1.0,24450,22500,30175.2075,24961.0349,28705.1901,32449.3454,1.0867,0.8518,-0.0682,Below,511.0349,0.0
E00583,DE,DE · Munich,Sales,L2,C,F,1.0,50000,49900,63763.1933,45111.096,51877.7604,58644.4248,1.002,0.9638,0.3612,Within,0.0,0.0
E00585,ES,ES · Barcelona,HR,L2,B,F,0.8,30850,31200,38450.926,24961.0349,28705.1901,32449.3454,0.9888,1.0747,0.7864,Within,0.0,0.0
E00586,IT,IT · Milan,Operations,L2,C,F,1.0,33500,30900,32970.682,29850.9357,34328.5761,38806.2164,1.0841,0.9759,0.4075,Within,0.0,0.0
E00587,PL,PL · Kraków,Operations,L2,C,M,1.0,25400,24900,23500.5671,19750.9101,22713.5467,25676.1832,1.0201,1.1183,0.9534,Within,0.0,0.0
E00588,PL,PL · Kraków,Tech,L1,A,M,1.0,25000,26200,28111.3077,16933.222,19473.2053,22013.1886,0.9542,1.2838,1.588,Above,0.0,2986.8114
E00589,IT,IT · Milan,Tech,L2,B,M,1.0,36400,40600,44423.0257,27639.7553,31785.7186,35931.6819,0.8966,1.1452,1.0565,Above,0.0,468.3181
E00590,IT,IT · Milan,Sales,L1,A,F,1.0,23800,27300,44423.0257,25592.366,29431.2209,33270.0758,0.8718,0.8087,-0.2335,Below,1792.366,0.0
E00593,IT,IT · Milan,Customer Service,L5,F,F,1.0,78650,67900,119149.3884,64544.8739,80681.0924,96817.3109,1.1583,0.9748,0.4371,Within,0.0,0.0
E00595,PL,PL · Kraków,Operations,L1,B,F,1.0,20250,20000,17581.1795,18287.8798,21031.0617,23774.2437,1.0125,0.9629,0.3576,Within,0.0,0.0
E00597,PL,PL · Kraków,HR,L1,A,F,1.0,19050,21000,22098.6552,16933.222,19473.2053,22013.1886,0.9071,0.9783,0.4167,Within,0.0,0.0
E00598,IT,IT · Milan,Tech,L5,F,M,1.0,93050,94200,119149.3884,64544.8739,80681.0924,96817.3109,0.9878,1.1533,0.8833,Within,0.0,0.0
E00599,PL,PL · Kraków,Operations,L2,C,M,1.0,23950,24900,23500.5671,19750.9101,22713.5467,25676.1832,0.9618,1.0544,0.7087,Within,0.0,0.0
E00600,PL,PL · Kraków,Finance,L1,A,F,1.0,21400,23100,22098.6552,16933.222,19473.2053,22013.1886,0.9264,1.0989,0.8793,Within,0.0,0.0
E00601,ES,ES · Barcelona,Finance,L4,E,F,1.0,64650,57800,49137.1558,43967.2783,52760.7339,61554.1896,1.1185,1.2253,1.176,Above,0.0,3095.8104
E00603,PL,PL · Kraków,Tech,L5,F,F,1.0,70800,76100,50412.649,42706.1992,53382.7489,64059.2987,0.9304,1.3263,1.3157,Above,0.0,6740.7013
E00604,PL,PL · Kraków,Customer Service,L4,E,F,1.0,40550,39700,28111.3077,32212.9392,38655.527,45098.1148,1.0214,1.049,0.647,Within,0.0,0.0
E00605,DE,DE · Munich,Sales,L1,A,M,1.0,41550,39900,63763.1933,38675.4938,44476.8179,50278.142,1.0414,0.9342,0.2477,Within,0.0,0.0
E00606,DE,DE · Munich,Finance,L1,A,M,1.0,41150,41800,52281.637,38675.4938,44476.8179,50278.142,0.9844,0.9252,0.2133,Within,0.0,0.0
E00607,PL,PL · Kraków,Sales,L3,D,F,1.0,40850,35300,28111.3077,24543.9746,29452.7695,34361.5644,1.1572,1.387,1.6609,Above,0.0,6488.4356
E00608,ES,ES · Barcelona,Tech,L2,B,F,1.0,38400,39100,38450.926,24961.0349,28705.1901,32449.3454,0.9821,1.3377,1.7947,Above,0.0,5950.6546
E00609,IT,IT · Milan,Tech,L3,D,M,1.0,53000,52000,45051.5517,37095.0301,44514.0361,51933.0421,1.0192,1.1906,1.0719,Above,0.0,1066.9579
E00610,IT,IT · Milan,Customer Service,L4,E,M,1.0,49550,49100,44423.0257,48685.6742,58422.809,68159.9438,1.0092,0.8481,0.0444,Within,0.0,0.0
E00611,ES,ES · Barcelona,Tech,L3,D,F,1.0,49600,50000,49137.1558,33499.9471,40199.9366,46899.926,0.992,1.2338,1.2015,Above,0.0,2700.074
E00612,DE,DE · Munich,Operations,L4,E,F,1.0,71750,75800,63763.1933,73574.3812,88289.2574,103004.1336,0.9466,0.8127,-0.062,Below,1824.3812,0.0
E00613,DE,DE · Munich,Operations,L2,C,M,1.0,43100,45100,47695.8157,45111.096,51877.7604,58644.4248,0.9557,0.8308,-0.1486,Below,2011.096,0.0
E00614,ES,ES · Barcelona,Customer Service,L1,B,M,1.0,21150,22500,30175.2075,24961.0349,28705.1901,32449.3454,0.94,0.7368,-0.5089,Below,3811.0349,0.0
E00615,ES,ES · Barcelona,Finance,L1,A,F,1.0,24950,27500,30175.2075,23112.0694,26578.8798,30045.6902,0.9073,0.9387,0.2651,Within,0.0,0.0
E00616,IT,IT · Milan,Customer Service,L1,B,F,1.0,25600,23400,35427.3211,27639.7553,31785.7186,35931.6819,1.094,0.8054,-0.246,Below,2039.7553,0.0
E00617,DE,DE · Munich,Sales,L2,C,M,1.0,43450,49900,63763.1933,45111.096,51877.7604,58644.4248,0.8707,0.8375,-0.1227,Below,1661.096,0.0
E00618,IT,IT · Milan,Tech,L2,B,M,1.0,44800,40600,44423.0257,27639.7553,31785.7186,35931.6819,1.1034,1.4094,2.0695,Above,0.0,8868.3181
E00619,PL,PL · Kraków,Operations,L5,F,F,1.0,57850,57900,50412.649,42706.1992,53382.7489,64059.2987,0.9991,1.0837,0.7092,Within,0.0,0.0
E00621,ES,ES · Barcelona,Tech,L1,A,F,1.0,29650,31200,38450.926,23112.0694,26578.8798,30045.6902,0.9503,1.1155,0.9429,Within,0.0,0.0
E00622,PL,PL · Kraków,Customer Service,L2,C,M,1.0,21150,23600,22098.6552,19750.9101,22713.5467,25676.1832,0.8962,0.9312,0.2361,Within,0.0,0.0
E00623,ES,ES · Barcelona,Customer Service,L4,E,M,1.0,46550,47200,38450.926,43967.2783,52760.7339,61554.1896,0.9862,0.8823,0.1469,Within,0.0,0.0
E00624,PL,PL · Kraków,Tech,L2,B,M,1.0,29700,32800,28111.3077,18287.8798,21031.0617,23774.2437,0.9055,1.4122,2.0801,Above,0.0,5925.7563
E00626,PL,PL · Kraków,Finance,L4,E,M,1.0,51650,48500,34034.3671,32212.9392,38655.527,45098.1148,1.0649,1.3362,1.5085,Above,0.0,6551.8852
E00627,ES,ES · Barcelona,Sales,L2,C,F,1.0,37250,32800,38450.926,26957.9177,31001.6053,35045.293,1.1357,1.2016,1.2726,Above,0.0,2204.707
E00628,ES,ES · Barcelona,Tech,L1,A,F,1.0,32000,31200,38450.926,23112.0694,26578.8798,30045.6902,1.0256,1.204,1.2819,Above,0.0,1954.3098
E00629,DE,DE · Munich,Tech,L1,A,F,1.0,46350,47500,63763.1933,38675.4938,44476.8179,50278.142,0.9758,1.0421,0.6614,Within,0.0,0.0
E00630,ES,ES · Barcelona,Customer Service,L3,D,F,0.8,44150,36000,30175.2075,33499.9471,40199.9366,46899.926,1.2264,1.0983,0.7948,Within,0.0,0.0
E00631,IT,IT · Milan,Sales,L1,A,F,1.0,24800,27300,44423.0257,25592.366,29431.2209,33270.0758,0.9084,0.8426,-0.1032,Below,792.366,0.0
E00632,PL,PL · Kraków,Operations,L1,B,F,1.0,20300,20000,17581.1795,18287.8798,21031.0617,23774.2437,1.015,0.9652,0.3667,Within,0.0,0.0
E00633,ES,ES · Barcelona,Sales,L3,D,F,1.0,43050,42000,38450.926,33499.9471,40199.9366,46899.926,1.025,1.0709,0.7127,Within,0.0,0.0
E00634,PL,PL · Kraków,Operations,L3,D,M,1.0,32050,31900,23500.5671,24543.9746,29452.7695,34361.5644,1.0047,1.0882,0.7645,Within,0.0,0.0
E00635,PL,PL · Kraków,Sales,L2,C,F,0.8,27800,27600,28111.3077,19750.9101,22713.5467,25676.1832,1.0072,1.2239,1.3584,Above,0.0,1699.0534
E00636,DE,DE · Munich,Tech,L4,E,F,1.0,105400,99800,83423.91,73574.3812,88289.2574,103004.1336,1.0561,1.1938,1.0814,Above,0.0,2395.8664
E00638,ES,ES · Barcelona,Finance,L5,F,M,1.0,66600,79800,67142.552,58289.4759,72861.8449,87434.2139,0.8346,0.9141,0.2851,Within,0.0,0.0
E00640,DE,DE · Munich,Finance,L3,D,M,1.0,64400,66900,83423.91,56058.4593,67270.1512,78481.843,0.9626,0.9573,0.372,Within,0.0,0.0
E00641,ES,ES · Barcelona,Customer Service,L4,E,F,1.0,39750,47200,38450.926,43967.2783,52760.7339,61554.1896,0.8422,0.7534,-0.2398,Below,4217.2783,0.0
E00642,PL,PL · Kraków,Customer Service,L2,C,M,1.0,23300,23600,22098.6552,19750.9101,22713.5467,25676.1832,0.9873,1.0258,0.599,Within,0.0,0.0
E00643,IT,IT · Milan,Customer Service,L2,C,M,1.0,24600,29200,35427.3211,29850.9357,34328.5761,38806.2164,0.8425,0.7166,-0.5864,Below,5250.9357,0.0
E00644,PL,PL · Kraków,Operations,L2,C,M,1.0,25750,24900,23500.5671,19750.9101,22713.5467,25676.1832,1.0341,1.1337,1.0125,Above,0.0,73.8168
E00645,PL,PL · Kraków,Customer Service,L4,E,M,1.0,38850,39700,28111.3077,32212.9392,38655.527,45098.1148,0.9786,1.005,0.5151,Within,0.0,0.0
E00646,PL,PL · Kraków,Customer Service,L3,D,F,1.0,27200,30200,22098.6552,24543.9746,29452.7695,34361.5644,0.9007,0.9235,0.2705,Within,0.0,0.0
E00648,DE,DE · Munich,Operations,L1,B,F,1.0,29300,36100,36701.684,41769.5333,48034.9633,54300.3934,0.8116,0.61,-0.9951,Below,12469.5333,0.0
E00649,PL,PL · Kraków,Customer Service,L2,C,F,1.0,22650,23600,22098.6552,19750.9101,22713.5467,25676.1832,0.9597,0.9972,0.4893,Within,0.0,0.0
E00650,IT,IT · Milan,Customer Service,L3,D,M,1.0,39150,37400,35427.3211,37095.0301,44514.0361,51933.0421,1.0468,0.8795,0.1385,Within,0.0,0.0
E00651,PL,PL · Kraków,Operations,L3,D,M,1.0,26100,31900,23500.5671,24543.9746,29452.7695,34361.5644,0.8182,0.8862,0.1585,Within,0.0,0.0
E00652,PL,PL · Kraków,Operations,L3,D,M,1.0,30550,31900,23500.5671,24543.9746,29452.7695,34361.5644,0.9577,1.0373,0.6118,Within,0.0,0.0
E00653,ES,ES · Barcelona,HR,L2,B,F,1.0,30350,31200,38450.926,24961.0349,28705.1901,32449.3454,0.9728,1.0573,0.7197,Within,0.0,0.0
E00654,PL,PL · Kraków,Finance,L2,B,M,1.0,23450,28900,28111.3077,18287.8798,21031.0617,23774.2437,0.8114,1.115,0.9409,Within,0.0,0.0
E00655,PL,PL · Kraków,Operations,L1,B,M,1.0,19100,20000,17581.1795,18287.8798,21031.0617,23774.2437,0.955,0.9082,0.148,Within,0.0,0.0
E00656,IT,IT · Milan,Operations,L4,E,F,1.0,52800,51900,44423.0257,48685.6742,58422.809,68159.9438,1.0173,0.9038,0.2113,Within,0.0,0.0
E00657,DE,DE · Munich,Finance,L4,E,M,1.0,87200,87800,83423.91,73574.3812,88289.2574,103004.1336,0.9932,0.9877,0.463,Within,0.0,0.0
E00659,DE,DE · Munich,Tech,L4,E,M,1.0,94100,99800,83423.91,73574.3812,88289.2574,103004.1336,0.9429,1.0658,0.6974,Within,0.0,0.0
E00661,DE,DE · Munich,Customer Service,L4,E,F,1.0,73200,71800,63763.1933,73574.3812,88289.2574,103004.1336,1.0195,0.8291,-0.0127,Below,374.3812,0.0
E00662,PL,PL · Kraków,Customer Service,L2,C,F,1.0,22500,23600,22098.6552,19750.9101,22713.5467,25676.1832,0.9534,0.9906,0.464,Within,0.0,0.0
E00664,PL,PL · Kraków,Customer Service,L2,C,F,0.8,23200,23600,22098.6552,19750.9101,22713.5467,25676.1832,0.9831,1.0214,0.5821,Within,0.0,0.0
E00665,PL,PL · Kraków,Tech,L1,A,F,1.0,27050,26200,28111.3077,16933.222,19473.2053,22013.1886,1.0324,1.3891,1.9915,Above,0.0,5036.8114
E00666,IT,IT · Milan,Customer Service,L1,B,F,1.0,23700,23400,35427.3211,27639.7553,31785.7186,35931.6819,1.0128,0.7456,-0.4751,Below,3939.7553,0.0
E00667,PL,PL · Kraków,Customer Service,L3,D,F,1.0,28900,30200,22098.6552,24543.9746,29452.7695,34361.5644,0.957,0.9812,0.4437,Within,0.0,0.0
E00668,PL,PL · Kraków,HR,L2,B,F,1.0,21950,26200,28111.3077,18287.8798,21031.0617,23774.2437,0.8378,1.0437,0.6675,Within,0.0,0.0
E00670,ES,ES · Barcelona,Operations,L4,E,F,1.0,48750,49900,38450.926,43967.2783,52760.7339,61554.1896,0.977,0.924,0.2719,Within,0.0,0.0
E00671,PL,PL · Kraków,Customer Service,L4,E,F,1.0,45450,39700,28111.3077,32212.9392,38655.527,45098.1148,1.1448,1.1758,1.0273,Above,0.0,351.8852
E00672,IT,IT · Milan,Operations,L2,C,M,1.0,36050,30900,32970.682,29850.9357,34328.5761,38806.2164,1.1667,1.0501,0.6922,Within,0.0,0.0
E00673,PL,PL · Kraków,Customer Service,L2,C,M,1.0,23000,23600,22098.6552,19750.9101,22713.5467,25676.1832,0.9746,1.0126,0.5483,Within,0.0,0.0
E00674,PL,PL · Kraków,Customer Service,L1,B,M,1.0,17100,18900,22098.6552,18287.8798,21031.0617,23774.2437,0.9048,0.8131,-0.2165,Below,1187.8798,0.0
E00675,IT,IT · Milan,Tech,L5,F,F,1.0,97950,94200,119149.3884,64544.8739,80681.0924,96817.3109,1.0398,1.214,1.0351,Above,0.0,1132.6891
E00676,DE,DE · Munich,Operations,L3,D,M,1.0,57800,57800,47695.8157,56058.4593,67270.1512,78481.843,1.0,0.8592,0.0777,Within,0.0,0.0
E00677,IT,IT · Milan,Operations,L4,E,M,0.8,55650,51900,44423.0257,48685.6742,58422.809,68159.9438,1.0723,0.9525,0.3576,Within,0.0,0.0
E00679,PL,PL · Kraków,Finance,L3,D,M,1.0,36350,37000,34034.3671,24543.9746,29452.7695,34361.5644,0.9824,1.2342,1.2025,Above,0.0,1988.4356
E00680,ES,ES · Barcelona,Customer Service,L5,F,F,1.0,67600,65200,67142.552,58289.4759,72861.8449,87434.2139,1.0368,0.9278,0.3195,Within,0.0,0.0
E00681,DE,DE · Munich,Customer Service,L2,C,M,1.0,46400,42800,52281.637,45111.096,51877.7604,58644.4248,1.0841,0.8944,0.0952,Within,0.0,0.0
E00682,PL,PL · Kraków,Operations,L1,B,M,1.0,19250,20000,17581.1795,18287.8798,21031.0617,23774.2437,0.9625,0.9153,0.1754,Within,0.0,0.0
E00683,PL,PL · Kraków,Customer Service,L1,B,M,1.0,18150,18900,22098.6552,18287.8798,21031.0617,23774.2437,0.9603,0.863,-0.0251,Below,137.8798,0.0
E00684,DE,DE · Munich,Operations,L5,F,M,0.8,90900,104700,123043.8439,97540.9961,121926.2452,146311.4942,0.8682,0.7455,-0.1362,Below,5312.7969,0.0
E00685,PL,PL · Kraków,Tech,L2,B,F,1.0,32550,32800,28111.3077,18287.8798,21031.0617,23774.2437,0.9924,1.5477,2.5996,Above,0.0,8775.7563
E00686,ES,ES · Barcelona,Customer Service,L2,C,F,1.0,23700,28100,30175.2075,26957.9177,31001.6053,35045.293,0.8434,0.7645,-0.4028,Below,3257.9177,0.0
E00687,PL,PL · Kraków,Finance,L1,A,F,1.0,22050,23100,22098.6552,16933.222,19473.2053,22013.1886,0.9545,1.1323,1.0072,Above,0.0,36.8114
E00688,ES,ES · Barcelona,Sales,L4,E,M,1.0,58550,55100,38450.926,43967.2783,52760.7339,61554.1896,1.0626,1.1097,0.8292,Within,0.0,0.0
E00689,PL,PL · Kraków,Customer Service,L3,D,M,1.0,35250,30200,22098.6552,24543.9746,29452.7695,34361.5644,1.1672,1.1968,1.0905,Above,0.0,888.4356
E00690,DE,DE · Munich,Customer Service,L4,E,F,1.0,64850,71800,63763.1933,73574.3812,88289.2574,103004.1336,0.9032,0.7345,-0.2964,Below,8724.3812,0.0
E00691,PL,PL · Kraków,Operations,L5,F,M,1.0,63200,57900,50412.649,42706.1992,53382.7489,64059.2987,1.0915,1.1839,0.9598,Within,0.0,0.0
E00693,ES,ES · Barcelona,Finance,L2,B,F,1.0,32950,34400,38450.926,24961.0349,28705.1901,32449.3454,0.9578,1.1479,1.0669,Above,0.0,500.6546
E00695,DE,DE · Munich,Sales,L1,A,F,1.0,41400,39900,63763.1933,38675.4938,44476.8179,50278.142,1.0376,0.9308,0.2348,Within,0.0,0.0
E00696,ES,ES · Barcelona,Customer Service,L4,E,F,1.0,40950,47200,38450.926,43967.2783,52760.7339,61554.1896,0.8676,0.7761,-0.1716,Below,3017.2783,0.0
E00697,ES,ES · Barcelona,Tech,L4,E,M,0.8,58850,65600,49137.1558,43967.2783,52760.7339,61554.1896,0.8971,1.1154,0.8462,Within,0.0,0.0
E00698,DE,DE · Munich,Operations,L3,D,F,1.0,57550,57800,47695.8157,56058.4593,67270.1512,78481.843,0.9957,0.8555,0.0665,Within,0.0,0.0
E00700,DE,DE · Munich,Tech,L1,A,M,1.0,44350,47500,63763.1933,38675.4938,44476.8179,50278.142,0.9337,0.9971,0.4891,Within,0.0,0.0
E00701,PL,PL · Kraków,Sales,L3,D,M,1.0,35950,35300,28111.3077,24543.9746,29452.7695,34361.5644,1.0184,1.2206,1.1618,Above,0.0,1588.4356
E00702,IT,IT · Milan,Finance,L1,A,M,1.0,27850,28600,35427.3211,25592.366,29431.2209,33270.0758,0.9738,0.9463,0.2941,Within,0.0,0.0
E00703,IT,IT · Milan,Customer Service,L2,C,F,1.0,31750,29200,35427.3211,29850.9357,34328.5761,38806.2164,1.0873,0.9249,0.2121,Within,0.0,0.0
E00704,PL,PL · Kraków,HR,L1,A,M,1.0,21350,21000,22098.6552,16933.222,19473.2053,22013.1886,1.0167,1.0964,0.8695,Within,0.0,0.0
E00705,DE,DE · Munich,Customer Service,L4,E,M,1.0,75050,71800,63763.1933,73574.3812,88289.2574,103004.1336,1.0453,0.85,0.0501,Within,0.0,0.0
E00706,ES,ES · Barcelona,HR,L3,D,M,1.0,47050,40000,49137.1558,33499.9471,40199.9366,46899.926,1.1762,1.1704,1.0112,Above,0.0,150.074
E00707,DE,DE · Munich,Tech,L1,A,M,0.8,43800,47500,63763.1933,38675.4938,44476.8179,50278.142,0.9221,0.9848,0.4417,Within,0.0,0.0
E00708,PL,PL · Kraków,Operations,L2,C,M,0.8,22050,24900,23500.5671,19750.9101,22713.5467,25676.1832,0.8855,0.9708,0.388,Within,0.0,0.0
E00709,PL,PL · Kraków,Operations,L3,D,F,0.8,29300,31900,23500.5671,24543.9746,29452.7695,34361.5644,0.9185,0.9948,0.4844,Within,0.0,0.0
E00710,PL,PL · Kraków,Sales,L2,C,F,1.0,29150,27600,28111.3077,19750.9101,22713.5467,25676.1832,1.0562,1.2834,1.5863,Above,0.0,3473.8168
E00711,IT,IT · Milan,Operations,L3,D,M,1.0,41950,39500,32970.682,37095.0301,44514.0361,51933.0421,1.062,0.9424,0.3272,Within,0.0,0.0
E00712,PL,PL · Kraków,Operations,L3,D,M,1.0,30300,31900,23500.5671,24543.9746,29452.7695,34361.5644,0.9498,1.0288,0.5863,Within,0.0,0.0
E00713,ES,ES · Barcelona,Customer Service,L3,D,F,1.0,35850,36000,30175.2075,33499.9471,40199.9366,46899.926,0.9958,0.8918,0.1754,Within,0.0,0.0
E00714,PL,PL · Kraków,HR,L4,E,M,1.0,36900,44100,34034.3671,32212.9392,38655.527,45098.1148,0.8367,0.9546,0.3638,Within,0.0,0.0
E00715,DE,DE · Munich,Finance,L4,E,M,1.0,104150,87800,83423.91,73574.3812,88289.2574,103004.1336,1.1862,1.1796,1.0389,Above,0.0,1145.8664
E00716,DE,DE · Munich,Finance,L1,A,F,1.0,38050,41800,52281.637,38675.4938,44476.8179,50278.142,0.9103,0.8555,-0.0539,Below,625.4938,0.0
E00717,PL,PL · Kraków,Operations,L2,C,F,1.0,23750,24900,23500.5671,19750.9101,22713.5467,25676.1832,0.9538,1.0456,0.6749,Within,0.0,0.0
E00718,PL,PL · Kraków,Tech,L3,D,M,1.0,36600,42000,34034.3671,24543.9746,29452.7695,34361.5644,0.8714,1.2427,1.228,Above,0.0,2238.4356
E00719,PL,PL · Kraków,Customer Service,L1,B,F,1.0,19450,18900,22098.6552,18287.8798,21031.0617,23774.2437,1.0291,0.9248,0.2118,Within,0.0,0.0
E00720,ES,ES · Barcelona,Finance,L2,B,M,1.0,37700,34400,38450.926,24961.0349,28705.1901,32449.3454,1.0959,1.3134,1.7012,Above,0.0,5250.6546
E00722,IT,IT · Milan,Operations,L5,F,F,1.0,83900,71600,119149.3884,64544.8739,80681.0924,96817.3109,1.1718,1.0399,0.5997,Within,0.0,0.0
E00723,IT,IT · Milan,Operations,L1,B,F,1.0,18350,24700,26363.3765,27639.7553,31785.7186,35931.6819,0.7429,0.5773,-1.1203,Below,9289.7553,0.0
E00725,PL,PL · Kraków,Operations,L3,D,F,1.0,31550,31900,23500.5671,24543.9746,29452.7695,34361.5644,0.989,1.0712,0.7136,Within,0.0,0.0
E00726,PL,PL · Kraków,Customer Service,L1,B,F,1.0,17200,18900,22098.6552,18287.8798,21031.0617,23774.2437,0.9101,0.8178,-0.1983,Below,1087.8798,0.0
E00727,DE,DE · Munich,Operations,L5,F,F,1.0,102750,104700,123043.8439,97540.9961,121926.2452,146311.4942,0.9814,0.8427,0.1068,Within,0.0,0.0
E00729,ES,ES · Barcelona,Operations,L2,C,M,1.0,29350,29700,30735.5619,26957.9177,31001.6053,35045.293,0.9882,0.9467,0.2958,Within,0.0,0.0
E00730,IT,IT · Milan,Customer Service,L1,B,M,1.0,23650,23400,35427.3211,27639.7553,31785.7186,35931.6819,1.0107,0.744,-0.4812,Below,3989.7553,0.0
E00731,PL,PL · Kraków,Customer Service,L6,G,M,1.0,84150,75600,50412.649,56940.2199,74022.2858,91104.3518,1.1131,1.1368,0.7964,Within,0.0,0.0
E00732,DE,DE · Munich,Finance,L3,D,M,1.0,62950,66900,83423.91,56058.4593,67270.1512,78481.843,0.941,0.9358,0.3073,Within,0.0,0.0
E00733,ES,ES · Barcelona,Operations,L2,C,F,1.0,30650,29700,30735.5619,26957.9177,31001.6053,35045.293,1.032,0.9887,0.4565,Within,0.0,0.0
E00734,ES,ES · Barcelona,HR,L3,D,F,0.8,40850,40000,49137.1558,33499.9471,40199.9366,46899.926,1.0212,1.0162,0.5485,Within,0.0,0.0
E00735,PL,PL · Kraków,Tech,L2,B,F,1.0,32050,32800,28111.3077,18287.8798,21031.0617,23774.2437,0.9771,1.5239,2.5084,Above,0.0,8275.7563
E00736,ES,ES · Barcelona,Customer Service,L3,D,M,1.0,34950,36000,30175.2075,33499.9471,40199.9366,46899.926,0.9708,0.8694,0.1082,Within,0.0,0.0
E00737,IT,IT · Milan,HR,L2,B,F,0.8,32350,32500,44423.0257,27639.7553,31785.7186,35931.6819,0.9954,1.0178,0.5681,Within,0.0,0.0
E00738,DE,DE · Munich,Sales,L2,C,M,1.0,54300,49900,63763.1933,45111.096,51877.7604,58644.4248,1.0882,1.0467,0.679,Within,0.0,0.0
E00739,ES,ES · Barcelona,Finance,L4,E,F,1.0,55200,57800,49137.1558,43967.2783,52760.7339,61554.1896,0.955,1.0462,0.6387,Within,0.0,0.0
E00740,IT,IT · Milan,Tech,L4,E,M,1.0,71350,68200,45051.5517,48685.6742,58422.809,68159.9438,1.0462,1.2213,1.1638,Above,0.0,3190.0562
E00741,IT,IT · Milan,Sales,L2,C,M,1.0,31400,34100,44423.0257,29850.9357,34328.5761,38806.2164,0.9208,0.9147,0.173,Within,0.0,0.0
E00742,IT,IT · Milan,Customer Service,L2,C,M,1.0,26700,29200,35427.3211,29850.9357,34328.5761,38806.2164,0.9144,0.7778,-0.3519,Below,3150.9357,0.0
E00743,PL,PL · Kraków,Customer Service,L1,B,M,1.0,20050,18900,22098.6552,18287.8798,21031.0617,23774.2437,1.0608,0.9534,0.3212,Within,0.0,0.0
E00746,PL,PL · Kraków,HR,L3,D,F,1.0,35750,33600,34034.3671,24543.9746,29452.7695,34361.5644,1.064,1.2138,1.1414,Above,0.0,1388.4356
E00747,DE,DE · Munich,Finance,L2,B,F,1.0,62650,52300,63763.1933,41769.5333,48034.9633,54300.3934,1.1979,1.3043,1.6663,Above,0.0,8349.6066
E00748,ES,ES · Barcelona,Sales,L2,C,F,1.0,28450,32800,38450.926,26957.9177,31001.6053,35045.293,0.8674,0.9177,0.1845,Within,0.0,0.0
E00749,IT,IT · Milan,Operations,L1,B,M,1.0,24050,24700,26363.3765,27639.7553,31785.7186,35931.6819,0.9737,0.7566,-0.4329,Below,3589.7553,0.0
E00751,PL,PL · Kraków,Customer Service,L3,D,M,1.0,28450,30200,22098.6552,24543.9746,29452.7695,34361.5644,0.9421,0.966,0.3979,Within,0.0,0.0
E00752,PL,PL · Kraków,Finance,L3,D,M,1.0,35550,37000,34034.3671,24543.9746,29452.7695,34361.5644,0.9608,1.207,1.1211,Above,0.0,1188.4356
E00753,IT,IT · Milan,Customer Service,L3,D,F,1.0,37850,37400,35427.3211,37095.0301,44514.0361,51933.0421,1.012,0.8503,0.0509,Within,0.0,0.0
E00754,PL,PL · Kraków,Customer Service,L1,B,F,1.0,18200,18900,22098.6552,18287.8798,21031.0617,23774.2437,0.963,0.8654,-0.016,Below,87.8798,0.0
E00755,PL,PL · Kraków,Finance,L1,A,M,1.0,22000,23100,22098.6552,16933.222,19473.2053,22013.1886,0.9524,1.1298,0.9974,Within,0.0,0.0
E00756,IT,IT · Milan,Operations,L4,E,M,0.8,59900,51900,44423.0257,48685.6742,58422.809,68159.9438,1.1541,1.0253,0.5759,Within,0.0,0.0
E00757,IT,IT · Milan,Customer Service,L1,B,M,1.0,25550,23400,35427.3211,27639.7553,31785.7186,35931.6819,1.0919,0.8038,-0.252,Below,2089.7553,0.0
E00758,PL,PL · Kraków,Operations,L1,B,M,1.0,19750,20000,17581.1795,18287.8798,21031.0617,23774.2437,0.9875,0.9391,0.2665,Within,0.0,0.0
E00759,PL,PL · Kraków,Customer Service,L1,B,F,1.0,15800,18900,22098.6552,18287.8798,21031.0617,23774.2437,0.836,0.7513,-0.4535,Below,2487.8798,0.0
E00761,DE,DE · Munich,Sales,L2,C,F,1.0,62500,49900,63763.1933,45111.096,51877.7604,58644.4248,1.2525,1.2048,1.2849,Above,0.0,3855.5752
E00763,ES,ES · Barcelona,HR,L5,F,F,1.0,70200,72500,67142.552,58289.4759,72861.8449,87434.2139,0.9683,0.9635,0.4087,Within,0.0,0.0
E00764,DE,DE · Munich,Operations,L3,D,F,1.0,54650,57800,47695.8157,56058.4593,67270.1512,78481.843,0.9455,0.8124,-0.0628,Below,1408.4593,0.0
E00765,DE,DE · Munich,Customer Service,L2,C,M,0.8,44150,42800,52281.637,45111.096,51877.7604,58644.4248,1.0315,0.851,-0.071,Below,768.8768,0.0
E00767,ES,ES · Barcelona,Tech,L2,B,M,1.0,38800,39100,38450.926,24961.0349,28705.1901,32449.3454,0.9923,1.3517,1.8481,Above,0.0,6350.6546
E00768,PL,PL · Kraków,Finance,L1,A,M,1.0,24050,23100,22098.6552,16933.222,19473.2053,22013.1886,1.0411,1.235,1.4009,Above,0.0,2036.8114
E00769,DE,DE · Munich,Tech,L4,E,M,1.0,106400,99800,83423.91,73574.3812,88289.2574,103004.1336,1.0661,1.2051,1.1154,Above,0.0,3395.8664
E00770,DE,DE · Munich,Sales,L3,D,M,0.8,71550,63800,63763.1933,56058.4593,67270.1512,78481.843,1.1215,1.0636,0.6909,Within,0.0,0.0
E00771,IT,IT · Milan,Customer Service,L3,D,F,1.0,35150,37400,35427.3211,37095.0301,44514.0361,51933.0421,0.9398,0.7896,-0.1311,Below,1945.0301,0.0
E00772,DE,DE · Munich,HR,L2,B,F,1.0,44300,47500,63763.1933,41769.5333,48034.9633,54300.3934,0.9326,0.9222,0.2019,Within,0.0,0.0
E00773,PL,PL · Kraków,Tech,L1,A,M,1.0,29550,26200,28111.3077,16933.222,19473.2053,22013.1886,1.1279,1.5175,2.4836,Above,0.0,7536.8114
E00774,PL,PL · Kraków,Tech,L1,A,M,1.0,27200,26200,28111.3077,16933.222,19473.2053,22013.1886,1.0382,1.3968,2.021,Above,0.0,5186.8114
E00775,IT,IT · Milan,Operations,L1,B,F,1.0,27200,24700,26363.3765,27639.7553,31785.7186,35931.6819,1.1012,0.8557,-0.053,Below,439.7553,0.0
E00776,PL,PL · Kraków,Sales,L4,E,M,1.0,41050,46300,28111.3077,32212.9392,38655.527,45098.1148,0.8866,1.0619,0.6858,Within,0.0,0.0
E00777,PL,PL · Kraków,Customer Service,L2,C,F,1.0,23700,23600,22098.6552,19750.9101,22713.5467,25676.1832,1.0042,1.0434,0.6665,Within,0.0,0.0
E00778,PL,PL · Kraków,Customer Service,L1,B,M,1.0,19150,18900,22098.6552,18287.8798,21031.0617,23774.2437,1.0132,0.9106,0.1571,Within,0.0,0.0
E00779,PL,PL · Kraków,Sales,L2,C,F,1.0,27750,27600,28111.3077,19750.9101,22713.5467,25676.1832,1.0054,1.2217,1.35,Above,0.0,2073.8168
E00780,IT,IT · Milan,Operations,L6,G,M,1.0,89550,98800,119149.3884,86057.7477,111875.072,137692.3963,0.9064,0.8004,0.0676,Within,0.0,0.0
E00781,PL,PL · Kraków,Finance,L1,A,M,0.8,21200,23100,22098.6552,16933.222,19473.2053,22013.1886,0.9177,1.0887,0.8399,Within,0.0,0.0
E00782,IT,IT · Milan,Finance,L1,A,M,1.0,28150,28600,35427.3211,25592.366,29431.2209,33270.0758,0.9843,0.9565,0.3331,Within,0.0,0.0
E00784,PL,PL · Kraków,Finance,L4,E,M,1.0,44600,48500,34034.3671,32212.9392,38655.527,45098.1148,0.9196,1.1538,0.9613,Within,0.0,0.0
E00785,IT,IT · Milan,Tech,L3,D,M,1.0,40450,52000,45051.5517,37095.0301,44514.0361,51933.0421,0.7779,0.9087,0.2261,Within,0.0,0.0
E00786,PL,PL · Kraków,Customer Service,L3,D,M,1.0,30700,30200,22098.6552,24543.9746,29452.7695,34361.5644,1.0166,1.0423,0.627,Within,0.0,0.0
E00787,PL,PL · Kraków,Operations,L2,C,M,1.0,26350,24900,23500.5671,19750.9101,22713.5467,25676.1832,1.0582,1.1601,1.1137,Above,0.0,673.8168
E00788,DE,DE · Munich,HR,L3,D,F,1.0,60150,60800,83423.91,56058.4593,67270.1512,78481.843,0.9893,0.8942,0.1825,Within,0.0,0.0
E00790,IT,IT · Milan,Operations,L1,B,F,1.0,24450,24700,26363.3765,27639.7553,31785.7186,35931.6819,0.9899,0.7692,-0.3847,Below,3189.7553,0.0
E00791,ES,ES · Barcelona,Sales,L1,A,M,1.0,24700,26200,38450.926,23112.0694,26578.8798,30045.6902,0.9427,0.9293,0.229,Within,0.0,0.0
E00792,PL,PL · Kraków,Sales,L1,A,F,1.0,24150,22000,28111.3077,16933.222,19473.2053,22013.1886,1.0977,1.2402,1.4206,Above,0.0,2136.8114
E00793,PL,PL · Kraków,Customer Service,L2,C,F,1.0,28400,23600,22098.6552,19750.9101,22713.5467,25676.1832,1.2034,1.2504,1.4597,Above,0.0,2723.8168
E00797,PL,PL · Kraków,Customer Service,L2,C,M,1.0,24200,23600,22098.6552,19750.9101,22713.5467,25676.1832,1.0254,1.0654,0.7509,Within,0.0,0.0
E00798,IT,IT · Milan,Operations,L4,E,M,1.0,53400,51900,44423.0257,48685.6742,58422.809,68159.9438,1.0289,0.914,0.2421,Within,0.0,0.0
E00799,ES,ES · Barcelona,Customer Service,L1,B,F,1.0,23650,22500,30175.2075,24961.0349,28705.1901,32449.3454,1.0511,0.8239,-0.1751,Below,1311.0349,0.0
E00800,ES,ES · Barcelona,Sales,L3,D,M,1.0,39250,42000,38450.926,33499.9471,40199.9366,46899.926,0.9345,0.9764,0.4291,Within,0.0,0.0
E00801,DE,DE · Munich,Customer Service,L2,C,F,1.0,41200,42800,52281.637,45111.096,51877.7604,58644.4248,0.9626,0.7942,-0.289,Below,3911.096,0.0
E00802,IT,IT · Milan,HR,L1,A,M,1.0,26550,26000,35427.3211,25592.366,29431.2209,33270.0758,1.0212,0.9021,0.1247,Within,0.0,0.0
E00803,DE,DE · Munich,Operations,L2,C,M,1.0,44700,45100,47695.8157,45111.096,51877.7604,58644.4248,0.9911,0.8616,-0.0304,Below,411.096,0.0
E00806,DE,DE · Munich,Operations,L3,D,M,1.0,57400,57800,47695.8157,56058.4593,67270.1512,78481.843,0.9931,0.8533,0.0598,Within,0.0,0.0
E00807,ES,ES · Barcelona,Operations,L4,E,F,1.0,44150,49900,38450.926,43967.2783,52760.7339,61554.1896,0.8848,0.8368,0.0104,Within,0.0,0.0
E00809,PL,PL · Kraków,Operations,L4,E,F,1.0,38400,41900,28111.3077,32212.9392,38655.527,45098.1148,0.9165,0.9934,0.4802,Within,0.0,0.0
E00810,DE,DE · Munich,Customer Service,L1,B,F,1.0,25350,34200,52281.637,41769.5333,48034.9633,54300.3934,0.7412,0.5277,-1.3103,Below,16419.5333,0.0
E00811,PL,PL · Kraków,Finance,L1,A,F,1.0,26500,23100,22098.6552,16933.222,19473.2053,22013.1886,1.1472,1.3608,1.8832,Above,0.0,4486.8114
E00812,PL,PL · Kraków,Operations,L1,B,F,1.0,18050,20000,17581.1795,18287.8798,21031.0617,23774.2437,0.9025,0.8583,-0.0434,Below,237.8798,0.0
E00813,PL,PL · Kraków,Customer Service,L1,B,F,1.0,17100,18900,22098.6552,18287.8798,21031.0617,23774.2437,0.9048,0.8131,-0.2165,Below,1187.8798,0.0
E00814,DE,DE · Munich,Tech,L3,D,F,1.0,80200,76000,83423.91,56058.4593,67270.1512,78481.843,1.0553,1.1922,1.0766,Above,0.0,1718.157
E00816,IT,IT · Milan,Customer Service,L2,C,F,1.0,23900,29200,35427.3211,29850.9357,34328.5761,38806.2164,0.8185,0.6962,-0.6645,Below,5950.9357,0.0
E00817,PL,PL · Kraków,Tech,L3,D,M,0.8,40800,42000,34034.3671,24543.9746,29452.7695,34361.5644,0.9714,1.3853,1.6558,Above,0.0,5150.7485
E00818,PL,PL · Kraków,Operations,L3,D,M,1.0,31600,31900,23500.5671,24543.9746,29452.7695,34361.5644,0.9906,1.0729,0.7187,Within,0.0,0.0
E00819,IT,IT · Milan,Customer Service,L2,C,F,1.0,29750,29200,35427.3211,29850.9357,34328.5761,38806.2164,1.0188,0.8666,-0.0113,Below,100.9357,0.0
E00821,DE,DE · Munich,HR,L1,A,F,1.0,40250,38000,52281.637,38675.4938,44476.8179,50278.142,1.0592,0.905,0.1357,Within,0.0,0.0
E00822,PL,PL · Kraków,Customer Service,L1,B,F,1.0,15350,18900,22098.6552,18287.8798,21031.0617,23774.2437,0.8122,0.7299,-0.5355,Below,2937.8798,0.0
E00823,DE,DE · Munich,Customer Service,L1,B,M,1.0,34250,34200,52281.637,41769.5333,48034.9633,54300.3934,1.0015,0.713,-0.6001,Below,7519.5333,0.0
E00824,PL,PL · Kraków,Operations,L5,F,M,1.0,57000,57900,50412.649,42706.1992,53382.7489,64059.2987,0.9845,1.0678,0.6694,Within,0.0,0.0
E00825,IT,IT · Milan,Tech,L5,F,M,1.0,95750,94200,119149.3884,64544.8739,80681.0924,96817.3109,1.0165,1.1868,0.9669,Within,0.0,0.0
E00826,IT,IT · Milan,Operations,L2,C,F,1.0,30300,30900,32970.682,29850.9357,34328.5761,38806.2164,0.9806,0.8826,0.0501,Within,0.0,0.0
E00827,DE,DE · Munich,Customer Service,L4,E,F,1.0,48000,71800,63763.1933,73574.3812,88289.2574,103004.1336,0.6685,0.5437,-0.869,Below,25574.3812,0.0
E00829,IT,IT · Milan,Finance,L2,B,F,1.0,33350,35800,44423.0257,27639.7553,31785.7186,35931.6819,0.9316,1.0492,0.6887,Within,0.0,0.0
E00830,IT,IT · Milan,Operations,L3,D,F,1.0,36850,39500,32970.682,37095.0301,44514.0361,51933.0421,0.9329,0.8278,-0.0165,Below,245.0301,0.0
E00831,DE,DE · Munich,Tech,L4,E,M,1.0,74550,99800,83423.91,73574.3812,88289.2574,103004.1336,0.747,0.8444,0.0332,Within,0.0,0.0
E00832,PL,PL · Kraków,Customer Service,L2,C,M,1.0,25300,23600,22098.6552,19750.9101,22713.5467,25676.1832,1.072,1.1139,0.9365,Within,0.0,0.0
E00834,ES,ES · Barcelona,Customer Service,L1,B,F,1.0,21500,22500,30175.2075,24961.0349,28705.1901,32449.3454,0.9556,0.749,-0.4622,Below,3461.0349,0.0
E00835,DE,DE · Munich,Operations,L1,B,M,0.8,33350,36100,36701.684,41769.5333,48034.9633,54300.3934,0.9238,0.6943,-0.6719,Below,6735.6267,0.0
E00836,PL,PL · Kraków,Customer Service,L2,C,M,1.0,22550,23600,22098.6552,19750.9101,22713.5467,25676.1832,0.9555,0.9928,0.4724,Within,0.0,0.0
E00837,ES,ES · Barcelona,Customer Service,L2,C,F,1.0,31550,28100,30175.2075,26957.9177,31001.6053,35045.293,1.1228,1.0177,0.5678,Within,0.0,0.0
E00838,DE,DE · Munich,Sales,L1,A,M,0.8,49600,39900,63763.1933,38675.4938,44476.8179,50278.142,1.2431,1.1152,0.9416,Within,0.0,0.0
E00839,ES,ES · Barcelona,Operations,L3,D,M,1.0,34000,38000,30735.5619,33499.9471,40199.9366,46899.926,0.8947,0.8458,0.0373,Within,0.0,0.0
E00840,PL,PL · Kraków,Customer Service,L2,C,F,1.0,19450,23600,22098.6552,19750.9101,22713.5467,25676.1832,0.8242,0.8563,-0.0508,Below,300.9101,0.0
E00841,IT,IT · Milan,Operations,L6,G,F,1.0,105450,98800,119149.3884,86057.7477,111875.072,137692.3963,1.0673,0.9426,0.3756,Within,0.0,0.0
E00843,PL,PL · Kraków,HR,L4,E,M,0.8,44800,44100,34034.3671,32212.9392,38655.527,45098.1148,1.0159,1.159,0.9769,Within,0.0,0.0
E00845,DE,DE · Munich,Finance,L2,B,M,1.0,57750,52300,63763.1933,41769.5333,48034.9633,54300.3934,1.1042,1.2022,1.2753,Above,0.0,3449.6066
E00847,DE,DE · Munich,Customer Service,L2,C,F,1.0,49200,42800,52281.637,45111.096,51877.7604,58644.4248,1.1495,0.9484,0.3021,Within,0.0,0.0
E00848,ES,ES · Barcelona,Tech,L2,B,M,1.0,39700,39100,38450.926,24961.0349,28705.1901,32449.3454,1.0153,1.383,1.9683,Above,0.0,7250.6546
E00849,PL,PL · Kraków,Customer Service,L2,C,F,1.0,24450,23600,22098.6552,19750.9101,22713.5467,25676.1832,1.036,1.0765,0.7931,Within,0.0,0.0
E00850,PL,PL · Kraków,Tech,L6,G,M,1.0,78400,105000,50412.649,56940.2199,74022.2858,91104.3518,0.7467,1.0591,0.6281,Within,0.0,0.0
E00851,DE,DE · Munich,Operations,L4,E,M,1.0,74800,75800,63763.1933,73574.3812,88289.2574,103004.1336,0.9868,0.8472,0.0416,Within,0.0,0.0
E00852,PL,PL · Kraków,Tech,L2,B,M,0.8,37550,32800,28111.3077,18287.8798,21031.0617,23774.2437,1.1448,1.7855,3.5109,Above,0.0,11020.605
E00853,IT,IT · Milan,Customer Service,L2,C,F,1.0,29200,29200,35427.3211,29850.9357,34328.5761,38806.2164,1.0,0.8506,-0.0727,Below,650.9357,0.0
E00854,PL,PL · Kraków,Sales,L2,C,F,1.0,25400,27600,28111.3077,19750.9101,22713.5467,25676.1832,0.9203,1.1183,0.9534,Within,0.0,0.0
E00855,IT,IT · Milan,Customer Service,L2,C,F,1.0,22950,29200,35427.3211,29850.9357,34328.5761,38806.2164,0.786,0.6685,-0.7706,Below,6900.9357,0.0
E00857,IT,IT · Milan,Customer Service,L2,C,M,1.0,33000,29200,35427.3211,29850.9357,34328.5761,38806.2164,1.1301,0.9613,0.3516,Within,0.0,0.0
E00858,ES,ES · Barcelona,Operations,L2,C,M,1.0,31550,29700,30735.5619,26957.9177,31001.6053,35045.293,1.0623,1.0177,0.5678,Within,0.0,0.0
E00859,IT,IT · Milan,Customer Service,L3,D,M,1.0,40000,37400,35427.3211,37095.0301,44514.0361,51933.0421,1.0695,0.8986,0.1958,Within,0.0,0.0
E00861,IT,IT · Milan,Customer Service,L1,B,F,0.8,25250,23400,35427.3211,27639.7553,31785.7186,35931.6819,1.0791,0.7944,-0.2882,Below,1911.8042,0.0
E00862,PL,PL · Kraków,Customer Service,L1,B,F,0.8,20500,18900,22098.6552,18287.8798,21031.0617,23774.2437,1.0847,0.9747,0.4032,Within,0.0,0.0
E00864,PL,PL · Kraków,HR,L4,E,M,1.0,43500,44100,34034.3671,32212.9392,38655.527,45098.1148,0.9864,1.1253,0.876,Within,0.0,0.0
E00865,PL,PL · Kraków,Customer Service,L2,C,F,1.0,27300,23600,22098.6552,19750.9101,22713.5467,25676.1832,1.1568,1.2019,1.274,Above,0.0,1623.8168
E00867,DE,DE · Munich,Operations,L4,E,M,1.0,84200,75800,63763.1933,73574.3812,88289.2574,103004.1336,1.1108,0.9537,0.3611,Within,0.0,0.0
E00868,IT,IT · Milan,Customer Service,L1,B,M,1.0,23750,23400,35427.3211,27639.7553,31785.7186,35931.6819,1.015,0.7472,-0.4691,Below,3889.7553,0.0
E00869,DE,DE · Munich,Customer Service,L1,B,M,1.0,32900,34200,52281.637,41769.5333,48034.9633,54300.3934,0.962,0.6849,-0.7078,Below,8869.5333,0.0
E00870,IT,IT · Milan,Customer Service,L2,C,M,1.0,25250,29200,35427.3211,29850.9357,34328.5761,38806.2164,0.8647,0.7355,-0.5138,Below,4600.9357,0.0
E00871,DE,DE · Munich,Sales,L3,D,M,1.0,57200,63800,63763.1933,56058.4593,67270.1512,78481.843,0.8966,0.8503,0.0509,Within,0.0,0.0
E00872,IT,IT · Milan,Sales,L3,D,M,1.0,45600,43700,44423.0257,37095.0301,44514.0361,51933.0421,1.0435,1.0244,0.5732,Within,0.0,0.0
E00874,DE,DE · Munich,Operations,L5,F,M,0.8,100800,104700,123043.8439,97540.9961,121926.2452,146311.4942,0.9628,0.8267,0.0668,Within,0.0,0.0
E00875,PL,PL · Kraków,Operations,L3,D,M,1.0,31250,31900,23500.5671,24543.9746,29452.7695,34361.5644,0.9796,1.061,0.6831,Within,0.0,0.0
E00876,PL,PL · Kraków,Operations,L2,C,F,1.0,27450,24900,23500.5671,19750.9101,22713.5467,25676.1832,1.1024,1.2085,1.2994,Above,0.0,1773.8168
E00877,DE,DE · Munich,Operations,L1,B,M,1.0,37350,36100,36701.684,41769.5333,48034.9633,54300.3934,1.0346,0.7776,-0.3527,Below,4419.5333,0.0
E00878,ES,ES · Barcelona,Customer Service,L1,B,M,1.0,25650,22500,30175.2075,24961.0349,28705.1901,32449.3454,1.14,0.8936,0.092,Within,0.0,0.0
E00879,IT,IT · Milan,Tech,L1,A,M,1.0,28900,32500,44423.0257,25592.366,29431.2209,33270.0758,0.8892,0.982,0.4308,Within,0.0,0.0
E00880,PL,PL · Kraków,Tech,L2,B,F,1.0,29950,32800,28111.3077,18287.8798,21031.0617,23774.2437,0.9131,1.4241,2.1257,Above,0.0,6175.7563
E00882,DE,DE · Munich,Customer Service,L2,C,M,1.0,51500,42800,52281.637,45111.096,51877.7604,58644.4248,1.2033,0.9927,0.4721,Within,0.0,0.0
E00883,ES,ES · Barcelona,Operations,L2,C,M,1.0,32300,29700,30735.5619,26957.9177,31001.6053,35045.293,1.0875,1.0419,0.6605,Within,0.0,0.0
E00884,PL,PL · Kraków,Operations,L5,F,F,1.0,47100,57900,50412.649,42706.1992,53382.7489,64059.2987,0.8135,0.8823,0.2058,Within,0.0,0.0
E00885,IT,IT · Milan,Finance,L3,D,M,1.0,45000,45800,45051.5517,37095.0301,44514.0361,51933.0421,0.9825,1.0109,0.5328,Within,0.0,0.0
E00887,DE,DE · Munich,Operations,L3,D,M,1.0,59550,57800,47695.8157,56058.4593,67270.1512,78481.843,1.0303,0.8852,0.1557,Within,0.0,0.0
E00889,IT,IT · Milan,Tech,L2,B,F,1.0,39850,40600,44423.0257,27639.7553,31785.7186,35931.6819,0.9815,1.2537,1.4725,Above,0.0,3918.3181
E00891,IT,IT · Milan,Operations,L2,C,F,1.0,34400,30900,32970.682,29850.9357,34328.5761,38806.2164,1.1133,1.0021,0.508,Within,0.0,0.0
E00892,PL,PL · Kraków,Operations,L1,B,M,1.0,20250,20000,17581.1795,18287.8798,21031.0617,23774.2437,1.0125,0.9629,0.3576,Within,0.0,0.0
E00894,PL,PL · Kraków,Tech,L3,D,M,1.0,43250,42000,34034.3671,24543.9746,29452.7695,34361.5644,1.0298,1.4685,1.9054,Above,0.0,8888.4356
E00895,PL,PL · Kraków,Customer Service,L1,B,M,1.0,21500,18900,22098.6552,18287.8798,21031.0617,23774.2437,1.1376,1.0223,0.5855,Within,0.0,0.0
E00896,DE,DE · Munich,Operations,L2,C,F,1.0,45050,45100,47695.8157,45111.096,51877.7604,58644.4248,0.9989,0.8684,-0.0045,Below,61.096,0.0
E00897,ES,ES · Barcelona,Customer Service,L3,D,F,1.0,36050,36000,30175.2075,33499.9471,40199.9366,46899.926,1.0014,0.8968,0.1903,Within,0.0,0.0
E00898,PL,PL · Kraków,Finance,L4,E,M,1.0,47550,48500,34034.3671,32212.9392,38655.527,45098.1148,0.9804,1.2301,1.1903,Above,0.0,2451.8852
E00900,DE,DE · Munich,Sales,L3,D,F,1.0,69150,63800,63763.1933,56058.4593,67270.1512,78481.843,1.0839,1.0279,0.5838,Within,0.0,0.0
E00901,IT,IT · Milan,Operations,L1,B,F,1.0,26350,24700,26363.3765,27639.7553,31785.7186,35931.6819,1.0668,0.829,-0.1555,Below,1289.7553,0.0
E00903,PL,PL · Kraków,Operations,L3,D,F,1.0,28800,31900,23500.5671,24543.9746,29452.7695,34361.5644,0.9028,0.9778,0.4335,Within,0.0,0.0
E00904,IT,IT · Milan,Tech,L4,E,M,1.0,63400,68200,45051.5517,48685.6742,58422.809,68159.9438,0.9296,1.0852,0.7556,Within,0.0,0.0
E00906,DE,DE · Munich,HR,L3,D,M,1.0,56650,60800,83423.91,56058.4593,67270.1512,78481.843,0.9317,0.8421,0.0264,Within,0.0,0.0
E00907,IT,IT · Milan,Operations,L1,B,F,1.0,24550,24700,26363.3765,27639.7553,31785.7186,35931.6819,0.9939,0.7724,-0.3726,Below,3089.7553,0.0
E00908,ES,ES · Barcelona,Operations,L2,C,M,1.0,32250,29700,30735.5619,26957.9177,31001.6053,35045.293,1.0859,1.0403,0.6544,Within,0.0,0.0
E00909,DE,DE · Munich,Customer Service,L1,B,F,1.0,37400,34200,52281.637,41769.5333,48034.9633,54300.3934,1.0936,0.7786,-0.3487,Below,4369.5333,0.0
E00910,IT,IT · Milan,Customer Service,L1,B,M,1.0,23200,23400,35427.3211,27639.7553,31785.7186,35931.6819,0.9915,0.7299,-0.5354,Below,4439.7553,0.0
E00911,DE,DE · Munich,Sales,L1,A,M,0.8,42800,39900,63763.1933,38675.4938,44476.8179,50278.142,1.0727,0.9623,0.3555,Within,0.0,0.0
E00912,PL,PL · Kraków,Finance,L3,D,M,1.0,40050,37000,34034.3671,24543.9746,29452.7695,34361.5644,1.0824,1.3598,1.5794,Above,0.0,5688.4356
E00913,ES,ES · Barcelona,Operations,L2,C,F,1.0,25350,29700,30735.5619,26957.9177,31001.6053,35045.293,0.8535,0.8177,-0.1988,Below,1607.9177,0.0
E00914,DE,DE · Munich,Finance,L2,B,F,1.0,46500,52300,63763.1933,41769.5333,48034.9633,54300.3934,0.8891,0.968,0.3775,Within,0.0,0.0
E00915,DE,DE · Munich,Operations,L1,B,F,1.0,35600,36100,36701.684,41769.5333,48034.9633,54300.3934,0.9861,0.7411,-0.4923,Below,6169.5333,0.0
E00916,PL,PL · Kraków,Operations,L2,C,M,1.0,25300,24900,23500.5671,19750.9101,22713.5467,25676.1832,1.0161,1.1139,0.9365,Within,0.0,0.0
E00917,PL,PL · Kraków,Tech,L3,D,F,1.0,42300,42000,34034.3671,24543.9746,29452.7695,34361.5644,1.0071,1.4362,1.8086,Above,0.0,7938.4356
E00918,IT,IT · Milan,Finance,L5,F,M,1.0,76750,82900,119149.3884,64544.8739,80681.0924,96817.3109,0.9258,0.9513,0.3782,Within,0.0,0.0
E00919,PL,PL · Kraków,Sales,L3,D,M,1.0,34300,35300,28111.3077,24543.9746,29452.7695,34361.5644,0.9717,1.1646,0.9937,Within,0.0,0.0
E00920,DE,DE · Munich,Operations,L2,C,F,1.0,39900,45100,47695.8157,45111.096,51877.7604,58644.4248,0.8847,0.7691,-0.3851,Below,5211.096,0.0
E00921,IT,IT · Milan,Customer Service,L4,E,M,1.0,49250,49100,44423.0257,48685.6742,58422.809,68159.9438,1.0031,0.843,0.029,Within,0.0,0.0
E00922,PL,PL · Kraków,Customer Service,L1,B,M,1.0,16800,18900,22098.6552,18287.8798,21031.0617,23774.2437,0.8889,0.7988,-0.2712,Below,1487.8798,0.0
E00923,IT,IT · Milan,Operations,L1,B,F,1.0,25950,24700,26363.3765,27639.7553,31785.7186,35931.6819,1.0506,0.8164,-0.2038,Below,1689.7553,0.0
E00924,IT,IT · Milan,Tech,L4,E,M,1.0,65750,68200,45051.5517,48685.6742,58422.809,68159.9438,0.9641,1.1254,0.8762,Within,0.0,0.0
E00925,PL,PL · Kraków,Sales,L2,C,F,1.0,20400,27600,28111.3077,19750.9101,22713.5467,25676.1832,0.7391,0.8981,0.1095,Within,0.0,0.0
E00926,IT,IT · Milan,Operations,L1,B,M,1.0,29100,24700,26363.3765,27639.7553,31785.7186,35931.6819,1.1781,0.9155,0.1761,Within,0.0,0.0
E00928,IT,IT · Milan,Customer Service,L1,B,M,1.0,25200,23400,35427.3211,27639.7553,31785.7186,35931.6819,1.0769,0.7928,-0.2942,Below,2439.7553,0.0
E00929,PL,PL · Kraków,Sales,L3,D,M,1.0,28150,35300,28111.3077,24543.9746,29452.7695,34361.5644,0.7975,0.9558,0.3673,Within,0.0,0.0
E00931,IT,IT · Milan,Operations,L2,C,F,0.8,29500,30900,32970.682,29850.9357,34328.5761,38806.2164,0.9547,0.8593,-0.0392,Below,280.7486,0.0
E00932,IT,IT · Milan,HR,L1,A,M,0.8,22150,26000,35427.3211,25592.366,29431.2209,33270.0758,0.8519,0.7526,-0.4484,Below,2753.8928,0.0
E00933,PL,PL · Kraków,Operations,L1,B,F,1.0,20700,20000,17581.1795,18287.8798,21031.0617,23774.2437,1.035,0.9843,0.4397,Within,0.0,0.0
E00934,PL,PL · Kraków,Customer Service,L3,D,M,1.0,33400,30200,22098.6552,24543.9746,29452.7695,34361.5644,1.106,1.134,0.9021,Within,0.0,0.0
E00936,IT,IT · Milan,Tech,L3,D,M,1.0,48050,52000,45051.5517,37095.0301,44514.0361,51933.0421,0.924,1.0794,0.7383,Within,0.0,0.0
E00937,DE,DE · Munich,Customer Service,L4,E,F,1.0,80300,71800,63763.1933,73574.3812,88289.2574,103004.1336,1.1184,0.9095,0.2285,Within,0.0,0.0
E00938,PL,PL · Kraków,Operations,L1,B,F,1.0,22450,20000,17581.1795,18287.8798,21031.0617,23774.2437,1.1225,1.0675,0.7586,Within,0.0,0.0
E00939,DE,DE · Munich,HR,L2,B,F,1.0,51950,47500,63763.1933,41769.5333,48034.9633,54300.3934,1.0937,1.0815,0.8124,Within,0.0,0.0
E00940,IT,IT · Milan,Customer Service,L2,C,M,1.0,30100,29200,35427.3211,29850.9357,34328.5761,38806.2164,1.0308,0.8768,0.0278,Within,0.0,0.0
E00942,PL,PL · Kraków,Customer Service,L2,C,F,1.0,21650,23600,22098.6552,19750.9101,22713.5467,25676.1832,0.9174,0.9532,0.3205,Within,0.0,0.0
E00943,ES,ES · Barcelona,Sales,L2,C,F,0.8,34750,32800,38450.926,26957.9177,31001.6053,35045.293,1.0595,1.1209,0.9635,Within,0.0,0.0
E00944,IT,IT · Milan,Customer Service,L4,E,M,1.0,50100,49100,44423.0257,48685.6742,58422.809,68159.9438,1.0204,0.8575,0.0726,Within,0.0,0.0
E00945,IT,IT · Milan,Customer Service,L1,B,M,1.0,22600,23400,35427.3211,27639.7553,31785.7186,35931.6819,0.9658,0.711,-0.6078,Below,5039.7553,0.0
E00946,PL,PL · Kraków,Customer Service,L1,B,F,1.0,17350,18900,22098.6552,18287.8798,21031.0617,23774.2437,0.918,0.825,-0.1709,Below,937.8798,0.0
E00947,IT,IT · Milan,Tech,L4,E,F,1.0,69850,68200,45051.5517,48685.6742,58422.809,68159.9438,1.0242,1.1956,1.0868,Above,0.0,1690.0562
E00948,PL,PL · Kraków,Tech,L2,B,M,0.8,31150,32800,28111.3077,18287.8798,21031.0617,23774.2437,0.9497,1.4811,2.3444,Above,0.0,5900.605
E00949,IT,IT · Milan,Customer Service,L3,D,F,1.0,34850,37400,35427.3211,37095.0301,44514.0361,51933.0421,0.9318,0.7829,-0.1513,Below,2245.0301,0.0
E00950,PL,PL · Kraków,Operations,L2,C,F,1.0,27150,24900,23500.5671,19750.9101,22713.5467,25676.1832,1.0904,1.1953,1.2487,Above,0.0,1473.8168
E00951,PL,PL · Kraków,Tech,L1,A,F,1.0,22950,26200,28111.3077,16933.222,19473.2053,22013.1886,0.876,1.1785,1.1844,Above,0.0,936.8114
E00952,ES,ES · Barcelona,Operations,L4,E,M,1.0,47400,49900,38450.926,43967.2783,52760.7339,61554.1896,0.9499,0.8984,0.1952,Within,0.0,0.0
E00953,DE,DE · Munich,Finance,L4,E,M,1.0,89600,87800,83423.91,73574.3812,88289.2574,103004.1336,1.0205,1.0148,0.5445,Within,0.0,0.0
E00954,IT,IT · Milan,Customer Service,L3,D,F,1.0,40900,37400,35427.3211,37095.0301,44514.0361,51933.0421,1.0936,0.9188,0.2564,Within,0.0,0.0
E00955,ES,ES · Barcelona,Operations,L5,F,M,1.0,66850,68900,67142.552,58289.4759,72861.8449,87434.2139,0.9702,0.9175,0.2937,Within,0.0,0.0
E00956,PL,PL · Kraków,Finance,L2,B,M,1.0,29700,28900,28111.3077,18287.8798,21031.0617,23774.2437,1.0277,1.4122,2.0801,Above,0.0,5925.7563
E00957,IT,IT · Milan,Sales,L2,C,F,1.0,32400,34100,44423.0257,29850.9357,34328.5761,38806.2164,0.9501,0.9438,0.2846,Within,0.0,0.0
E00959,ES,ES · Barcelona,Customer Service,L3,D,F,1.0,36700,36000,30175.2075,33499.9471,40199.9366,46899.926,1.0194,0.9129,0.2388,Within,0.0,0.0
E00960,DE,DE · Munich,Customer Service,L1,B,F,1.0,35950,34200,52281.637,41769.5333,48034.9633,54300.3934,1.0512,0.7484,-0.4644,Below,5819.5333,0.0
E00961,IT,IT · Milan,Operations,L3,D,F,1.0,38100,39500,32970.682,37095.0301,44514.0361,51933.0421,0.9646,0.8559,0.0677,Within,0.0,0.0
E00962,DE,DE · Munich,Tech,L1,A,F,1.0,43550,47500,63763.1933,38675.4938,44476.8179,50278.142,0.9168,0.9792,0.4201,Within,0.0,0.0
E00964,ES,ES · Barcelona,Operations,L1,B,F,1.0,22150,23800,23130.047,24961.0349,28705.1901,32449.3454,0.9307,0.7716,-0.3754,Below,2811.0349,0.0
E00965,PL,PL · Kraków,Customer Service,L2,C,F,1.0,22550,23600,22098.6552,19750.9101,22713.5467,25676.1832,0.9555,0.9928,0.4724,Within,0.0,0.0
E00966,PL,PL · Kraków,Operations,L1,B,M,1.0,18550,20000,17581.1795,18287.8798,21031.0617,23774.2437,0.9275,0.882,0.0478,Within,0.0,0.0
E00967,ES,ES · Barcelona,Customer Service,L1,B,M,1.0,18700,22500,30175.2075,24961.0349,28705.1901,32449.3454,0.8311,0.6515,-0.8361,Below,6261.0349,0.0
E00968,PL,PL · Kraków,Operations,L1,B,F,1.0,19950,20000,17581.1795,18287.8798,21031.0617,23774.2437,0.9975,0.9486,0.303,Within,0.0,0.0
E00969,IT,IT · Milan,Sales,L3,D,M,1.0,37000,43700,44423.0257,37095.0301,44514.0361,51933.0421,0.8467,0.8312,-0.0064,Below,95.0301,0.0
E00970,PL,PL · Kraków,Sales,L5,F,M,1.0,64850,63900,50412.649,42706.1992,53382.7489,64059.2987,1.0149,1.2148,1.037,Above,0.0,790.7013
E00971,PL,PL · Kraków,Finance,L3,D,M,1.0,39000,37000,34034.3671,24543.9746,29452.7695,34361.5644,1.0541,1.3242,1.4725,Above,0.0,4638.4356
E00972,PL,PL · Kraków,Customer Service,L2,C,F,1.0,23000,23600,22098.6552,19750.9101,22713.5467,25676.1832,0.9746,1.0126,0.5483,Within,0.0,0.0
E00973,PL,PL · Kraków,Tech,L3,D,M,1.0,41750,42000,34034.3671,24543.9746,29452.7695,34361.5644,0.994,1.4175,1.7526,Above,0.0,7388.4356
E00974,PL,PL · Kraków,Sales,L6,G,M,1.0,92050,88200,50412.649,56940.2199,74022.2858,91104.3518,1.0437,1.2435,1.0277,Above,0.0,945.6482
E00975,IT,IT · Milan,Operations,L2,C,F,1.0,33500,30900,32970.682,29850.9357,34328.5761,38806.2164,1.0841,0.9759,0.4075,Within,0.0,0.0
E00976,IT,IT · Milan,Customer Service,L3,D,F,1.0,32900,37400,35427.3211,37095.0301,44514.0361,51933.0421,0.8797,0.7391,-0.2827,Below,4195.0301,0.0
E00977,IT,IT · Milan,Finance,L2,B,F,0.8,36100,35800,44423.0257,27639.7553,31785.7186,35931.6819,1.0084,1.1357,1.0203,Above,0.0,134.6545
E00978,PL,PL · Kraków,Customer Service,L3,D,F,0.8,31950,30200,22098.6552,24543.9746,29452.7695,34361.5644,1.0579,1.0848,0.7544,Within,0.0,0.0
E00979,IT,IT · Milan,Operations,L5,F,M,0.8,78350,71600,119149.3884,64544.8739,80681.0924,96817.3109,1.0943,0.9711,0.4278,Within,0.0,0.0
E00980,DE,DE · Munich,HR,L3,D,M,1.0,48900,60800,83423.91,56058.4593,67270.1512,78481.843,0.8043,0.7269,-0.3192,Below,7158.4593,0.0
E00982,PL,PL · Kraków,Sales,L3,D,F,1.0,33450,35300,28111.3077,24543.9746,29452.7695,34361.5644,0.9476,1.1357,0.9071,Within,0.0,0.0
E00983,DE,DE · Munich,HR,L4,E,M,1.0,73550,79800,83423.91,73574.3812,88289.2574,103004.1336,0.9217,0.8331,-0.0008,Below,24.3812,0.0
E00984,DE,DE · Munich,Customer Service,L4,E,F,1.0,70550,71800,63763.1933,73574.3812,88289.2574,103004.1336,0.9826,0.7991,-0.1028,Below,3024.3812,0.0
E00985,IT,IT · Milan,Operations,L1,B,F,1.0,24850,24700,26363.3765,27639.7553,31785.7186,35931.6819,1.0061,0.7818,-0.3364,Below,2789.7553,0.0
E00986,PL,PL · Kraków,Customer Service,L1,B,F,0.8,19900,18900,22098.6552,18287.8798,21031.0617,23774.2437,1.0529,0.9462,0.2938,Within,0.0,0.0
E00987,ES,ES · Barcelona,Finance,L2,B,F,1.0,31100,34400,38450.926,24961.0349,28705.1901,32449.3454,0.9041,1.0834,0.8198,Within,0.0,0.0
E00988,IT,IT · Milan,Operations,L2,C,M,1.0,29850,30900,32970.682,29850.9357,34328.5761,38806.2164,0.966,0.8695,-0.0001,Below,0.9357,0.0
E00989,ES,ES · Barcelona,Finance,L3,D,F,1.0,44250,44000,49137.1558,33499.9471,40199.9366,46899.926,1.0057,1.1007,0.8022,Within,0.0,0.0
E00990,ES,ES · Barcelona,Operations,L4,E,M,1.0,51900,49900,38450.926,43967.2783,52760.7339,61554.1896,1.0401,0.9837,0.4511,Within,0.0,0.0
E00991,DE,DE · Munich,Tech,L3,D,M,1.0,88400,76000,83423.91,56058.4593,67270.1512,78481.843,1.1632,1.3141,1.4423,Above,0.0,9918.157
E00992,ES,ES · Barcelona,Finance,L2,B,F,1.0,38550,34400,38450.926,24961.0349,28705.1901,32449.3454,1.1206,1.343,1.8147,Above,0.0,6100.6546
E00993,DE,DE · Munich,Finance,L3,D,F,1.0,58050,66900,83423.91,56058.4593,67270.1512,78481.843,0.8677,0.8629,0.0888,Within,0.0,0.0
E00994,DE,DE · Munich,Operations,L1,B,M,1.0,39150,36100,36701.684,41769.5333,48034.9633,54300.3934,1.0845,0.815,-0.209,Below,2619.5333,0.0
E00996,PL,PL · Kraków,Customer Service,L1,B,F,0.8,20500,18900,22098.6552,18287.8798,21031.0617,23774.2437,1.0847,0.9747,0.4032,Within,0.0,0.0
E00997,IT,IT · Milan,Tech,L5,F,M,1.0,92550,94200,119149.3884,64544.8739,80681.0924,96817.3109,0.9825,1.1471,0.8678,Within,0.0,0.0
E00998,ES,ES · Barcelona,Operations,L3,D,M,1.0,38300,38000,30735.5619,33499.9471,40199.9366,46899.926,1.0079,0.9527,0.3582,Within,0.0,0.0
E00999,DE,DE · Munich,Customer Service,L1,B,M,1.0,35550,34200,52281.637,41769.5333,48034.9633,54300.3934,1.0395,0.7401,-0.4963,Below,6219.5333,0.0
E01001,IT,IT · Milan,Customer Service,L1,B,F,0.8,22700,23400,35427.3211,27639.7553,31785.7186,35931.6819,0.9701,0.7142,-0.5957,Below,3951.8042,0.0
E01002,ES,ES · Barcelona,Operations,L1,B,F,1.0,23650,23800,23130.047,24961.0349,28705.1901,32449.3454,0.9937,0.8239,-0.1751,Below,1311.0349,0.0
E01003,DE,DE · Munich,HR,L1,A,M,1.0,36000,38000,52281.637,38675.4938,44476.8179,50278.142,0.9474,0.8094,-0.2306,Below,2675.4938,0.0
E01004,PL,PL · Kraków,Customer Service,L1,B,F,1.0,18400,18900,22098.6552,18287.8798,21031.0617,23774.2437,0.9735,0.8749,0.0204,Within,0.0,0.0
E01005,ES,ES · Barcelona,Customer Service,L3,D,F,1.0,35050,36000,30175.2075,33499.9471,40199.9366,46899.926,0.9736,0.8719,0.1157,Within,0.0,0.0
E01006,IT,IT · Milan,Customer Service,L1,B,M,1.0,23250,23400,35427.3211,27639.7553,31785.7186,35931.6819,0.9936,0.7315,-0.5294,Below,4389.7553,0.0
E01007,ES,ES · Barcelona,Customer Service,L3,D,M,1.0,33250,36000,30175.2075,33499.9471,40199.9366,46899.926,0.9236,0.8271,-0.0187,Below,249.9471,0.0
E01008,DE,DE · Munich,Customer Service,L2,C,F,1.0,43500,42800,52281.637,45111.096,51877.7604,58644.4248,1.0164,0.8385,-0.119,Below,1611.096,0.0
E01009,ES,ES · Barcelona,Customer Service,L1,B,F,1.0,21950,22500,30175.2075,24961.0349,28705.1901,32449.3454,0.9756,0.7647,-0.4021,Below,3011.0349,0.0
E01010,DE,DE · Munich,Tech,L1,A,F,1.0,48500,47500,63763.1933,38675.4938,44476.8179,50278.142,1.0211,1.0905,0.8467,Within,0.0,0.0
E01011,DE,DE · Munich,Finance,L3,D,M,1.0,58900,66900,83423.91,56058.4593,67270.1512,78481.843,0.8804,0.8756,0.1267,Within,0.0,0.0
E01012,ES,ES · Barcelona,Customer Service,L1,B,F,1.0,23650,22500,30175.2075,24961.0349,28705.1901,32449.3454,1.0511,0.8239,-0.1751,Below,1311.0349,0.0
E01013,ES,ES · Barcelona,Tech,L2,B,F,1.0,35950,39100,38450.926,24961.0349,28705.1901,32449.3454,0.9194,1.2524,1.4675,Above,0.0,3500.6546
E01014,PL,PL · Kraków,Tech,L3,D,M,1.0,40550,42000,34034.3671,24543.9746,29452.7695,34361.5644,0.9655,1.3768,1.6303,Above,0.0,6188.4356
E01015,ES,ES · Barcelona,Operations,L5,F,M,1.0,69250,68900,67142.552,58289.4759,72861.8449,87434.2139,1.0051,0.9504,0.3761,Within,0.0,0.0
E01016,PL,PL · Kraków,HR,L2,B,M,1.0,23700,26200,28111.3077,18287.8798,21031.0617,23774.2437,0.9046,1.1269,0.9865,Within,0.0,0.0
E01017,PL,PL · Kraków,Sales,L6,G,M,1.0,84200,88200,50412.649,56940.2199,74022.2858,91104.3518,0.9546,1.1375,0.7979,Within,0.0,0.0
E01018,IT,IT · Milan,Sales,L2,C,F,1.0,33900,34100,44423.0257,29850.9357,34328.5761,38806.2164,0.9941,0.9875,0.4521,Within,0.0,0.0
E01019,IT,IT · Milan,Operations,L2,C,F,1.0,27650,30900,32970.682,29850.9357,34328.5761,38806.2164,0.8948,0.8055,-0.2458,Below,2200.9357,0.0
E01021,PL,PL · Kraków,Customer Service,L2,C,F,1.0,22450,23600,22098.6552,19750.9101,22713.5467,25676.1832,0.9513,0.9884,0.4555,Within,0.0,0.0
E01022,IT,IT · Milan,HR,L2,B,M,1.0,27800,32500,44423.0257,27639.7553,31785.7186,35931.6819,0.8554,0.8746,0.0193,Within,0.0,0.0
E01023,DE,DE · Munich,Operations,L3,D,F,1.0,61450,57800,47695.8157,56058.4593,67270.1512,78481.843,1.0631,0.9135,0.2404,Within,0.0,0.0
E01024,PL,PL · Kraków,Operations,L1,B,F,1.0,18550,20000,17581.1795,18287.8798,21031.0617,23774.2437,0.9275,0.882,0.0478,Within,0.0,0.0
E01025,PL,PL · Kraków,Customer Service,L2,C,F,1.0,24650,23600,22098.6552,19750.9101,22713.5467,25676.1832,1.0445,1.0853,0.8268,Within,0.0,0.0
E01026,PL,PL · Kraków,Operations,L2,C,F,1.0,23450,24900,23500.5671,19750.9101,22713.5467,25676.1832,0.9418,1.0324,0.6243,Within,0.0,0.0
E01027,IT,IT · Milan,HR,L3,D,M,1.0,34150,41600,45051.5517,37095.0301,44514.0361,51933.0421,0.8209,0.7672,-0.1985,Below,2945.0301,0.0
E01028,IT,IT · Milan,HR,L5,F,M,1.0,77200,75400,119149.3884,64544.8739,80681.0924,96817.3109,1.0239,0.9569,0.3921,Within,0.0,0.0
E01030,ES,ES · Barcelona,Customer Service,L4,E,F,0.8,43900,47200,38450.926,43967.2783,52760.7339,61554.1896,0.9301,0.8321,-0.0038,Below,53.8226,0.0
E01031,DE,DE · Munich,Customer Service,L2,C,F,1.0,36250,42800,52281.637,45111.096,51877.7604,58644.4248,0.847,0.6988,-0.6548,Below,8861.096,0.0
E01032,IT,IT · Milan,Tech,L1,A,F,1.0,31550,32500,44423.0257,25592.366,29431.2209,33270.0758,0.9708,1.072,0.776,Within,0.0,0.0
E01033,PL,PL · Kraków,Operations,L1,B,F,1.0,17850,20000,17581.1795,18287.8798,21031.0617,23774.2437,0.8925,0.8487,-0.0798,Below,437.8798,0.0
E01034,DE,DE · Munich,Operations,L5,F,M,1.0,105000,104700,123043.8439,97540.9961,121926.2452,146311.4942,1.0029,0.8612,0.1529,Within,0.0,0.0
E01035,PL,PL · Kraków,Sales,L2,C,F,1.0,27250,27600,28111.3077,19750.9101,22713.5467,25676.1832,0.9873,1.1997,1.2656,Above,0.0,1573.8168
E01036,IT,IT · Milan,Sales,L2,C,F,1.0,36250,34100,44423.0257,29850.9357,34328.5761,38806.2164,1.063,1.056,0.7146,Within,0.0,0.0
E01037,IT,IT · Milan,Tech,L4,E,F,1.0,61050,68200,45051.5517,48685.6742,58422.809,68159.9438,0.8952,1.045,0.6349,Within,0.0,0.0
E01038,PL,PL · Kraków,Customer Service,L4,E,F,1.0,41800,39700,28111.3077,32212.9392,38655.527,45098.1148,1.0529,1.0813,0.744,Within,0.0,0.0
E01040,DE,DE · Munich,Operations,L1,B,F,1.0,32850,36100,36701.684,41769.5333,48034.9633,54300.3934,0.91,0.6839,-0.7118,Below,8919.5333,0.0
E01041,ES,ES · Barcelona,HR,L3,D,F,1.0,41900,40000,49137.1558,33499.9471,40199.9366,46899.926,1.0475,1.0423,0.6269,Within,0.0,0.0
E01042,ES,ES · Barcelona,Finance,L2,B,F,1.0,38600,34400,38450.926,24961.0349,28705.1901,32449.3454,1.1221,1.3447,1.8214,Above,0.0,6150.6546
E01043,ES,ES · Barcelona,Tech,L5,F,F,1.0,93100,90600,67142.552,58289.4759,72861.8449,87434.2139,1.0276,1.2778,1.1944,Above,0.0,5665.7861
E01044,PL,PL · Kraków,Sales,L2,C,F,0.8,28000,27600,28111.3077,19750.9101,22713.5467,25676.1832,1.0145,1.2327,1.3922,Above,0.0,1859.0534
E01045,IT,IT · Milan,Finance,L4,E,F,1.0,52700,60100,45051.5517,48685.6742,58422.809,68159.9438,0.8769,0.902,0.2061,Within,0.0,0.0
E01046,PL,PL · Kraków,Operations,L4,E,M,0.8,42400,41900,28111.3077,32212.9392,38655.527,45098.1148,1.0119,1.0969,0.7906,Within,0.0,0.0
E01047,IT,IT · Milan,Finance,L1,A,F,1.0,31400,28600,35427.3211,25592.366,29431.2209,33270.0758,1.0979,1.0669,0.7564,Within,0.0,0.0
E01048,DE,DE · Munich,Sales,L2,C,M,1.0,50250,49900,63763.1933,45111.096,51877.7604,58644.4248,1.007,0.9686,0.3797,Within,0.0,0.0
E01049,DE,DE · Munich,HR,L2,B,F,1.0,46350,47500,63763.1933,41769.5333,48034.9633,54300.3934,0.9758,0.9649,0.3655,Within,0.0,0.0
E01050,PL,PL · Kraków,Customer Service,L3,D,M,1.0,30900,30200,22098.6552,24543.9746,29452.7695,34361.5644,1.0232,1.0491,0.6474,Within,0.0,0.0
E01051,IT,IT · Milan,Customer Service,L1,B,F,1.0,24350,23400,35427.3211,27639.7553,31785.7186,35931.6819,1.0406,0.7661,-0.3967,Below,3289.7553,0.0
E01052,ES,ES · Barcelona,Customer Service,L2,C,F,1.0,22550,28100,30175.2075,26957.9177,31001.6053,35045.293,0.8025,0.7274,-0.545,Below,4407.9177,0.0
E01053,IT,IT · Milan,Customer Service,L1,B,M,1.0,24450,23400,35427.3211,27639.7553,31785.7186,35931.6819,1.0449,0.7692,-0.3847,Below,3189.7553,0.0
E01054,ES,ES · Barcelona,Customer Service,L4,E,M,1.0,45300,47200,38450.926,43967.2783,52760.7339,61554.1896,0.9597,0.8586,0.0758,Within,0.0,0.0
E01055,PL,PL · Kraków,Operations,L5,F,F,1.0,57100,57900,50412.649,42706.1992,53382.7489,64059.2987,0.9862,1.0696,0.6741,Within,0.0,0.0
E01056,ES,ES · Barcelona,Sales,L1,A,F,1.0,25100,26200,38450.926,23112.0694,26578.8798,30045.6902,0.958,0.9444,0.2867,Within,0.0,0.0
E01057,ES,ES · Barcelona,Tech,L4,E,M,1.0,64000,65600,49137.1558,43967.2783,52760.7339,61554.1896,0.9756,1.213,1.1391,Above,0.0,2445.8104
E01058,PL,PL · Kraków,Sales,L1,A,F,1.0,25800,22000,28111.3077,16933.222,19473.2053,22013.1886,1.1727,1.3249,1.7454,Above,0.0,3786.8114
E01059,IT,IT · Milan,Customer Service,L1,B,M,1.0,22950,23400,35427.3211,27639.7553,31785.7186,35931.6819,0.9808,0.722,-0.5656,Below,4689.7553,0.0
E01060,IT,IT · Milan,Operations,L2,C,F,1.0,30800,30900,32970.682,29850.9357,34328.5761,38806.2164,0.9968,0.8972,0.106,Within,0.0,0.0
E01061,PL,PL · Kraków,Customer Service,L3,D,F,1.0,28800,30200,22098.6552,24543.9746,29452.7695,34361.5644,0.9536,0.9778,0.4335,Within,0.0,0.0
E01062,PL,PL · Kraków,Finance,L2,B,F,0.8,27750,28900,28111.3077,18287.8798,21031.0617,23774.2437,0.9602,1.3195,1.7247,Above,0.0,3180.605
E01063,PL,PL · Kraków,Operations,L3,D,M,1.0,32600,31900,23500.5671,24543.9746,29452.7695,34361.5644,1.0219,1.1069,0.8206,Within,0.0,0.0
E01064,PL,PL · Kraków,Tech,L2,B,F,1.0,29500,32800,28111.3077,18287.8798,21031.0617,23774.2437,0.8994,1.4027,2.0436,Above,0.0,5725.7563
E01065,ES,ES · Barcelona,Customer Service,L1,B,M,1.0,22250,22500,30175.2075,24961.0349,28705.1901,32449.3454,0.9889,0.7751,-0.362,Below,2711.0349,0.0
E01066,PL,PL · Kraków,Customer Service,L2,C,F,1.0,23600,23600,22098.6552,19750.9101,22713.5467,25676.1832,1.0,1.039,0.6496,Within,0.0,0.0
E01067,PL,PL · Kraków,Operations,L5,F,M,1.0,60050,57900,50412.649,42706.1992,53382.7489,64059.2987,1.0371,1.1249,0.8122,Within,0.0,0.0
E01068,IT,IT · Milan,Customer Service,L3,D,M,1.0,38050,37400,35427.3211,37095.0301,44514.0361,51933.0421,1.0174,0.8548,0.0644,Within,0.0,0.0
E01069,PL,PL · Kraków,Tech,L3,D,M,0.8,46150,42000,34034.3671,24543.9746,29452.7695,34361.5644,1.0988,1.5669,2.2007,Above,0.0,9430.7485
E01070,ES,ES · Barcelona,Sales,L2,C,F,1.0,34150,32800,38450.926,26957.9177,31001.6053,35045.293,1.0412,1.1016,0.8893,Within,0.0,0.0
E01071,DE,DE · Munich,Tech,L3,D,M,1.0,83250,76000,83423.91,56058.4593,67270.1512,78481.843,1.0954,1.2375,1.2126,Above,0.0,4768.157
E01072,ES,ES · Barcelona,Tech,L4,E,F,1.0,68550,65600,49137.1558,43967.2783,52760.7339,61554.1896,1.045,1.2993,1.3978,Above,0.0,6995.8104
E01073,PL,PL · Kraków,Sales,L1,A,F,1.0,22750,22000,28111.3077,16933.222,19473.2053,22013.1886,1.0341,1.1683,1.145,Above,0.0,736.8114
E01074,DE,DE · Munich,Customer Service,L2,C,M,1.0,41500,42800,52281.637,45111.096,51877.7604,58644.4248,0.9696,0.8,-0.2668,Below,3611.096,0.0
E01075,PL,PL · Kraków,Finance,L4,E,F,1.0,45750,48500,34034.3671,32212.9392,38655.527,45098.1148,0.9433,1.1835,1.0506,Above,0.0,651.8852
E01077,PL,PL · Kraków,Tech,L5,F,M,1.0,72650,76100,50412.649,42706.1992,53382.7489,64059.2987,0.9547,1.3609,1.4023,Above,0.0,8590.7013
E01078,PL,PL · Kraków,Tech,L6,G,F,1.0,104950,105000,50412.649,56940.2199,74022.2858,91104.3518,0.9995,1.4178,1.4053,Above,0.0,13845.6482
E01080,PL,PL · Kraków,Sales,L1,A,M,0.8,25300,22000,28111.3077,16933.222,19473.2053,22013.1886,1.15,1.2992,1.647,Above,0.0,2629.4491
E01081,PL,PL · Kraków,Customer Service,L4,E,F,1.0,34650,39700,28111.3077,32212.9392,38655.527,45098.1148,0.8728,0.8964,0.1891,Within,0.0,0.0
E01082,DE,DE · Munich,Sales,L1,A,F,1.0,41300,39900,63763.1933,38675.4938,44476.8179,50278.142,1.0351,0.9286,0.2262,Within,0.0,0.0
E01083,ES,ES · Barcelona,Sales,L2,C,F,1.0,31400,32800,38450.926,26957.9177,31001.6053,35045.293,0.9573,1.0129,0.5493,Within,0.0,0.0
E01084,PL,PL · Kraków,Sales,L1,A,F,1.0,22600,22000,28111.3077,16933.222,19473.2053,22013.1886,1.0273,1.1606,1.1155,Above,0.0,586.8114
E01085,PL,PL · Kraków,HR,L2,B,F,1.0,26600,26200,28111.3077,18287.8798,21031.0617,23774.2437,1.0153,1.2648,1.5151,Above,0.0,2825.7563
E01086,PL,PL · Kraków,Operations,L1,B,M,1.0,17950,20000,17581.1795,18287.8798,21031.0617,23774.2437,0.8975,0.8535,-0.0616,Below,337.8798,0.0
E01087,DE,DE · Munich,Operations,L1,B,F,1.0,33850,36100,36701.684,41769.5333,48034.9633,54300.3934,0.9377,0.7047,-0.632,Below,7919.5333,0.0
E01088,IT,IT · Milan,Sales,L2,C,M,1.0,33050,34100,44423.0257,29850.9357,34328.5761,38806.2164,0.9692,0.9628,0.3572,Within,0.0,0.0
E01089,PL,PL · Kraków,Tech,L3,D,F,1.0,36950,42000,34034.3671,24543.9746,29452.7695,34361.5644,0.8798,1.2546,1.2637,Above,0.0,2588.4356
E01090,IT,IT · Milan,Finance,L1,A,F,1.0,28100,28600,35427.3211,25592.366,29431.2209,33270.0758,0.9825,0.9548,0.3266,Within,0.0,0.0
E01091,DE,DE · Munich,Finance,L1,A,F,1.0,49600,41800,52281.637,38675.4938,44476.8179,50278.142,1.1866,1.1152,0.9416,Within,0.0,0.0
E01092,DE,DE · Munich,Tech,L1,A,M,1.0,48550,47500,63763.1933,38675.4938,44476.8179,50278.142,1.0221,1.0916,0.8511,Within,0.0,0.0
E01093,PL,PL · Kraków,Customer Service,L3,D,F,1.0,22650,30200,22098.6552,24543.9746,29452.7695,34361.5644,0.75,0.769,-0.1929,Below,1893.9746,0.0
E01094,PL,PL · Kraków,Customer Service,L4,E,M,1.0,39050,39700,28111.3077,32212.9392,38655.527,45098.1148,0.9836,1.0102,0.5306,Within,0.0,0.0
E01095,PL,PL · Kraków,Sales,L2,C,M,1.0,24250,27600,28111.3077,19750.9101,22713.5467,25676.1832,0.8786,1.0676,0.7593,Within,0.0,0.0
E01096,IT,IT · Milan,Sales,L2,C,F,1.0,37450,34100,44423.0257,29850.9357,34328.5761,38806.2164,1.0982,1.0909,0.8486,Within,0.0,0.0
E01097,IT,IT · Milan,Finance,L2,B,M,1.0,35950,35800,44423.0257,27639.7553,31785.7186,35931.6819,1.0042,1.131,1.0022,Above,0.0,18.3181
E01098,PL,PL · Kraków,Finance,L4,E,M,1.0,44800,48500,34034.3671,32212.9392,38655.527,45098.1148,0.9237,1.159,0.9769,Within,0.0,0.0
E01099,IT,IT · Milan,Customer Service,L5,F,M,1.0,72200,67900,119149.3884,64544.8739,80681.0924,96817.3109,1.0633,0.8949,0.2372,Within,0.0,0.0
E01100,PL,PL · Kraków,HR,L4,E,F,1.0,45450,44100,34034.3671,32212.9392,38655.527,45098.1148,1.0306,1.1758,1.0273,Above,0.0,351.8852
E01101,PL,PL · Kraków,Customer Service,L4,E,M,1.0,37350,39700,28111.3077,32212.9392,38655.527,45098.1148,0.9408,0.9662,0.3987,Within,0.0,0.0
E01102,PL,PL · Kraków,Customer Service,L2,C,M,1.0,22300,23600,22098.6552,19750.9101,22713.5467,25676.1832,0.9449,0.9818,0.4302,Within,0.0,0.0
E01103,IT,IT · Milan,Customer Service,L2,C,M,1.0,30950,29200,35427.3211,29850.9357,34328.5761,38806.2164,1.0599,0.9016,0.1227,Within,0.0,0.0
E01105,DE,DE · Munich,Operations,L2,C,M,1.0,48100,45100,47695.8157,45111.096,51877.7604,58644.4248,1.0665,0.9272,0.2209,Within,0.0,0.0
E01106,ES,ES · Barcelona,Tech,L3,D,M,1.0,47300,50000,49137.1558,33499.9471,40199.9366,46899.926,0.946,1.1766,1.0299,Above,0.0,400.074
E01107,PL,PL · Kraków,Customer Service,L1,B,M,1.0,14950,18900,22098.6552,18287.8798,21031.0617,23774.2437,0.791,0.7109,-0.6084,Below,3337.8798,0.0
E01108,IT,IT · Milan,Operations,L1,B,F,1.0,25000,24700,26363.3765,27639.7553,31785.7186,35931.6819,1.0121,0.7865,-0.3184,Below,2639.7553,0.0
E01109,PL,PL · Kraków,Tech,L3,D,M,1.0,45050,42000,34034.3671,24543.9746,29452.7695,34361.5644,1.0726,1.5296,2.0887,Above,0.0,10688.4356
E01110,PL,PL · Kraków,Finance,L5,F,M,1.0,74800,67000,50412.649,42706.1992,53382.7489,64059.2987,1.1164,1.4012,1.503,Above,0.0,10740.7013
E01111,IT,IT · Milan,HR,L4,E,M,1.0,53050,54600,45051.5517,48685.6742,58422.809,68159.9438,0.9716,0.908,0.2241,Within,0.0,0.0
E01112,PL,PL · Kraków,Customer Service,L2,C,M,1.0,25300,23600,22098.6552,19750.9101,22713.5467,25676.1832,1.072,1.1139,0.9365,Within,0.0,0.0
E01113,ES,ES · Barcelona,Customer Service,L4,E,M,1.0,54350,47200,38450.926,43967.2783,52760.7339,61554.1896,1.1515,1.0301,0.5904,Within,0.0,0.0
E01115,IT,IT · Milan,Operations,L3,D,F,1.0,39600,39500,32970.682,37095.0301,44514.0361,51933.0421,1.0025,0.8896,0.1688,Within,0.0,0.0
E01116,IT,IT · Milan,Operations,L6,G,M,1.0,94050,98800,119149.3884,86057.7477,111875.072,137692.3963,0.9519,0.8407,0.1548,Within,0.0,0.0
E01117,PL,PL · Kraków,Tech,L1,A,F,1.0,25750,26200,28111.3077,16933.222,19473.2053,22013.1886,0.9828,1.3223,1.7356,Above,0.0,3736.8114
E01118,PL,PL · Kraków,Operations,L2,C,F,1.0,24900,24900,23500.5671,19750.9101,22713.5467,25676.1832,1.0,1.0963,0.869,Within,0.0,0.0
E01119,IT,IT · Milan,Operations,L1,B,F,1.0,25050,24700,26363.3765,27639.7553,31785.7186,35931.6819,1.0142,0.7881,-0.3123,Below,2589.7553,0.0
E01120,IT,IT · Milan,Operations,L1,B,F,1.0,25000,24700,26363.3765,27639.7553,31785.7186,35931.6819,1.0121,0.7865,-0.3184,Below,2639.7553,0.0
E01121,IT,IT · Milan,Customer Service,L3,D,F,1.0,39650,37400,35427.3211,37095.0301,44514.0361,51933.0421,1.0602,0.8907,0.1722,Within,0.0,0.0
E01122,PL,PL · Kraków,Customer Service,L3,D,F,1.0,30650,30200,22098.6552,24543.9746,29452.7695,34361.5644,1.0149,1.0406,0.6219,Within,0.0,0.0
E01123,PL,PL · Kraków,Tech,L1,A,F,1.0,22600,26200,28111.3077,16933.222,19473.2053,22013.1886,0.8626,1.1606,1.1155,Above,0.0,586.8114
E01124,ES,ES · Barcelona,Customer Service,L2,C,M,1.0,31000,28100,30175.2075,26957.9177,31001.6053,35045.293,1.1032,0.9999,0.4998,Within,0.0,0.0
E01125,DE,DE · Munich,HR,L5,F,F,1.0,101900,110200,123043.8439,97540.9961,121926.2452,146311.4942,0.9247,0.8358,0.0894,Within,0.0,0.0
E01126,PL,PL · Kraków,HR,L3,D,M,1.0,34450,33600,34034.3671,24543.9746,29452.7695,34361.5644,1.0253,1.1697,1.009,Above,0.0,88.4356
E01127,IT,IT · Milan,Sales,L1,A,F,1.0,20700,27300,44423.0257,25592.366,29431.2209,33270.0758,0.7582,0.7033,-0.6372,Below,4892.366,0.0
E01129,PL,PL · Kraków,Sales,L3,D,M,1.0,31200,35300,28111.3077,24543.9746,29452.7695,34361.5644,0.8839,1.0593,0.678,Within,0.0,0.0
E01130,ES,ES · Barcelona,HR,L5,F,M,1.0,75000,72500,67142.552,58289.4759,72861.8449,87434.2139,1.0345,1.0293,0.5734,Within,0.0,0.0
E01131,IT,IT · Milan,Operations,L5,F,M,1.0,68850,71600,119149.3884,64544.8739,80681.0924,96817.3109,0.9616,0.8534,0.1334,Within,0.0,0.0
E01132,IT,IT · Milan,Operations,L2,C,F,1.0,28500,30900,32970.682,29850.9357,34328.5761,38806.2164,0.9223,0.8302,-0.1509,Below,1350.9357,0.0
E01134,IT,IT · Milan,Operations,L4,E,M,1.0,50200,51900,44423.0257,48685.6742,58422.809,68159.9438,0.9672,0.8593,0.0778,Within,0.0,0.0
E01135,IT,IT · Milan,Sales,L5,F,M,0.8,79850,79200,119149.3884,64544.8739,80681.0924,96817.3109,1.0082,0.9897,0.4742,Within,0.0,0.0
E01136,PL,PL · Kraków,Customer Service,L2,C,F,1.0,21100,23600,22098.6552,19750.9101,22713.5467,25676.1832,0.8941,0.929,0.2277,Within,0.0,0.0
E01137,PL,PL · Kraków,Customer Service,L3,D,F,1.0,31350,30200,22098.6552,24543.9746,29452.7695,34361.5644,1.0381,1.0644,0.6932,Within,0.0,0.0
E01139,IT,IT · Milan,Customer Service,L2,C,F,1.0,30500,29200,35427.3211,29850.9357,34328.5761,38806.2164,1.0445,0.8885,0.0725,Within,0.0,0.0
E01140,DE,DE · Munich,HR,L5,F,M,1.0,109950,110200,123043.8439,97540.9961,121926.2452,146311.4942,0.9977,0.9018,0.2544,Within,0.0,0.0
E01141,DE,DE · Munich,Tech,L3,D,M,0.8,82450,76000,83423.91,56058.4593,67270.1512,78481.843,1.0849,1.2257,1.177,Above,0.0,3174.5256
E01142,DE,DE · Munich,Finance,L3,D,M,1.0,70700,66900,83423.91,56058.4593,67270.1512,78481.843,1.0568,1.051,0.653,Within,0.0,0.0
E01143,IT,IT · Milan,Customer Service,L4,E,M,1.0,45250,49100,44423.0257,48685.6742,58422.809,68159.9438,0.9216,0.7745,-0.1764,Below,3435.6742,0.0
E01145,ES,ES · Barcelona,Operations,L3,D,F,1.0,37350,38000,30735.5619,33499.9471,40199.9366,46899.926,0.9829,0.9291,0.2873,Within,0.0,0.0
E01147,PL,PL · Kraków,Customer Service,L1,B,M,1.0,19300,18900,22098.6552,18287.8798,21031.0617,23774.2437,1.0212,0.9177,0.1845,Within,0.0,0.0
E01148,ES,ES · Barcelona,HR,L3,D,F,1.0,39350,40000,49137.1558,33499.9471,40199.9366,46899.926,0.9838,0.9789,0.4366,Within,0.0,0.0
E01149,IT,IT · Milan,Operations,L1,B,F,1.0,26700,24700,26363.3765,27639.7553,31785.7186,35931.6819,1.081,0.84,-0.1133,Below,939.7553,0.0
E01150,PL,PL · Kraków,HR,L1,A,M,1.0,23000,21000,22098.6552,16933.222,19473.2053,22013.1886,1.0952,1.1811,1.1943,Above,0.0,986.8114
E01151,ES,ES · Barcelona,Customer Service,L2,C,F,1.0,26250,28100,30175.2075,26957.9177,31001.6053,35045.293,0.9342,0.8467,-0.0875,Below,707.9177,0.0
E01153,IT,IT · Milan,Tech,L6,G,M,1.0,135750,130000,119149.3884,86057.7477,111875.072,137692.3963,1.0442,1.2134,0.9624,Within,0.0,0.0
E01155,ES,ES · Barcelona,Sales,L3,D,M,1.0,47900,42000,38450.926,33499.9471,40199.9366,46899.926,1.1405,1.1915,1.0746,Above,0.0,1000.074
E01156,IT,IT · Milan,Finance,L3,D,F,1.0,36300,45800,45051.5517,37095.0301,44514.0361,51933.0421,0.7926,0.8155,-0.0536,Below,795.0301,0.0
E01157,PL,PL · Kraków,HR,L2,B,F,1.0,25150,26200,28111.3077,18287.8798,21031.0617,23774.2437,0.9599,1.1959,1.2508,Above,0.0,1375.7563
E01158,PL,PL · Kraków,Customer Service,L4,E,M,1.0,40250,39700,28111.3077,32212.9392,38655.527,45098.1148,1.0139,1.0412,0.6237,Within,0.0,0.0
E01159,IT,IT · Milan,Customer Service,L1,B,F,1.0,17850,23400,35427.3211,27639.7553,31785.7186,35931.6819,0.7628,0.5616,-1.1806,Below,9789.7553,0.0
E01160,IT,IT · Milan,Customer Service,L1,B,F,1.0,20750,23400,35427.3211,27639.7553,31785.7186,35931.6819,0.8868,0.6528,-0.8309,Below,6889.7553,0.0
E01161,IT,IT · Milan,Operations,L2,C,M,1.0,32050,30900,32970.682,29850.9357,34328.5761,38806.2164,1.0372,0.9336,0.2456,Within,0.0,0.0
E01162,ES,ES · Barcelona,Operations,L2,C,F,1.0,29900,29700,30735.5619,26957.9177,31001.6053,35045.293,1.0067,0.9645,0.3638,Within,0.0,0.0
E01163,IT,IT · Milan,Customer Service,L2,C,F,1.0,26250,29200,35427.3211,29850.9357,34328.5761,38806.2164,0.899,0.7647,-0.4021,Below,3600.9357,0.0
E01164,IT,IT · Milan,Customer Service,L1,B,M,1.0,21700,23400,35427.3211,27639.7553,31785.7186,35931.6819,0.9274,0.6827,-0.7163,Below,5939.7553,0.0
E01167,DE,DE · Munich,HR,L1,A,F,1.0,38050,38000,52281.637,38675.4938,44476.8179,50278.142,1.0013,0.8555,-0.0539,Below,625.4938,0.0
E01170,IT,IT · Milan,Customer Service,L2,C,M,1.0,33400,29200,35427.3211,29850.9357,34328.5761,38806.2164,1.1438,0.973,0.3963,Within,0.0,0.0
E01171,PL,PL · Kraków,Operations,L1,B,M,1.0,18750,20000,17581.1795,18287.8798,21031.0617,23774.2437,0.9375,0.8915,0.0842,Within,0.0,0.0
E01172,PL,PL · Kraków,Tech,L2,B,F,1.0,29500,32800,28111.3077,18287.8798,21031.0617,23774.2437,0.8994,1.4027,2.0436,Above,0.0,5725.7563
E01173,ES,ES · Barcelona,Finance,L3,D,F,1.0,50950,44000,49137.1558,33499.9471,40199.9366,46899.926,1.158,1.2674,1.3022,Above,0.0,4050.074
E01174,IT,IT · Milan,Customer Service,L5,F,F,1.0,55300,67900,119149.3884,64544.8739,80681.0924,96817.3109,0.8144,0.6854,-0.2865,Below,9244.8739,0.0
E01175,IT,IT · Milan,Operations,L2,C,M,1.0,29850,30900,32970.682,29850.9357,34328.5761,38806.2164,0.966,0.8695,-0.0001,Below,0.9357,0.0
E01176,IT,IT · Milan,Tech,L3,D,M,1.0,51750,52000,45051.5517,37095.0301,44514.0361,51933.0421,0.9952,1.1626,0.9877,Within,0.0,0.0
E01177,IT,IT · Milan,Customer Service,L5,F,M,1.0,73250,67900,119149.3884,64544.8739,80681.0924,96817.3109,1.0788,0.9079,0.2697,Within,0.0,0.0
E01179,IT,IT · Milan,Customer Service,L3,D,F,1.0,42100,37400,35427.3211,37095.0301,44514.0361,51933.0421,1.1257,0.9458,0.3373,Within,0.0,0.0
E01180,ES,ES · Barcelona,Operations,L2,C,F,1.0,33550,29700,30735.5619,26957.9177,31001.6053,35045.293,1.1296,1.0822,0.8151,Within,0.0,0.0
E01181,DE,DE · Munich,Customer Service,L1,B,M,1.0,32800,34200,52281.637,41769.5333,48034.9633,54300.3934,0.9591,0.6828,-0.7158,Below,8969.5333,0.0
E01182,PL,PL · Kraków,Tech,L4,E,F,1.0,50500,55100,34034.3671,32212.9392,38655.527,45098.1148,0.9165,1.3064,1.4192,Above,0.0,5401.8852
E01183,PL,PL · Kraków,Customer Service,L2,C,M,1.0,22100,23600,22098.6552,19750.9101,22713.5467,25676.1832,0.9364,0.973,0.3965,Within,0.0,0.0
E01184,PL,PL · Kraków,Customer Service,L3,D,F,1.0,30850,30200,22098.6552,24543.9746,29452.7695,34361.5644,1.0215,1.0474,0.6423,Within,0.0,0.0
E01185,DE,DE · Munich,Tech,L3,D,F,1.0,86800,76000,83423.91,56058.4593,67270.1512,78481.843,1.1421,1.2903,1.371,Above,0.0,8318.157
E01186,IT,IT · Milan,Tech,L3,D,M,1.0,52400,52000,45051.5517,37095.0301,44514.0361,51933.0421,1.0077,1.1772,1.0315,Above,0.0,466.9579
E01187,IT,IT · Milan,Operations,L2,C,F,1.0,32100,30900,32970.682,29850.9357,34328.5761,38806.2164,1.0388,0.9351,0.2511,Within,0.0,0.0
E01188,PL,PL · Kraków,Customer Service,L1,B,M,1.0,20650,18900,22098.6552,18287.8798,21031.0617,23774.2437,1.0926,0.9819,0.4305,Within,0.0,0.0
E01189,IT,IT · Milan,Sales,L3,D,F,1.0,40200,43700,44423.0257,37095.0301,44514.0361,51933.0421,0.9199,0.9031,0.2093,Within,0.0,0.0
E01190,IT,IT · Milan,HR,L3,D,F,1.0,34050,41600,45051.5517,37095.0301,44514.0361,51933.0421,0.8185,0.7649,-0.2052,Below,3045.0301,0.0
E01191,PL,PL · Kraków,Operations,L5,F,M,1.0,63750,57900,50412.649,42706.1992,53382.7489,64059.2987,1.101,1.1942,0.9855,Within,0.0,0.0
E01192,PL,PL · Kraków,Operations,L6,G,M,1.0,80350,79800,50412.649,56940.2199,74022.2858,91104.3518,1.0069,1.0855,0.6852,Within,0.0,0.0
E01193,PL,PL · Kraków,Operations,L1,B,M,0.8,23600,20000,17581.1795,18287.8798,21031.0617,23774.2437,1.18,1.1221,0.9682,Within,0.0,0.0
E01194,DE,DE · Munich,Customer Service,L2,C,M,1.0,48950,42800,52281.637,45111.096,51877.7604,58644.4248,1.1437,0.9436,0.2837,Within,0.0,0.0
E01195,PL,PL · Kraków,Finance,L1,A,M,1.0,27050,23100,22098.6552,16933.222,19473.2053,22013.1886,1.171,1.3891,1.9915,Above,0.0,5036.8114
E01196,PL,PL · Kraków,Operations,L2,C,M,1.0,27800,24900,23500.5671,19750.9101,22713.5467,25676.1832,1.1165,1.2239,1.3584,Above,0.0,2123.8168
E01197,PL,PL · Kraków,Customer Service,L3,D,M,1.0,32150,30200,22098.6552,24543.9746,29452.7695,34361.5644,1.0646,1.0916,0.7747,Within,0.0,0.0
E01198,DE,DE · Munich,Operations,L2,C,F,1.0,46500,45100,47695.8157,45111.096,51877.7604,58644.4248,1.031,0.8963,0.1026,Within,0.0,0.0
E01199,DE,DE · Munich,Operations,L4,E,M,1.0,84850,75800,63763.1933,73574.3812,88289.2574,103004.1336,1.1194,0.961,0.3831,Within,0.0,0.0
E01200,IT,IT · Milan,Sales,L3,D,M,0.8,45300,43700,44423.0257,37095.0301,44514.0361,51933.0421,1.0366,1.0177,0.553,Within,0.0,0.0
E01201,DE,DE · Munich,Sales,L3,D,M,1.0,58350,63800,63763.1933,56058.4593,67270.1512,78481.843,0.9146,0.8674,0.1022,Within,0.0,0.0
E01202,IT,IT · Milan,Operations,L1,B,F,1.0,18500,24700,26363.3765,27639.7553,31785.7186,35931.6819,0.749,0.582,-1.1022,Below,9139.7553,0.0
E01203,DE,DE · Munich,HR,L2,B,F,1.0,42400,47500,63763.1933,41769.5333,48034.9633,54300.3934,0.8926,0.8827,0.0503,Within,0.0,0.0
E01204,PL,PL · Kraków,Customer Service,L1,B,M,1.0,20900,18900,22098.6552,18287.8798,21031.0617,23774.2437,1.1058,0.9938,0.4761,Within,0.0,0.0
E01205,PL,PL · Kraków,Customer Service,L2,C,F,1.0,28750,23600,22098.6552,19750.9101,22713.5467,25676.1832,1.2182,1.2658,1.5188,Above,0.0,3073.8168
E01206,IT,IT · Milan,Customer Service,L1,B,M,1.0,25550,23400,35427.3211,27639.7553,31785.7186,35931.6819,1.0919,0.8038,-0.252,Below,2089.7553,0.0
E01207,PL,PL · Kraków,Finance,L3,D,M,0.8,32000,37000,34034.3671,24543.9746,29452.7695,34361.5644,0.8649,1.0865,0.7595,Within,0.0,0.0
E01208,PL,PL · Kraków,HR,L5,F,M,1.0,58950,60900,50412.649,42706.1992,53382.7489,64059.2987,0.968,1.1043,0.7607,Within,0.0,0.0
E01209,PL,PL · Kraków,Tech,L3,D,M,1.0,43500,42000,34034.3671,24543.9746,29452.7695,34361.5644,1.0357,1.4769,1.9308,Above,0.0,9138.4356
E01210,IT,IT · Milan,Operations,L2,C,M,1.0,31400,30900,32970.682,29850.9357,34328.5761,38806.2164,1.0162,0.9147,0.173,Within,0.0,0.0
E01211,DE,DE · Munich,HR,L2,B,M,0.8,45750,47500,63763.1933,41769.5333,48034.9633,54300.3934,0.9632,0.9524,0.3177,Within,0.0,0.0
E01212,DE,DE · Munich,Sales,L5,F,F,1.0,107900,115700,123043.8439,97540.9961,121926.2452,146311.4942,0.9326,0.885,0.2124,Within,0.0,0.0
E01213,DE,DE · Munich,Sales,L1,A,F,1.0,41550,39900,63763.1933,38675.4938,44476.8179,50278.142,1.0414,0.9342,0.2477,Within,0.0,0.0
E01214,IT,IT · Milan,Operations,L2,C,F,1.0,29350,30900,32970.682,29850.9357,34328.5761,38806.2164,0.9498,0.855,-0.0559,Below,500.9357,0.0
E01215,PL,PL · Kraków,Customer Service,L3,D,F,1.0,33650,30200,22098.6552,24543.9746,29452.7695,34361.5644,1.1142,1.1425,0.9275,Within,0.0,0.0
E01216,ES,ES · Barcelona,Finance,L3,D,F,1.0,45850,44000,49137.1558,33499.9471,40199.9366,46899.926,1.042,1.1405,0.9216,Within,0.0,0.0
E01218,PL,PL · Kraków,Sales,L2,C,F,1.0,29300,27600,28111.3077,19750.9101,22713.5467,25676.1832,1.0616,1.29,1.6116,Above,0.0,3623.8168
E01219,DE,DE · Munich,HR,L3,D,F,1.0,56400,60800,83423.91,56058.4593,67270.1512,78481.843,0.9276,0.8384,0.0152,Within,0.0,0.0
E01220,DE,DE · Munich,Tech,L4,E,M,1.0,103850,99800,83423.91,73574.3812,88289.2574,103004.1336,1.0406,1.1762,1.0287,Above,0.0,845.8664
E01221,PL,PL · Kraków,Tech,L2,B,M,1.0,40250,32800,28111.3077,18287.8798,21031.0617,23774.2437,1.2271,1.9138,4.003,Above,0.0,16475.7563
E01222,PL,PL · Kraków,Tech,L4,E,M,0.8,49550,55100,34034.3671,32212.9392,38655.527,45098.1148,0.8993,1.2818,1.3455,Above,0.0,3561.5081
E01223,PL,PL · Kraków,Operations,L3,D,F,1.0,34850,31900,23500.5671,24543.9746,29452.7695,34361.5644,1.0925,1.1833,1.0498,Above,0.0,488.4356
E01224,PL,PL · Kraków,Customer Service,L3,D,F,1.0,32850,30200,22098.6552,24543.9746,29452.7695,34361.5644,1.0877,1.1153,0.846,Within,0.0,0.0
E01225,IT,IT · Milan,Tech,L3,D,M,1.0,44900,52000,45051.5517,37095.0301,44514.0361,51933.0421,0.8635,1.0087,0.526,Within,0.0,0.0
E01226,PL,PL · Kraków,Finance,L2,B,M,1.0,29100,28900,28111.3077,18287.8798,21031.0617,23774.2437,1.0069,1.3837,1.9707,Above,0.0,5325.7563
E01227,DE,DE · Munich,Tech,L4,E,M,1.0,110400,99800,83423.91,73574.3812,88289.2574,103004.1336,1.1062,1.2504,1.2513,Above,0.0,7395.8664
E01228,PL,PL · Kraków,Customer Service,L4,E,M,1.0,36350,39700,28111.3077,32212.9392,38655.527,45098.1148,0.9156,0.9404,0.3211,Within,0.0,0.0
E01229,IT,IT · Milan,Operations,L2,C,F,1.0,24900,30900,32970.682,29850.9357,34328.5761,38806.2164,0.8058,0.7253,-0.5529,Below,4950.9357,0.0
E01233,IT,IT · Milan,Finance,L4,E,M,1.0,51750,60100,45051.5517,48685.6742,58422.809,68159.9438,0.8611,0.8858,0.1574,Within,0.0,0.0
E01234,DE,DE · Munich,Customer Service,L3,D,F,1.0,52800,54700,52281.637,56058.4593,67270.1512,78481.843,0.9653,0.7849,-0.1453,Below,3258.4593,0.0
E01235,PL,PL · Kraków,Sales,L4,E,M,1.0,46700,46300,28111.3077,32212.9392,38655.527,45098.1148,1.0086,1.2081,1.1243,Above,0.0,1601.8852
E01236,DE,DE · Munich,Sales,L6,G,F,1.0,156800,159600,123043.8439,130051.5118,169066.9654,208082.4189,0.9825,0.9274,0.3428,Within,0.0,0.0
E01237,ES,ES · Barcelona,Customer Service,L4,E,M,1.0,44800,47200,38450.926,43967.2783,52760.7339,61554.1896,0.9492,0.8491,0.0473,Within,0.0,0.0
E01238,IT,IT · Milan,Tech,L1,A,M,1.0,29550,32500,44423.0257,25592.366,29431.2209,33270.0758,0.9092,1.004,0.5155,Within,0.0,0.0
E01239,PL,PL · Kraków,Tech,L1,A,F,1.0,24500,26200,28111.3077,16933.222,19473.2053,22013.1886,0.9351,1.2581,1.4895,Above,0.0,2486.8114
E01240,IT,IT · Milan,Tech,L5,F,F,1.0,96550,94200,119149.3884,64544.8739,80681.0924,96817.3109,1.0249,1.1967,0.9917,Within,0.0,0.0
E01241,ES,ES · Barcelona,Finance,L3,D,F,1.0,45200,44000,49137.1558,33499.9471,40199.9366,46899.926,1.0273,1.1244,0.8731,Within,0.0,0.0
E01242,IT,IT · Milan,Tech,L1,A,F,1.0,32300,32500,44423.0257,25592.366,29431.2209,33270.0758,0.9938,1.0975,0.8737,Within,0.0,0.0
E01243,IT,IT · Milan,Operations,L3,D,M,1.0,37800,39500,32970.682,37095.0301,44514.0361,51933.0421,0.957,0.8492,0.0475,Within,0.0,0.0
E01245,PL,PL · Kraków,Operations,L5,F,M,1.0,61250,57900,50412.649,42706.1992,53382.7489,64059.2987,1.0579,1.1474,0.8684,Within,0.0,0.0
E01246,PL,PL · Kraków,Operations,L3,D,M,1.0,29500,31900,23500.5671,24543.9746,29452.7695,34361.5644,0.9248,1.0016,0.5048,Within,0.0,0.0
E01247,IT,IT · Milan,Sales,L3,D,M,1.0,44950,43700,44423.0257,37095.0301,44514.0361,51933.0421,1.0286,1.0098,0.5294,Within,0.0,0.0
E01249,IT,IT · Milan,Operations,L1,B,M,1.0,26050,24700,26363.3765,27639.7553,31785.7186,35931.6819,1.0547,0.8196,-0.1917,Below,1589.7553,0.0
E01250,DE,DE · Munich,Sales,L1,A,F,1.0,39450,39900,63763.1933,38675.4938,44476.8179,50278.142,0.9887,0.887,0.0668,Within,0.0,0.0
E01251,DE,DE · Munich,Customer Service,L3,D,M,1.0,57000,54700,52281.637,56058.4593,67270.1512,78481.843,1.042,0.8473,0.042,Within,0.0,0.0
E01252,IT,IT · Milan,Sales,L1,A,F,1.0,27350,27300,44423.0257,25592.366,29431.2209,33270.0758,1.0018,0.9293,0.2289,Within,0.0,0.0
E01253,IT,IT · Milan,Operations,L1,B,M,1.0,26200,24700,26363.3765,27639.7553,31785.7186,35931.6819,1.0607,0.8243,-0.1736,Below,1439.7553,0.0
E01254,DE,DE · Munich,Tech,L2,B,M,1.0,62200,59400,63763.1933,41769.5333,48034.9633,54300.3934,1.0471,1.2949,1.6304,Above,0.0,7899.6066
E01255,DE,DE · Munich,Tech,L3,D,M,1.0,92550,76000,83423.91,56058.4593,67270.1512,78481.843,1.2178,1.3758,1.6274,Above,0.0,14068.157
E01256,DE,DE · Munich,Customer Service,L2,C,M,1.0,37050,42800,52281.637,45111.096,51877.7604,58644.4248,0.8657,0.7142,-0.5956,Below,8061.096,0.0
E01258,PL,PL · Kraków,Customer Service,L4,E,M,0.8,39650,39700,28111.3077,32212.9392,38655.527,45098.1148,0.9987,1.0257,0.5772,Within,0.0,0.0
E01259,DE,DE · Munich,HR,L2,B,F,0.8,37600,47500,63763.1933,41769.5333,48034.9633,54300.3934,0.7916,0.7828,-0.3327,Below,3335.6267,0.0
E01260,DE,DE · Munich,Operations,L3,D,M,1.0,56150,57800,47695.8157,56058.4593,67270.1512,78481.843,0.9715,0.8347,0.0041,Within,0.0,0.0
E01261,IT,IT · Milan,Customer Service,L2,C,F,1.0,26350,29200,35427.3211,29850.9357,34328.5761,38806.2164,0.9024,0.7676,-0.3909,Below,3500.9357,0.0
E01262,IT,IT · Milan,HR,L1,A,F,1.0,20650,26000,35427.3211,25592.366,29431.2209,33270.0758,0.7942,0.7016,-0.6437,Below,4942.366,0.0
E01263,ES,ES · Barcelona,Finance,L2,B,M,1.0,30200,34400,38450.926,24961.0349,28705.1901,32449.3454,0.8779,1.0521,0.6996,Within,0.0,0.0
E01264,IT,IT · Milan,Customer Service,L1,B,F,1.0,26350,23400,35427.3211,27639.7553,31785.7186,35931.6819,1.1261,0.829,-0.1555,Below,1289.7553,0.0
E01265,IT,IT · Milan,Tech,L4,E,M,1.0,66550,68200,45051.5517,48685.6742,58422.809,68159.9438,0.9758,1.1391,0.9173,Within,0.0,0.0
E01266,PL,PL · Kraków,Customer Service,L2,C,M,1.0,27050,23600,22098.6552,19750.9101,22713.5467,25676.1832,1.1462,1.1909,1.2319,Above,0.0,1373.8168
E01267,PL,PL · Kraków,Tech,L4,E,M,1.0,57950,55100,34034.3671,32212.9392,38655.527,45098.1148,1.0517,1.4991,1.9974,Above,0.0,12851.8852
E01268,PL,PL · Kraków,Sales,L2,C,F,1.0,29250,27600,28111.3077,19750.9101,22713.5467,25676.1832,1.0598,1.2878,1.6031,Above,0.0,3573.8168
E01269,DE,DE · Munich,Customer Service,L4,E,M,1.0,74150,71800,63763.1933,73574.3812,88289.2574,103004.1336,1.0327,0.8399,0.0196,Within,0.0,0.0
E01270,IT,IT · Milan,Tech,L1,A,M,1.0,28000,32500,44423.0257,25592.366,29431.2209,33270.0758,0.8615,0.9514,0.3136,Within,0.0,0.0
E01271,IT,IT · Milan,Customer Service,L2,C,M,1.0,30600,29200,35427.3211,29850.9357,34328.5761,38806.2164,1.0479,0.8914,0.0836,Within,0.0,0.0
E01272,PL,PL · Kraków,Operations,L2,C,M,1.0,24150,24900,23500.5671,19750.9101,22713.5467,25676.1832,0.9699,1.0632,0.7424,Within,0.0,0.0
E01273,PL,PL · Kraków,Customer Service,L4,E,M,1.0,39300,39700,28111.3077,32212.9392,38655.527,45098.1148,0.9899,1.0167,0.55,Within,0.0,0.0
E01274,PL,PL · Kraków,Operations,L2,C,F,1.0,24300,24900,23500.5671,19750.9101,22713.5467,25676.1832,0.9759,1.0698,0.7677,Within,0.0,0.0
E01275,IT,IT · Milan,Tech,L2,B,M,1.0,40550,40600,44423.0257,27639.7553,31785.7186,35931.6819,0.9988,1.2757,1.557,Above,0.0,4618.3181
E01276,IT,IT · Milan,Customer Service,L2,C,F,1.0,24950,29200,35427.3211,29850.9357,34328.5761,38806.2164,0.8545,0.7268,-0.5473,Below,4900.9357,0.0
E01277,PL,PL · Kraków,Tech,L3,D,M,1.0,39650,42000,34034.3671,24543.9746,29452.7695,34361.5644,0.944,1.3462,1.5387,Above,0.0,5288.4356
E01278,PL,PL · Kraków,Customer Service,L2,C,M,1.0,20450,23600,22098.6552,19750.9101,22713.5467,25676.1832,0.8665,0.9003,0.118,Within,0.0,0.0
E01279,DE,DE · Munich,Finance,L6,G,F,1.0,168550,167200,123043.8439,130051.5118,169066.9654,208082.4189,1.0081,0.9969,0.4934,Within,0.0,0.0
E01282,PL,PL · Kraków,Sales,L3,D,F,1.0,34150,35300,28111.3077,24543.9746,29452.7695,34361.5644,0.9674,1.1595,0.9785,Within,0.0,0.0
E01283,IT,IT · Milan,Finance,L6,G,M,1.0,119600,114400,119149.3884,86057.7477,111875.072,137692.3963,1.0455,1.069,0.6496,Within,0.0,0.0
E01284,ES,ES · Barcelona,Operations,L3,D,F,1.0,40300,38000,30735.5619,33499.9471,40199.9366,46899.926,1.0605,1.0025,0.5075,Within,0.0,0.0
E01286,DE,DE · Munich,Sales,L2,C,M,1.0,41650,49900,63763.1933,45111.096,51877.7604,58644.4248,0.8347,0.8028,-0.2557,Below,3461.096,0.0
E01287,ES,ES · Barcelona,Customer Service,L3,D,F,1.0,39450,36000,30175.2075,33499.9471,40199.9366,46899.926,1.0958,0.9813,0.444,Within,0.0,0.0
E01288,PL,PL · Kraków,Operations,L1,B,M,1.0,22950,20000,17581.1795,18287.8798,21031.0617,23774.2437,1.1475,1.0912,0.8498,Within,0.0,0.0
E01289,IT,IT · Milan,Sales,L3,D,M,1.0,42050,43700,44423.0257,37095.0301,44514.0361,51933.0421,0.9622,0.9446,0.3339,Within,0.0,0.0
E01290,IT,IT · Milan,Sales,L5,F,F,1.0,89050,79200,119149.3884,64544.8739,80681.0924,96817.3109,1.1244,1.1037,0.7593,Within,0.0,0.0
E01291,PL,PL · Kraków,Customer Service,L2,C,F,1.0,22000,23600,22098.6552,19750.9101,22713.5467,25676.1832,0.9322,0.9686,0.3796,Within,0.0,0.0
E01293,DE,DE · Munich,Tech,L2,B,F,0.8,60900,59400,63763.1933,41769.5333,48034.9633,54300.3934,1.0253,1.2678,1.5267,Above,0.0,5279.6853
E01294,DE,DE · Munich,Customer Service,L5,F,M,1.0,104900,99200,123043.8439,97540.9961,121926.2452,146311.4942,1.0575,0.8604,0.1509,Within,0.0,0.0
E01295,IT,IT · Milan,Sales,L3,D,F,0.8,45700,43700,44423.0257,37095.0301,44514.0361,51933.0421,1.0458,1.0266,0.5799,Within,0.0,0.0
E01296,IT,IT · Milan,Operations,L1,B,F,1.0,23900,24700,26363.3765,27639.7553,31785.7186,35931.6819,0.9676,0.7519,-0.451,Below,3739.7553,0.0
E01297,ES,ES · Barcelona,Customer Service,L2,C,F,1.0,24650,28100,30175.2075,26957.9177,31001.6053,35045.293,0.8772,0.7951,-0.2854,Below,2307.9177,0.0
E01298,IT,IT · Milan,Tech,L3,D,F,1.0,49250,52000,45051.5517,37095.0301,44514.0361,51933.0421,0.9471,1.1064,0.8192,Within,0.0,0.0
E01299,PL,PL · Kraków,Finance,L5,F,M,1.0,63300,67000,50412.649,42706.1992,53382.7489,64059.2987,0.9448,1.1858,0.9644,Within,0.0,0.0
E01300,DE,DE · Munich,Tech,L1,A,M,1.0,47850,47500,63763.1933,38675.4938,44476.8179,50278.142,1.0074,1.0758,0.7907,Within,0.0,0.0
E01301,IT,IT · Milan,Operations,L1,B,F,1.0,26550,24700,26363.3765,27639.7553,31785.7186,35931.6819,1.0749,0.8353,-0.1314,Below,1089.7553,0.0
E01302,PL,PL · Kraków,HR,L4,E,F,1.0,41450,44100,34034.3671,32212.9392,38655.527,45098.1148,0.9399,1.0723,0.7169,Within,0.0,0.0
E01303,IT,IT · Milan,Tech,L2,B,F,1.0,39850,40600,44423.0257,27639.7553,31785.7186,35931.6819,0.9815,1.2537,1.4725,Above,0.0,3918.3181
E01304,IT,IT · Milan,Operations,L1,B,F,1.0,24700,24700,26363.3765,27639.7553,31785.7186,35931.6819,1.0,0.7771,-0.3545,Below,2939.7553,0.0
E01305,IT,IT · Milan,Tech,L1,A,M,1.0,34000,32500,44423.0257,25592.366,29431.2209,33270.0758,1.0462,1.1552,1.0951,Above,0.0,729.9242
E01306,PL,PL · Kraków,Sales,L3,D,F,1.0,38650,35300,28111.3077,24543.9746,29452.7695,34361.5644,1.0949,1.3123,1.4368,Above,0.0,4288.4356
E01308,PL,PL · Kraków,Operations,L3,D,F,1.0,30750,31900,23500.5671,24543.9746,29452.7695,34361.5644,0.9639,1.044,0.6321,Within,0.0,0.0
E01309,ES,ES · Barcelona,Customer Service,L2,C,M,1.0,29550,28100,30175.2075,26957.9177,31001.6053,35045.293,1.0516,0.9532,0.3205,Within,0.0,0.0
E01310,PL,PL · Kraków,Operations,L2,C,M,1.0,26750,24900,23500.5671,19750.9101,22713.5467,25676.1832,1.0743,1.1777,1.1812,Above,0.0,1073.8168
E01311,IT,IT · Milan,Customer Service,L3,D,M,1.0,39500,37400,35427.3211,37095.0301,44514.0361,51933.0421,1.0561,0.8874,0.1621,Within,0.0,0.0
E01314,IT,IT · Milan,Customer Service,L2,C,M,1.0,34450,29200,35427.3211,29850.9357,34328.5761,38806.2164,1.1798,1.0035,0.5136,Within,0.0,0.0
E01315,PL,PL · Kraków,Customer Service,L6,G,M,0.8,60550,75600,50412.649,56940.2199,74022.2858,91104.3518,0.8009,0.818,0.1057,Within,0.0,0.0
E01316,PL,PL · Kraków,Finance,L2,B,F,1.0,28200,28900,28111.3077,18287.8798,21031.0617,23774.2437,0.9758,1.3409,1.8067,Above,0.0,4425.7563
E01319,PL,PL · Kraków,Tech,L2,B,F,1.0,35550,32800,28111.3077,18287.8798,21031.0617,23774.2437,1.0838,1.6904,3.1464,Above,0.0,11775.7563
E01320,PL,PL · Kraków,Tech,L1,A,M,0.8,23800,26200,28111.3077,16933.222,19473.2053,22013.1886,0.9084,1.2222,1.3517,Above,0.0,1429.4491
E01321,DE,DE · Munich,Customer Service,L2,C,F,0.8,44300,42800,52281.637,45111.096,51877.7604,58644.4248,1.035,0.8539,-0.0599,Below,648.8768,0.0
E01322,PL,PL · Kraków,Customer Service,L3,D,F,0.8,33550,30200,22098.6552,24543.9746,29452.7695,34361.5644,1.1109,1.1391,0.9173,Within,0.0,0.0
E01323,IT,IT · Milan,HR,L3,D,F,1.0,45150,41600,45051.5517,37095.0301,44514.0361,51933.0421,1.0853,1.0143,0.5429,Within,0.0,0.0
E01324,DE,DE · Munich,Operations,L2,C,F,1.0,59150,45100,47695.8157,45111.096,51877.7604,58644.4248,1.3115,1.1402,1.0374,Above,0.0,505.5752
E01325,ES,ES · Barcelona,Customer Service,L4,E,M,1.0,43000,47200,38450.926,43967.2783,52760.7339,61554.1896,0.911,0.815,-0.055,Below,967.2783,0.0
E01326,PL,PL · Kraków,Customer Service,L2,C,F,1.0,23850,23600,22098.6552,19750.9101,22713.5467,25676.1832,1.0106,1.05,0.6918,Within,0.0,0.0
E01327,ES,ES · Barcelona,Tech,L2,B,F,1.0,34600,39100,38450.926,24961.0349,28705.1901,32449.3454,0.8849,1.2054,1.2872,Above,0.0,2150.6546
E01329,PL,PL · Kraków,Customer Service,L5,F,F,1.0,45950,54800,50412.649,42706.1992,53382.7489,64059.2987,0.8385,0.8608,0.1519,Within,0.0,0.0
E01330,DE,DE · Munich,Customer Service,L2,C,M,1.0,46650,42800,52281.637,45111.096,51877.7604,58644.4248,1.09,0.8992,0.1137,Within,0.0,0.0
E01332,IT,IT · Milan,Sales,L2,C,M,0.8,34550,34100,44423.0257,29850.9357,34328.5761,38806.2164,1.0132,1.0065,0.5247,Within,0.0,0.0
E01333,IT,IT · Milan,Finance,L2,B,M,1.0,39050,35800,44423.0257,27639.7553,31785.7186,35931.6819,1.0908,1.2285,1.3761,Above,0.0,3118.3181
E01334,IT,IT · Milan,Customer Service,L3,D,F,1.0,34900,37400,35427.3211,37095.0301,44514.0361,51933.0421,0.9332,0.784,-0.1479,Below,2195.0301,0.0
E01335,DE,DE · Munich,Finance,L1,A,M,1.0,35400,41800,52281.637,38675.4938,44476.8179,50278.142,0.8469,0.7959,-0.2823,Below,3275.4938,0.0
E01337,IT,IT · Milan,HR,L1,A,M,1.0,28200,26000,35427.3211,25592.366,29431.2209,33270.0758,1.0846,0.9582,0.3396,Within,0.0,0.0
E01338,PL,PL · Kraków,Operations,L4,E,M,1.0,41700,41900,28111.3077,32212.9392,38655.527,45098.1148,0.9952,1.0788,0.7363,Within,0.0,0.0
E01339,DE,DE · Munich,Tech,L4,E,M,1.0,100450,99800,83423.91,73574.3812,88289.2574,103004.1336,1.0065,1.1377,0.9132,Within,0.0,0.0
E01340,IT,IT · Milan,Customer Service,L2,C,M,1.0,28050,29200,35427.3211,29850.9357,34328.5761,38806.2164,0.9606,0.8171,-0.2011,Below,1800.9357,0.0
E01341,PL,PL · Kraków,Customer Service,L2,C,M,1.0,28200,23600,22098.6552,19750.9101,22713.5467,25676.1832,1.1949,1.2415,1.4259,Above,0.0,2523.8168
E01342,DE,DE · Munich,HR,L1,A,F,1.0,32950,38000,52281.637,38675.4938,44476.8179,50278.142,0.8671,0.7408,-0.4935,Below,5725.4938,0.0
E01343,ES,ES · Barcelona,Operations,L3,D,M,1.0,36350,38000,30735.5619,33499.9471,40199.9366,46899.926,0.9566,0.9042,0.2127,Within,0.0,0.0
E01344,IT,IT · Milan,Customer Service,L3,D,F,1.0,36450,37400,35427.3211,37095.0301,44514.0361,51933.0421,0.9746,0.8188,-0.0435,Below,645.0301,0.0
E01345,DE,DE · Munich,Tech,L1,A,F,1.0,42900,47500,63763.1933,38675.4938,44476.8179,50278.142,0.9032,0.9645,0.3641,Within,0.0,0.0
E01346,IT,IT · Milan,Customer Service,L1,B,F,1.0,17550,23400,35427.3211,27639.7553,31785.7186,35931.6819,0.75,0.5521,-1.2168,Below,10089.7553,0.0
E01347,IT,IT · Milan,Operations,L3,D,M,1.0,41850,39500,32970.682,37095.0301,44514.0361,51933.0421,1.0595,0.9402,0.3205,Within,0.0,0.0
E01348,PL,PL · Kraków,Customer Service,L2,C,F,0.8,22400,23600,22098.6552,19750.9101,22713.5467,25676.1832,0.9492,0.9862,0.4471,Within,0.0,0.0
E01349,IT,IT · Milan,Customer Service,L2,C,M,1.0,24900,29200,35427.3211,29850.9357,34328.5761,38806.2164,0.8527,0.7253,-0.5529,Below,4950.9357,0.0
E01350,IT,IT · Milan,Sales,L3,D,M,1.0,53600,43700,44423.0257,37095.0301,44514.0361,51933.0421,1.2265,1.2041,1.1123,Above,0.0,1666.9579
E01351,DE,DE · Munich,Finance,L3,D,M,1.0,73850,66900,83423.91,56058.4593,67270.1512,78481.843,1.1039,1.0978,0.7934,Within,0.0,0.0
E01352,PL,PL · Kraków,Finance,L3,D,M,1.0,37450,37000,34034.3671,24543.9746,29452.7695,34361.5644,1.0122,1.2715,1.3146,Above,0.0,3088.4356
E01353,ES,ES · Barcelona,Customer Service,L1,B,F,1.0,20800,22500,30175.2075,24961.0349,28705.1901,32449.3454,0.9244,0.7246,-0.5557,Below,4161.0349,0.0
E01354,DE,DE · Munich,Customer Service,L1,B,F,1.0,34850,34200,52281.637,41769.5333,48034.9633,54300.3934,1.019,0.7255,-0.5522,Below,6919.5333,0.0
E01355,PL,PL · Kraków,Customer Service,L1,B,M,1.0,16600,18900,22098.6552,18287.8798,21031.0617,23774.2437,0.8783,0.7893,-0.3076,Below,1687.8798,0.0
E01356,IT,IT · Milan,Sales,L2,C,F,1.0,32750,34100,44423.0257,29850.9357,34328.5761,38806.2164,0.9604,0.954,0.3237,Within,0.0,0.0
E01357,PL,PL · Kraków,Customer Service,L2,C,M,1.0,25200,23600,22098.6552,19750.9101,22713.5467,25676.1832,1.0678,1.1095,0.9196,Within,0.0,0.0
E01358,IT,IT · Milan,Customer Service,L3,D,M,1.0,34550,37400,35427.3211,37095.0301,44514.0361,51933.0421,0.9238,0.7762,-0.1715,Below,2545.0301,0.0
E01359,PL,PL · Kraków,Sales,L1,A,F,1.0,21150,22000,28111.3077,16933.222,19473.2053,22013.1886,0.9614,1.0861,0.8301,Within,0.0,0.0
E01361,IT,IT · Milan,Finance,L4,E,M,1.0,54950,60100,45051.5517,48685.6742,58422.809,68159.9438,0.9143,0.9406,0.3217,Within,0.0,0.0
E01362,IT,IT · Milan,Tech,L2,B,M,1.0,39550,40600,44423.0257,27639.7553,31785.7186,35931.6819,0.9741,1.2443,1.4364,Above,0.0,3618.3181
E01363,PL,PL · Kraków,Operations,L3,D,F,1.0,29100,31900,23500.5671,24543.9746,29452.7695,34361.5644,0.9122,0.988,0.4641,Within,0.0,0.0
E01364,DE,DE · Munich,Operations,L2,C,F,1.0,44450,45100,47695.8157,45111.096,51877.7604,58644.4248,0.9856,0.8568,-0.0488,Below,661.096,0.0
E01365,PL,PL · Kraków,Operations,L2,C,M,1.0,28150,24900,23500.5671,19750.9101,22713.5467,25676.1832,1.1305,1.2393,1.4175,Above,0.0,2473.8168
E01366,PL,PL · Kraków,Customer Service,L5,F,M,1.0,50350,54800,50412.649,42706.1992,53382.7489,64059.2987,0.9188,0.9432,0.358,Within,0.0,0.0
E01367,IT,IT · Milan,Finance,L2,B,F,1.0,33000,35800,44423.0257,27639.7553,31785.7186,35931.6819,0.9218,1.0382,0.6464,Within,0.0,0.0
E01368,IT,IT · Milan,Customer Service,L1,B,M,1.0,19550,23400,35427.3211,27639.7553,31785.7186,35931.6819,0.8355,0.6151,-0.9756,Below,8089.7553,0.0
E01369,PL,PL · Kraków,Operations,L3,D,F,1.0,33150,31900,23500.5671,24543.9746,29452.7695,34361.5644,1.0392,1.1255,0.8766,Within,0.0,0.0
E01370,IT,IT · Milan,HR,L4,E,M,0.8,49850,54600,45051.5517,48685.6742,58422.809,68159.9438,0.913,0.8533,0.0598,Within,0.0,0.0
E01371,IT,IT · Milan,Sales,L2,C,F,0.8,29500,34100,44423.0257,29850.9357,34328.5761,38806.2164,0.8651,0.8593,-0.0392,Below,280.7486,0.0
E01372,PL,PL · Kraków,Customer Service,L2,C,F,1.0,19500,23600,22098.6552,19750.9101,22713.5467,25676.1832,0.8263,0.8585,-0.0423,Below,250.9101,0.0
E01374,IT,IT · Milan,Tech,L2,B,F,1.0,37350,40600,44423.0257,27639.7553,31785.7186,35931.6819,0.92,1.1751,1.171,Above,0.0,1418.3181
E01375,IT,IT · Milan,Tech,L3,D,F,1.0,49450,52000,45051.5517,37095.0301,44514.0361,51933.0421,0.951,1.1109,0.8327,Within,0.0,0.0
E01376,ES,ES · Barcelona,Sales,L1,A,F,1.0,22350,26200,38450.926,23112.0694,26578.8798,30045.6902,0.8531,0.8409,-0.1099,Below,762.0694,0.0
E01377,IT,IT · Milan,Operations,L1,B,F,1.0,27600,24700,26363.3765,27639.7553,31785.7186,35931.6819,1.1174,0.8683,-0.0048,Below,39.7553,0.0
E01378,IT,IT · Milan,Sales,L1,A,F,1.0,23150,27300,44423.0257,25592.366,29431.2209,33270.0758,0.848,0.7866,-0.3181,Below,2442.366,0.0
E01379,PL,PL · Kraków,HR,L3,D,F,1.0,29000,33600,34034.3671,24543.9746,29452.7695,34361.5644,0.8631,0.9846,0.4539,Within,0.0,0.0
E01380,DE,DE · Munich,Sales,L1,A,M,1.0,42900,39900,63763.1933,38675.4938,44476.8179,50278.142,1.0752,0.9645,0.3641,Within,0.0,0.0
E01381,PL,PL · Kraków,Customer Service,L3,D,F,1.0,30550,30200,22098.6552,24543.9746,29452.7695,34361.5644,1.0116,1.0373,0.6118,Within,0.0,0.0
E01382,DE,DE · Munich,Customer Service,L3,D,F,1.0,57600,54700,52281.637,56058.4593,67270.1512,78481.843,1.053,0.8562,0.0687,Within,0.0,0.0
E01383,IT,IT · Milan,Operations,L4,E,F,1.0,50950,51900,44423.0257,48685.6742,58422.809,68159.9438,0.9817,0.8721,0.1163,Within,0.0,0.0
E01385,DE,DE · Munich,Customer Service,L5,F,M,1.0,92100,99200,123043.8439,97540.9961,121926.2452,146311.4942,0.9284,0.7554,-0.1116,Below,5440.9961,0.0
E01386,DE,DE · Munich,Operations,L2,C,F,0.8,48300,45100,47695.8157,45111.096,51877.7604,58644.4248,1.071,0.931,0.2356,Within,0.0,0.0
E01387,IT,IT · Milan,Customer Service,L1,B,F,1.0,21650,23400,35427.3211,27639.7553,31785.7186,35931.6819,0.9252,0.6811,-0.7224,Below,5989.7553,0.0
E01388,IT,IT · Milan,Customer Service,L1,B,F,1.0,26350,23400,35427.3211,27639.7553,31785.7186,35931.6819,1.1261,0.829,-0.1555,Below,1289.7553,0.0
E01389,DE,DE · Munich,Customer Service,L3,D,M,1.0,55150,54700,52281.637,56058.4593,67270.1512,78481.843,1.0082,0.8198,-0.0405,Below,908.4593,0.0
E01391,PL,PL · Kraków,Operations,L4,E,F,1.0,42000,41900,28111.3077,32212.9392,38655.527,45098.1148,1.0024,1.0865,0.7596,Within,0.0,0.0
E01392,DE,DE · Munich,Customer Service,L5,F,M,1.0,93350,99200,123043.8439,97540.9961,121926.2452,146311.4942,0.941,0.7656,-0.0859,Below,4190.9961,0.0
E01393,PL,PL · Kraków,Customer Service,L4,E,F,1.0,31450,39700,28111.3077,32212.9392,38655.527,45098.1148,0.7922,0.8136,-0.0592,Below,762.9392,0.0
E01394,PL,PL · Kraków,Operations,L1,B,M,1.0,15300,20000,17581.1795,18287.8798,21031.0617,23774.2437,0.765,0.7275,-0.5446,Below,2987.8798,0.0
E01395,PL,PL · Kraków,HR,L3,D,M,1.0,33500,33600,34034.3671,24543.9746,29452.7695,34361.5644,0.997,1.1374,0.9122,Within,0.0,0.0
E01396,ES,ES · Barcelona,Customer Service,L1,B,F,1.0,17850,22500,30175.2075,24961.0349,28705.1901,32449.3454,0.7933,0.6218,-0.9496,Below,7111.0349,0.0
E01397,DE,DE · Munich,Customer Service,L1,B,M,1.0,39950,34200,52281.637,41769.5333,48034.9633,54300.3934,1.1681,0.8317,-0.1452,Below,1819.5333,0.0
E01398,PL,PL · Kraków,Operations,L2,C,M,1.0,29200,24900,23500.5671,19750.9101,22713.5467,25676.1832,1.1727,1.2856,1.5947,Above,0.0,3523.8168
E01399,ES,ES · Barcelona,Operations,L2,C,M,1.0,29900,29700,30735.5619,26957.9177,31001.6053,35045.293,1.0067,0.9645,0.3638,Within,0.0,0.0
E01400,DE,DE · Munich,Finance,L2,B,F,1.0,54850,52300,63763.1933,41769.5333,48034.9633,54300.3934,1.0488,1.1419,1.0439,Above,0.0,549.6066
E01401,IT,IT · Milan,Tech,L1,A,M,1.0,25100,32500,44423.0257,25592.366,29431.2209,33270.0758,0.7723,0.8528,-0.0641,Below,492.366,0.0
E01403,PL,PL · Kraków,HR,L3,D,M,1.0,31550,33600,34034.3671,24543.9746,29452.7695,34361.5644,0.939,1.0712,0.7136,Within,0.0,0.0
E01404,PL,PL · Kraków,Customer Service,L3,D,F,1.0,34550,30200,22098.6552,24543.9746,29452.7695,34361.5644,1.144,1.1731,1.0192,Above,0.0,188.4356
E01405,IT,IT · Milan,Tech,L1,A,M,0.8,33350,32500,44423.0257,25592.366,29431.2209,33270.0758,1.0262,1.1332,1.0104,Above,0.0,63.9394
E01406,PL,PL · Kraków,Finance,L2,B,M,1.0,27150,28900,28111.3077,18287.8798,21031.0617,23774.2437,0.9394,1.2909,1.6153,Above,0.0,3375.7563
E01407,PL,PL · Kraków,Sales,L1,A,F,0.8,20700,22000,28111.3077,16933.222,19473.2053,22013.1886,0.9409,1.063,0.7415,Within,0.0,0.0
E01408,DE,DE · Munich,Customer Service,L1,B,M,1.0,31250,34200,52281.637,41769.5333,48034.9633,54300.3934,0.9137,0.6506,-0.8395,Below,10519.5333,0.0
E01409,PL,PL · Kraków,Customer Service,L3,D,F,0.8,27850,30200,22098.6552,24543.9746,29452.7695,34361.5644,0.9222,0.9456,0.3367,Within,0.0,0.0
E01410,ES,ES · Barcelona,Finance,L3,D,F,1.0,43700,44000,49137.1558,33499.9471,40199.9366,46899.926,0.9932,1.0871,0.7612,Within,0.0,0.0
E01411,IT,IT · Milan,Customer Service,L2,C,F,1.0,32450,29200,35427.3211,29850.9357,34328.5761,38806.2164,1.1113,0.9453,0.2902,Within,0.0,0.0
E01412,DE,DE · Munich,HR,L3,D,M,1.0,62900,60800,83423.91,56058.4593,67270.1512,78481.843,1.0345,0.935,0.3051,Within,0.0,0.0
E01413,ES,ES · Barcelona,Operations,L2,C,F,1.0,28350,29700,30735.5619,26957.9177,31001.6053,35045.293,0.9545,0.9145,0.1721,Within,0.0,0.0
E01414,IT,IT · Milan,Customer Service,L3,D,F,1.0,39500,37400,35427.3211,37095.0301,44514.0361,51933.0421,1.0561,0.8874,0.1621,Within,0.0,0.0
E01415,DE,DE · Munich,Operations,L2,C,F,1.0,38200,45100,47695.8157,45111.096,51877.7604,58644.4248,0.847,0.7363,-0.5107,Below,6911.096,0.0
E01416,DE,DE · Munich,Operations,L3,D,M,1.0,49650,57800,47695.8157,56058.4593,67270.1512,78481.843,0.859,0.7381,-0.2858,Below,6408.4593,0.0
E01417,IT,IT · Milan,Customer Service,L2,C,M,1.0,30150,29200,35427.3211,29850.9357,34328.5761,38806.2164,1.0325,0.8783,0.0334,Within,0.0,0.0
E01418,ES,ES · Barcelona,Operations,L2,C,M,1.0,29350,29700,30735.5619,26957.9177,31001.6053,35045.293,0.9882,0.9467,0.2958,Within,0.0,0.0
E01419,ES,ES · Barcelona,Customer Service,L3,D,M,1.0,39050,36000,30175.2075,33499.9471,40199.9366,46899.926,1.0847,0.9714,0.4142,Within,0.0,0.0
E01420,IT,IT · Milan,Customer Service,L2,C,M,1.0,28100,29200,35427.3211,29850.9357,34328.5761,38806.2164,0.9623,0.8186,-0.1955,Below,1750.9357,0.0
E01421,IT,IT · Milan,Finance,L2,B,F,1.0,40100,35800,44423.0257,27639.7553,31785.7186,35931.6819,1.1201,1.2616,1.5027,Above,0.0,4168.3181
E01422,IT,IT · Milan,Tech,L2,B,F,1.0,39750,40600,44423.0257,27639.7553,31785.7186,35931.6819,0.9791,1.2506,1.4605,Above,0.0,3818.3181
E01423,PL,PL · Kraków,Customer Service,L6,G,F,1.0,69750,75600,50412.649,56940.2199,74022.2858,91104.3518,0.9226,0.9423,0.3749,Within,0.0,0.0
E01425,IT,IT · Milan,Tech,L1,A,F,1.0,30850,32500,44423.0257,25592.366,29431.2209,33270.0758,0.9492,1.0482,0.6848,Within,0.0,0.0
E01426,DE,DE · Munich,Customer Service,L3,D,M,1.0,63400,54700,52281.637,56058.4593,67270.1512,78481.843,1.159,0.9425,0.3274,Within,0.0,0.0
E01427,PL,PL · Kraków,Customer Service,L3,D,M,1.0,31000,30200,22098.6552,24543.9746,29452.7695,34361.5644,1.0265,1.0525,0.6576,Within,0.0,0.0
E01428,DE,DE · Munich,Finance,L4,E,M,1.0,89800,87800,83423.91,73574.3812,88289.2574,103004.1336,1.0228,1.0171,0.5513,Within,0.0,0.0
E01429,DE,DE · Munich,Tech,L2,B,F,1.0,53050,59400,63763.1933,41769.5333,48034.9633,54300.3934,0.8931,1.1044,0.9002,Within,0.0,0.0
E01430,PL,PL · Kraków,Sales,L2,C,F,1.0,23350,27600,28111.3077,19750.9101,22713.5467,25676.1832,0.846,1.028,0.6074,Within,0.0,0.0
E01431,IT,IT · Milan,Customer Service,L5,F,M,1.0,75750,67900,119149.3884,64544.8739,80681.0924,96817.3109,1.1156,0.9389,0.3472,Within,0.0,0.0
E01432,IT,IT · Milan,Tech,L2,B,M,1.0,40650,40600,44423.0257,27639.7553,31785.7186,35931.6819,1.0012,1.2789,1.569,Above,0.0,4718.3181
E01433,IT,IT · Milan,HR,L4,E,F,1.0,63900,54600,45051.5517,48685.6742,58422.809,68159.9438,1.1703,1.0938,0.7813,Within,0.0,0.0
E01434,DE,DE · Munich,Operations,L1,B,F,1.0,38600,36100,36701.684,41769.5333,48034.9633,54300.3934,1.0693,0.8036,-0.2529,Below,3169.5333,0.0
E01435,DE,DE · Munich,HR,L3,D,M,1.0,54300,60800,83423.91,56058.4593,67270.1512,78481.843,0.8931,0.8072,-0.0784,Below,1758.4593,0.0
E01436,IT,IT · Milan,Tech,L1,A,F,0.8,33600,32500,44423.0257,25592.366,29431.2209,33270.0758,1.0338,1.1416,1.043,Above,0.0,263.9394
E01437,DE,DE · Munich,Sales,L1,A,M,1.0,44650,39900,63763.1933,38675.4938,44476.8179,50278.142,1.119,1.0039,0.5149,Within,0.0,0.0
E01438,IT,IT · Milan,Customer Service,L2,C,M,1.0,28550,29200,35427.3211,29850.9357,34328.5761,38806.2164,0.9777,0.8317,-0.1453,Below,1300.9357,0.0
E01439,IT,IT · Milan,Customer Service,L3,D,F,1.0,38400,37400,35427.3211,37095.0301,44514.0361,51933.0421,1.0267,0.8626,0.0879,Within,0.0,0.0
E01440,PL,PL · Kraków,Operations,L2,C,M,1.0,27700,24900,23500.5671,19750.9101,22713.5467,25676.1832,1.1124,1.2195,1.3416,Above,0.0,2023.8168
E01441,IT,IT · Milan,Operations,L4,E,M,1.0,52950,51900,44423.0257,48685.6742,58422.809,68159.9438,1.0202,0.9063,0.219,Within,0.0,0.0
E01442,PL,PL · Kraków,Operations,L2,C,M,1.0,23000,24900,23500.5671,19750.9101,22713.5467,25676.1832,0.9237,1.0126,0.5483,Within,0.0,0.0
E01443,ES,ES · Barcelona,Customer Service,L2,C,M,1.0,31750,28100,30175.2075,26957.9177,31001.6053,35045.293,1.1299,1.0241,0.5925,Within,0.0,0.0
E01444,DE,DE · Munich,Operations,L3,D,F,1.0,70600,57800,47695.8157,56058.4593,67270.1512,78481.843,1.2215,1.0495,0.6485,Within,0.0,0.0
E01445,ES,ES · Barcelona,Tech,L4,E,M,1.0,70350,65600,49137.1558,43967.2783,52760.7339,61554.1896,1.0724,1.3334,1.5001,Above,0.0,8795.8104
E01446,ES,ES · Barcelona,Sales,L1,A,M,1.0,28950,26200,38450.926,23112.0694,26578.8798,30045.6902,1.105,1.0892,0.842,Within,0.0,0.0
E01447,PL,PL · Kraków,Sales,L2,C,F,1.0,26850,27600,28111.3077,19750.9101,22713.5467,25676.1832,0.9728,1.1821,1.1981,Above,0.0,1173.8168
E01448,PL,PL · Kraków,Customer Service,L4,E,M,1.0,41150,39700,28111.3077,32212.9392,38655.527,45098.1148,1.0365,1.0645,0.6936,Within,0.0,0.0
E01449,ES,ES · Barcelona,Sales,L1,A,F,1.0,22800,26200,38450.926,23112.0694,26578.8798,30045.6902,0.8702,0.8578,-0.045,Below,312.0694,0.0
E01450,IT,IT · Milan,Sales,L3,D,F,1.0,41000,43700,44423.0257,37095.0301,44514.0361,51933.0421,0.9382,0.9211,0.2632,Within,0.0,0.0
E01451,DE,DE · Munich,Operations,L4,E,M,1.0,78350,75800,63763.1933,73574.3812,88289.2574,103004.1336,1.0336,0.8874,0.1623,Within,0.0,0.0
E01452,PL,PL · Kraków,Finance,L2,B,F,1.0,24900,28900,28111.3077,18287.8798,21031.0617,23774.2437,0.8616,1.184,1.2052,Above,0.0,1125.7563
E01453,IT,IT · Milan,Tech,L2,B,F,1.0,35600,40600,44423.0257,27639.7553,31785.7186,35931.6819,0.8768,1.12,0.96,Within,0.0,0.0
E01454,PL,PL · Kraków,Operations,L1,B,F,1.0,17400,20000,17581.1795,18287.8798,21031.0617,23774.2437,0.87,0.8273,-0.1618,Below,887.8798,0.0
E01455,ES,ES · Barcelona,Sales,L4,E,F,1.0,58850,55100,38450.926,43967.2783,52760.7339,61554.1896,1.0681,1.1154,0.8462,Within,0.0,0.0
E01456,PL,PL · Kraków,Sales,L4,E,M,1.0,38000,46300,28111.3077,32212.9392,38655.527,45098.1148,0.8207,0.983,0.4491,Within,0.0,0.0
E01457,DE,DE · Munich,Operations,L3,D,F,1.0,50850,57800,47695.8157,56058.4593,67270.1512,78481.843,0.8798,0.7559,-0.2323,Below,5208.4593,0.0
E01458,PL,PL · Kraków,Operations,L3,D,F,1.0,32900,31900,23500.5671,24543.9746,29452.7695,34361.5644,1.0313,1.117,0.8511,Within,0.0,0.0
E01459,ES,ES · Barcelona,Customer Service,L1,B,F,1.0,22900,22500,30175.2075,24961.0349,28705.1901,32449.3454,1.0178,0.7978,-0.2752,Below,2061.0349,0.0
E01460,ES,ES · Barcelona,Finance,L1,A,F,1.0,28900,27500,30175.2075,23112.0694,26578.8798,30045.6902,1.0509,1.0873,0.8348,Within,0.0,0.0
E01461,PL,PL · Kraków,Operations,L4,E,M,1.0,43000,41900,28111.3077,32212.9392,38655.527,45098.1148,1.0263,1.1124,0.8372,Within,0.0,0.0
E01462,DE,DE · Munich,Operations,L5,F,M,1.0,108700,104700,123043.8439,97540.9961,121926.2452,146311.4942,1.0382,0.8915,0.2288,Within,0.0,0.0
E01463,ES,ES · Barcelona,HR,L2,B,F,1.0,31300,31200,38450.926,24961.0349,28705.1901,32449.3454,1.0032,1.0904,0.8465,Within,0.0,0.0
E01465,DE,DE · Munich,Customer Service,L3,D,F,1.0,60000,54700,52281.637,56058.4593,67270.1512,78481.843,1.0969,0.8919,0.1758,Within,0.0,0.0
E01466,DE,DE · Munich,Operations,L4,E,M,1.0,80100,75800,63763.1933,73574.3812,88289.2574,103004.1336,1.0567,0.9072,0.2217,Within,0.0,0.0
E01467,DE,DE · Munich,Operations,L2,C,M,1.0,46200,45100,47695.8157,45111.096,51877.7604,58644.4248,1.0244,0.8906,0.0805,Within,0.0,0.0
E01468,PL,PL · Kraków,Operations,L1,B,F,1.0,18750,20000,17581.1795,18287.8798,21031.0617,23774.2437,0.9375,0.8915,0.0842,Within,0.0,0.0
E01470,PL,PL · Kraków,Operations,L1,B,F,1.0,20250,20000,17581.1795,18287.8798,21031.0617,23774.2437,1.0125,0.9629,0.3576,Within,0.0,0.0
E01471,IT,IT · Milan,Tech,L1,A,F,1.0,28150,32500,44423.0257,25592.366,29431.2209,33270.0758,0.8662,0.9565,0.3331,Within,0.0,0.0
E01472,IT,IT · Milan,Customer Service,L3,D,F,1.0,36000,37400,35427.3211,37095.0301,44514.0361,51933.0421,0.9626,0.8087,-0.0738,Below,1095.0301,0.0
E01473,DE,DE · Munich,Customer Service,L2,C,F,1.0,46700,42800,52281.637,45111.096,51877.7604,58644.4248,1.0911,0.9002,0.1174,Within,0.0,0.0
E01474,PL,PL · Kraków,HR,L1,A,F,1.0,20000,21000,22098.6552,16933.222,19473.2053,22013.1886,0.9524,1.0271,0.6037,Within,0.0,0.0
E01476,IT,IT · Milan,Sales,L4,E,F,1.0,65050,57300,44423.0257,48685.6742,58422.809,68159.9438,1.1353,1.1134,0.8403,Within,0.0,0.0
E01477,PL,PL · Kraków,Operations,L3,D,M,1.0,32800,31900,23500.5671,24543.9746,29452.7695,34361.5644,1.0282,1.1136,0.8409,Within,0.0,0.0
E01478,DE,DE · Munich,Operations,L1,B,M,1.0,35500,36100,36701.684,41769.5333,48034.9633,54300.3934,0.9834,0.739,-0.5003,Below,6269.5333,0.0
E01479,PL,PL · Kraków,Tech,L3,D,M,1.0,39750,42000,34034.3671,24543.9746,29452.7695,34361.5644,0.9464,1.3496,1.5489,Above,0.0,5388.4356
E01480,PL,PL · Kraków,Customer Service,L5,F,M,1.0,55250,54800,50412.649,42706.1992,53382.7489,64059.2987,1.0082,1.035,0.5874,Within,0.0,0.0
E01481,IT,IT · Milan,Tech,L1,A,F,1.0,28250,32500,44423.0257,25592.366,29431.2209,33270.0758,0.8692,0.9599,0.3461,Within,0.0,0.0
E01483,PL,PL · Kraków,Tech,L2,B,F,1.0,26150,32800,28111.3077,18287.8798,21031.0617,23774.2437,0.7973,1.2434,1.433,Above,0.0,2375.7563
E01484,IT,IT · Milan,Customer Service,L3,D,F,1.0,40800,37400,35427.3211,37095.0301,44514.0361,51933.0421,1.0909,0.9166,0.2497,Within,0.0,0.0
E01485,IT,IT · Milan,Tech,L3,D,M,1.0,53500,52000,45051.5517,37095.0301,44514.0361,51933.0421,1.0288,1.2019,1.1056,Above,0.0,1566.9579
E01486,IT,IT · Milan,Sales,L2,C,F,1.0,40300,34100,44423.0257,29850.9357,34328.5761,38806.2164,1.1818,1.1739,1.1668,Above,0.0,1493.7836
E01487,ES,ES · Barcelona,Tech,L1,A,F,1.0,29700,31200,38450.926,23112.0694,26578.8798,30045.6902,0.9519,1.1174,0.9501,Within,0.0,0.0
E01488,DE,DE · Munich,Sales,L2,C,F,1.0,42200,49900,63763.1933,45111.096,51877.7604,58644.4248,0.8457,0.8135,-0.2151,Below,2911.096,0.0
E01489,IT,IT · Milan,Customer Service,L1,B,F,1.0,26900,23400,35427.3211,27639.7553,31785.7186,35931.6819,1.1496,0.8463,-0.0892,Below,739.7553,0.0
E01490,DE,DE · Munich,HR,L3,D,F,1.0,57050,60800,83423.91,56058.4593,67270.1512,78481.843,0.9383,0.8481,0.0442,Within,0.0,0.0
E01492,DE,DE · Munich,Customer Service,L4,E,F,1.0,77800,71800,63763.1933,73574.3812,88289.2574,103004.1336,1.0836,0.8812,0.1436,Within,0.0,0.0
E01493,ES,ES · Barcelona,Sales,L2,C,F,1.0,30900,32800,38450.926,26957.9177,31001.6053,35045.293,0.9421,0.9967,0.4874,Within,0.0,0.0
E01494,IT,IT · Milan,Customer Service,L4,E,F,1.0,50500,49100,44423.0257,48685.6742,58422.809,68159.9438,1.0285,0.8644,0.0932,Within,0.0,0.0
E01495,PL,PL · Kraków,Finance,L2,B,F,1.0,30900,28900,28111.3077,18287.8798,21031.0617,23774.2437,1.0692,1.4693,2.2988,Above,0.0,7125.7563
E01496,PL,PL · Kraków,HR,L1,A,F,0.8,21500,21000,22098.6552,16933.222,19473.2053,22013.1886,1.0238,1.1041,0.899,Within,0.0,0.0
E01497,IT,IT · Milan,Customer Service,L2,C,M,1.0,29600,29200,35427.3211,29850.9357,34328.5761,38806.2164,1.0137,0.8623,-0.028,Below,250.9357,0.0
E01498,ES,ES · Barcelona,Operations,L1,B,M,1.0,24300,23800,23130.047,24961.0349,28705.1901,32449.3454,1.021,0.8465,-0.0883,Below,661.0349,0.0
E01499,IT,IT · Milan,Operations,L3,D,M,1.0,44400,39500,32970.682,37095.0301,44514.0361,51933.0421,1.1241,0.9974,0.4923,Within,0.0,0.0
E01500,PL,PL · Kraków,Sales,L3,D,F,1.0,35800,35300,28111.3077,24543.9746,29452.7695,34361.5644,1.0142,1.2155,1.1465,Above,0.0,1438.4356
E01501,IT,IT · Milan,Sales,L5,F,F,1.0,77650,79200,119149.3884,64544.8739,80681.0924,96817.3109,0.9804,0.9624,0.4061,Within,0.0,0.0
E01502,PL,PL · Kraków,Sales,L3,D,F,1.0,35150,35300,28111.3077,24543.9746,29452.7695,34361.5644,0.9958,1.1934,1.0803,Above,0.0,788.4356
E01503,PL,PL · Kraków,Finance,L3,D,F,1.0,35850,37000,34034.3671,24543.9746,29452.7695,34361.5644,0.9689,1.2172,1.1516,Above,0.0,1488.4356
E01504,DE,DE · Munich,Operations,L5,F,F,1.0,111650,104700,123043.8439,97540.9961,121926.2452,146311.4942,1.0664,0.9157,0.2893,Within,0.0,0.0
E01505,PL,PL · Kraków,Sales,L1,A,F,1.0,22650,22000,28111.3077,16933.222,19473.2053,22013.1886,1.0295,1.1631,1.1254,Above,0.0,636.8114
E01506,ES,ES · Barcelona,Customer Service,L1,B,M,1.0,27400,22500,30175.2075,24961.0349,28705.1901,32449.3454,1.2178,0.9545,0.3257,Within,0.0,0.0
E01507,PL,PL · Kraków,Operations,L5,F,M,1.0,46900,57900,50412.649,42706.1992,53382.7489,64059.2987,0.81,0.8786,0.1964,Within,0.0,0.0
E01508,PL,PL · Kraków,HR,L4,E,F,1.0,43950,44100,34034.3671,32212.9392,38655.527,45098.1148,0.9966,1.137,0.9109,Within,0.0,0.0
E01510,PL,PL · Kraków,Customer Service,L2,C,F,1.0,22050,23600,22098.6552,19750.9101,22713.5467,25676.1832,0.9343,0.9708,0.388,Within,0.0,0.0
E01511,PL,PL · Kraków,Operations,L4,E,M,1.0,38750,41900,28111.3077,32212.9392,38655.527,45098.1148,0.9248,1.0024,0.5073,Within,0.0,0.0
E01512,DE,DE · Munich,Tech,L3,D,F,1.0,88150,76000,83423.91,56058.4593,67270.1512,78481.843,1.1599,1.3104,1.4312,Above,0.0,9668.157
E01513,IT,IT · Milan,Customer Service,L4,E,M,0.8,50650,49100,44423.0257,48685.6742,58422.809,68159.9438,1.0316,0.867,0.1009,Within,0.0,0.0
E01514,ES,ES · Barcelona,HR,L1,A,M,1.0,28450,25000,30175.2075,23112.0694,26578.8798,30045.6902,1.138,1.0704,0.7699,Within,0.0,0.0
E01516,PL,PL · Kraków,Tech,L5,F,M,1.0,78950,76100,50412.649,42706.1992,53382.7489,64059.2987,1.0375,1.4789,1.6974,Above,0.0,14890.7013
E01517,IT,IT · Milan,Finance,L3,D,F,1.0,35800,45800,45051.5517,37095.0301,44514.0361,51933.0421,0.7817,0.8042,-0.0873,Below,1295.0301,0.0
E01518,PL,PL · Kraków,Tech,L4,E,F,1.0,48400,55100,34034.3671,32212.9392,38655.527,45098.1148,0.8784,1.2521,1.2563,Above,0.0,3301.8852
E01519,PL,PL · Kraków,Operations,L4,E,M,1.0,48600,41900,28111.3077,32212.9392,38655.527,45098.1148,1.1599,1.2573,1.2718,Above,0.0,3501.8852
E01521,IT,IT · Milan,Customer Service,L2,C,M,1.0,27800,29200,35427.3211,29850.9357,34328.5761,38806.2164,0.9521,0.8098,-0.229,Below,2050.9357,0.0
E01522,IT,IT · Milan,HR,L1,A,F,1.0,20250,26000,35427.3211,25592.366,29431.2209,33270.0758,0.7788,0.688,-0.6958,Below,5342.366,0.0
E01523,ES,ES · Barcelona,Customer Service,L2,C,M,1.0,29850,28100,30175.2075,26957.9177,31001.6053,35045.293,1.0623,0.9629,0.3576,Within,0.0,0.0
E01524,IT,IT · Milan,Operations,L1,B,M,0.8,26200,24700,26363.3765,27639.7553,31785.7186,35931.6819,1.0607,0.8243,-0.1736,Below,1151.8042,0.0
E01525,PL,PL · Kraków,Finance,L5,F,F,1.0,57150,67000,50412.649,42706.1992,53382.7489,64059.2987,0.853,1.0706,0.6764,Within,0.0,0.0
E01526,ES,ES · Barcelona,Tech,L5,F,M,1.0,98450,90600,67142.552,58289.4759,72861.8449,87434.2139,1.0866,1.3512,1.378,Above,0.0,11015.7861
E01527,IT,IT · Milan,Sales,L4,E,F,1.0,59400,57300,44423.0257,48685.6742,58422.809,68159.9438,1.0366,1.0167,0.5502,Within,0.0,0.0
E01528,ES,ES · Barcelona,Finance,L2,B,F,1.0,31750,34400,38450.926,24961.0349,28705.1901,32449.3454,0.923,1.1061,0.9066,Within,0.0,0.0
E01529,DE,DE · Munich,Customer Service,L3,D,M,1.0,53300,54700,52281.637,56058.4593,67270.1512,78481.843,0.9744,0.7923,-0.123,Below,2758.4593,0.0
E01530,IT,IT · Milan,Sales,L3,D,M,1.0,40100,43700,44423.0257,37095.0301,44514.0361,51933.0421,0.9176,0.9008,0.2025,Within,0.0,0.0
E01531,PL,PL · Kraków,Operations,L2,C,F,1.0,25200,24900,23500.5671,19750.9101,22713.5467,25676.1832,1.012,1.1095,0.9196,Within,0.0,0.0
E01532,DE,DE · Munich,Sales,L1,A,M,1.0,43250,39900,63763.1933,38675.4938,44476.8179,50278.142,1.084,0.9724,0.3943,Within,0.0,0.0
E01534,IT,IT · Milan,Tech,L2,B,M,1.0,36550,40600,44423.0257,27639.7553,31785.7186,35931.6819,0.9002,1.1499,1.0746,Above,0.0,618.3181
E01535,IT,IT · Milan,Tech,L2,B,M,1.0,37450,40600,44423.0257,27639.7553,31785.7186,35931.6819,0.9224,1.1782,1.1831,Above,0.0,1518.3181
E01536,IT,IT · Milan,Tech,L2,B,M,1.0,37750,40600,44423.0257,27639.7553,31785.7186,35931.6819,0.9298,1.1876,1.2193,Above,0.0,1818.3181
E01538,IT,IT · Milan,Sales,L2,C,F,1.0,35700,34100,44423.0257,29850.9357,34328.5761,38806.2164,1.0469,1.0399,0.6531,Within,0.0,0.0
E01539,ES,ES · Barcelona,Sales,L1,A,M,1.0,24900,26200,38450.926,23112.0694,26578.8798,30045.6902,0.9504,0.9368,0.2579,Within,0.0,0.0
E01540,ES,ES · Barcelona,Operations,L1,B,M,1.0,22350,23800,23130.047,24961.0349,28705.1901,32449.3454,0.9391,0.7786,-0.3487,Below,2611.0349,0.0
E01541,IT,IT · Milan,Operations,L4,E,M,1.0,50700,51900,44423.0257,48685.6742,58422.809,68159.9438,0.9769,0.8678,0.1034,Within,0.0,0.0
E01542,DE,DE · Munich,Customer Service,L2,C,M,1.0,46100,42800,52281.637,45111.096,51877.7604,58644.4248,1.0771,0.8886,0.0731,Within,0.0,0.0
E01543,ES,ES · Barcelona,Customer Service,L2,C,M,1.0,26600,28100,30175.2075,26957.9177,31001.6053,35045.293,0.9466,0.858,-0.0443,Below,357.9177,0.0
E01544,IT,IT · Milan,Operations,L2,C,M,1.0,27500,30900,32970.682,29850.9357,34328.5761,38806.2164,0.89,0.8011,-0.2625,Below,2350.9357,0.0
E01545,DE,DE · Munich,Customer Service,L2,C,M,0.8,41150,42800,52281.637,45111.096,51877.7604,58644.4248,0.9614,0.7932,-0.2927,Below,3168.8768,0.0
E01547,PL,PL · Kraków,Operations,L1,B,M,1.0,20550,20000,17581.1795,18287.8798,21031.0617,23774.2437,1.0275,0.9771,0.4123,Within,0.0,0.0
E01548,DE,DE · Munich,Finance,L4,E,M,1.0,84100,87800,83423.91,73574.3812,88289.2574,103004.1336,0.9579,0.9526,0.3577,Within,0.0,0.0
E01549,DE,DE · Munich,Customer Service,L1,B,F,1.0,33300,34200,52281.637,41769.5333,48034.9633,54300.3934,0.9737,0.6932,-0.6759,Below,8469.5333,0.0
E01550,PL,PL · Kraków,Customer Service,L1,B,F,1.0,19200,18900,22098.6552,18287.8798,21031.0617,23774.2437,1.0159,0.9129,0.1663,Within,0.0,0.0
E01551,IT,IT · Milan,Tech,L3,D,F,1.0,56650,52000,45051.5517,37095.0301,44514.0361,51933.0421,1.0894,1.2726,1.3179,Above,0.0,4716.9579
E01552,PL,PL · Kraków,Finance,L4,E,M,1.0,56150,48500,34034.3671,32212.9392,38655.527,45098.1148,1.1577,1.4526,1.8577,Above,0.0,11051.8852
E01553,DE,DE · Munich,Operations,L5,F,M,1.0,102050,104700,123043.8439,97540.9961,121926.2452,146311.4942,0.9747,0.837,0.0925,Within,0.0,0.0
E01554,ES,ES · Barcelona,Tech,L4,E,M,1.0,65700,65600,49137.1558,43967.2783,52760.7339,61554.1896,1.0015,1.2452,1.2357,Above,0.0,4145.8104
E01555,DE,DE · Munich,Tech,L2,B,F,0.8,54000,59400,63763.1933,41769.5333,48034.9633,54300.3934,0.9091,1.1242,0.976,Within,0.0,0.0
E01556,IT,IT · Milan,Customer Service,L4,E,M,1.0,42100,49100,44423.0257,48685.6742,58422.809,68159.9438,0.8574,0.7206,-0.3382,Below,6585.6742,0.0
E01557,DE,DE · Munich,Customer Service,L4,E,F,1.0,66100,71800,63763.1933,73574.3812,88289.2574,103004.1336,0.9206,0.7487,-0.254,Below,7474.3812,0.0
E01558,DE,DE · Munich,Customer Service,L1,B,M,0.8,36800,34200,52281.637,41769.5333,48034.9633,54300.3934,1.076,0.7661,-0.3966,Below,3975.6267,0.0
E01559,PL,PL · Kraków,Customer Service,L2,C,F,1.0,23400,23600,22098.6552,19750.9101,22713.5467,25676.1832,0.9915,1.0302,0.6159,Within,0.0,0.0
E01560,IT,IT · Milan,Operations,L2,C,M,1.0,31200,30900,32970.682,29850.9357,34328.5761,38806.2164,1.0097,0.9089,0.1506,Within,0.0,0.0
E01561,PL,PL · Kraków,HR,L1,A,F,1.0,21250,21000,22098.6552,16933.222,19473.2053,22013.1886,1.0119,1.0912,0.8498,Within,0.0,0.0
E01562,PL,PL · Kraków,Sales,L1,A,F,1.0,18100,22000,28111.3077,16933.222,19473.2053,22013.1886,0.8227,0.9295,0.2297,Within,0.0,0.0
E01563,PL,PL · Kraków,Sales,L2,C,F,1.0,24450,27600,28111.3077,19750.9101,22713.5467,25676.1832,0.8859,1.0765,0.7931,Within,0.0,0.0
E01564,IT,IT · Milan,Operations,L1,B,F,1.0,26350,24700,26363.3765,27639.7553,31785.7186,35931.6819,1.0668,0.829,-0.1555,Below,1289.7553,0.0
E01566,DE,DE · Munich,Customer Service,L2,C,F,1.0,43200,42800,52281.637,45111.096,51877.7604,58644.4248,1.0093,0.8327,-0.1412,Below,1911.096,0.0
E01567,IT,IT · Milan,Customer Service,L2,C,F,1.0,30200,29200,35427.3211,29850.9357,34328.5761,38806.2164,1.0342,0.8797,0.039,Within,0.0,0.0
E01568,PL,PL · Kraków,Operations,L2,C,M,1.0,23550,24900,23500.5671,19750.9101,22713.5467,25676.1832,0.9458,1.0368,0.6412,Within,0.0,0.0
E01570,IT,IT · Milan,Customer Service,L3,D,M,1.0,33800,37400,35427.3211,37095.0301,44514.0361,51933.0421,0.9037,0.7593,-0.2221,Below,3295.0301,0.0
E01571,DE,DE · Munich,Customer Service,L1,B,F,1.0,37450,34200,52281.637,41769.5333,48034.9633,54300.3934,1.095,0.7796,-0.3447,Below,4319.5333,0.0
E01572,IT,IT · Milan,Customer Service,L1,B,M,1.0,23750,23400,35427.3211,27639.7553,31785.7186,35931.6819,1.015,0.7472,-0.4691,Below,3889.7553,0.0
E01573,DE,DE · Munich,Operations,L2,C,F,1.0,36750,45100,47695.8157,45111.096,51877.7604,58644.4248,0.8149,0.7084,-0.6178,Below,8361.096,0.0
E01575,PL,PL · Kraków,Tech,L5,F,M,1.0,89000,76100,50412.649,42706.1992,53382.7489,64059.2987,1.1695,1.6672,2.168,Above,0.0,24940.7013
E01576,IT,IT · Milan,Customer Service,L3,D,F,1.0,40500,37400,35427.3211,37095.0301,44514.0361,51933.0421,1.0829,0.9098,0.2295,Within,0.0,0.0
E01577,DE,DE · Munich,Customer Service,L1,B,F,1.0,33600,34200,52281.637,41769.5333,48034.9633,54300.3934,0.9825,0.6995,-0.652,Below,8169.5333,0.0
E01578,IT,IT · Milan,Customer Service,L1,B,M,1.0,24000,23400,35427.3211,27639.7553,31785.7186,35931.6819,1.0256,0.7551,-0.439,Below,3639.7553,0.0
E01579,IT,IT · Milan,Customer Service,L6,G,F,1.0,88450,93600,119149.3884,86057.7477,111875.072,137692.3963,0.945,0.7906,0.0463,Within,0.0,0.0
E01580,ES,ES · Barcelona,Sales,L2,C,M,1.0,32700,32800,38450.926,26957.9177,31001.6053,35045.293,0.997,1.0548,0.71,Within,0.0,0.0
E01581,IT,IT · Milan,Customer Service,L1,B,F,1.0,18600,23400,35427.3211,27639.7553,31785.7186,35931.6819,0.7949,0.5852,-1.0902,Below,9039.7553,0.0
E01583,PL,PL · Kraków,Operations,L3,D,M,1.0,30200,31900,23500.5671,24543.9746,29452.7695,34361.5644,0.9467,1.0254,0.5761,Within,0.0,0.0
E01584,PL,PL · Kraków,HR,L2,B,F,1.0,29200,26200,28111.3077,18287.8798,21031.0617,23774.2437,1.1145,1.3884,1.989,Above,0.0,5425.7563
E01585,IT,IT · Milan,Finance,L3,D,F,1.0,46000,45800,45051.5517,37095.0301,44514.0361,51933.0421,1.0044,1.0334,0.6001,Within,0.0,0.0
E01586,DE,DE · Munich,Operations,L4,E,F,0.8,81100,75800,63763.1933,73574.3812,88289.2574,103004.1336,1.0699,0.9186,0.2557,Within,0.0,0.0
E01587,IT,IT · Milan,Customer Service,L5,F,M,1.0,72700,67900,119149.3884,64544.8739,80681.0924,96817.3109,1.0707,0.9011,0.2527,Within,0.0,0.0
E01588,ES,ES · Barcelona,Finance,L1,A,M,1.0,25550,27500,30175.2075,23112.0694,26578.8798,30045.6902,0.9291,0.9613,0.3516,Within,0.0,0.0
E01589,ES,ES · Barcelona,Operations,L1,B,M,1.0,21900,23800,23130.047,24961.0349,28705.1901,32449.3454,0.9202,0.7629,-0.4088,Below,3061.0349,0.0
E01590,IT,IT · Milan,Customer Service,L6,G,M,1.0,99600,93600,119149.3884,86057.7477,111875.072,137692.3963,1.0641,0.8903,0.2623,Within,0.0,0.0
E01592,DE,DE · Munich,Sales,L3,D,M,1.0,59300,63800,63763.1933,56058.4593,67270.1512,78481.843,0.9295,0.8815,0.1446,Within,0.0,0.0
E01593,PL,PL · Kraków,Operations,L4,E,M,1.0,46900,41900,28111.3077,32212.9392,38655.527,45098.1148,1.1193,1.2133,1.1398,Above,0.0,1801.8852
E01595,DE,DE · Munich,Operations,L4,E,M,1.0,80350,75800,63763.1933,73574.3812,88289.2574,103004.1336,1.06,0.9101,0.2302,Within,0.0,0.0
E01596,ES,ES · Barcelona,HR,L2,B,F,1.0,26850,31200,38450.926,24961.0349,28705.1901,32449.3454,0.8606,0.9354,0.2523,Within,0.0,0.0
E01597,ES,ES · Barcelona,Tech,L3,D,F,1.0,48050,50000,49137.1558,33499.9471,40199.9366,46899.926,0.961,1.1953,1.0858,Above,0.0,1150.074
E01598,ES,ES · Barcelona,Operations,L1,B,F,1.0,22050,23800,23130.047,24961.0349,28705.1901,32449.3454,0.9265,0.7682,-0.3887,Below,2911.0349,0.0
E01599,ES,ES · Barcelona,Customer Service,L5,F,M,1.0,64750,65200,67142.552,58289.4759,72861.8449,87434.2139,0.9931,0.8887,0.2217,Within,0.0,0.0
E01600,IT,IT · Milan,Tech,L1,A,F,0.8,34650,32500,44423.0257,25592.366,29431.2209,33270.0758,1.0662,1.1773,1.1797,Above,0.0,1103.9394
E01602,DE,DE · Munich,Sales,L3,D,F,1.0,73250,63800,63763.1933,56058.4593,67270.1512,78481.843,1.1481,1.0889,0.7667,Within,0.0,0.0
E01603,DE,DE · Munich,Tech,L4,E,M,1.0,100300,99800,83423.91,73574.3812,88289.2574,103004.1336,1.005,1.136,0.9081,Within,0.0,0.0
E01604,DE,DE · Munich,Sales,L3,D,M,0.8,62500,63800,63763.1933,56058.4593,67270.1512,78481.843,0.9796,0.9291,0.2873,Within,0.0,0.0
E01605,PL,PL · Kraków,Customer Service,L3,D,M,1.0,31350,30200,22098.6552,24543.9746,29452.7695,34361.5644,1.0381,1.0644,0.6932,Within,0.0,0.0
E01606,DE,DE · Munich,HR,L2,B,F,0.8,53250,47500,63763.1933,41769.5333,48034.9633,54300.3934,1.1211,1.1086,0.9162,Within,0.0,0.0
E01607,PL,PL · Kraków,Tech,L6,G,M,1.0,103250,105000,50412.649,56940.2199,74022.2858,91104.3518,0.9833,1.3949,1.3555,Above,0.0,12145.6482
E01608,DE,DE · Munich,Customer Service,L5,F,M,1.0,110500,99200,123043.8439,97540.9961,121926.2452,146311.4942,1.1139,0.9063,0.2657,Within,0.0,0.0
E01609,ES,ES · Barcelona,Customer Service,L4,E,F,1.0,43100,47200,38450.926,43967.2783,52760.7339,61554.1896,0.9131,0.8169,-0.0493,Below,867.2783,0.0
E01610,IT,IT · Milan,HR,L2,B,M,1.0,33150,32500,44423.0257,27639.7553,31785.7186,35931.6819,1.02,1.0429,0.6645,Within,0.0,0.0
E01611,IT,IT · Milan,Operations,L3,D,M,1.0,35100,39500,32970.682,37095.0301,44514.0361,51933.0421,0.8886,0.7885,-0.1345,Below,1995.0301,0.0
E01612,DE,DE · Munich,HR,L3,D,M,1.0,55350,60800,83423.91,56058.4593,67270.1512,78481.843,0.9104,0.8228,-0.0316,Below,708.4593,0.0
E01613,PL,PL · Kraków,Sales,L1,A,F,1.0,22450,22000,28111.3077,16933.222,19473.2053,22013.1886,1.0205,1.1529,1.086,Above,0.0,436.8114
E01614,PL,PL · Kraków,Tech,L4,E,M,1.0,52650,55100,34034.3671,32212.9392,38655.527,45098.1148,0.9555,1.362,1.5861,Above,0.0,7551.8852
E01615,PL,PL · Kraków,Sales,L5,F,M,0.8,61650,63900,50412.649,42706.1992,53382.7489,64059.2987,0.9648,1.1549,0.8872,Within,0.0,0.0
E01616,IT,IT · Milan,Customer Service,L3,D,M,1.0,40950,37400,35427.3211,37095.0301,44514.0361,51933.0421,1.0949,0.9199,0.2598,Within,0.0,0.0
E01617,PL,PL · Kraków,Finance,L3,D,F,1.0,40650,37000,34034.3671,24543.9746,29452.7695,34361.5644,1.0986,1.3802,1.6405,Above,0.0,6288.4356
E01618,PL,PL · Kraków,HR,L2,B,M,1.0,23750,26200,28111.3077,18287.8798,21031.0617,23774.2437,0.9065,1.1293,0.9956,Within,0.0,0.0
E01619,DE,DE · Munich,Sales,L1,A,F,1.0,39100,39900,63763.1933,38675.4938,44476.8179,50278.142,0.9799,0.8791,0.0366,Within,0.0,0.0
E01620,ES,ES · Barcelona,Tech,L1,A,M,1.0,33150,31200,38450.926,23112.0694,26578.8798,30045.6902,1.0625,1.2472,1.4477,Above,0.0,3104.3098
E01622,IT,IT · Milan,Tech,L1,A,F,1.0,31200,32500,44423.0257,25592.366,29431.2209,33270.0758,0.96,1.0601,0.7304,Within,0.0,0.0
E01623,IT,IT · Milan,Customer Service,L1,B,F,1.0,19450,23400,35427.3211,27639.7553,31785.7186,35931.6819,0.8312,0.6119,-0.9877,Below,8189.7553,0.0
E01624,PL,PL · Kraków,Operations,L3,D,M,1.0,33800,31900,23500.5671,24543.9746,29452.7695,34361.5644,1.0596,1.1476,0.9428,Within,0.0,0.0
E01625,PL,PL · Kraków,Operations,L3,D,M,1.0,33850,31900,23500.5671,24543.9746,29452.7695,34361.5644,1.0611,1.1493,0.9479,Within,0.0,0.0
E01626,ES,ES · Barcelona,Customer Service,L3,D,F,1.0,42000,36000,30175.2075,33499.9471,40199.9366,46899.926,1.1667,1.0448,0.6343,Within,0.0,0.0
E01627,IT,IT · Milan,HR,L4,E,M,1.0,55750,54600,45051.5517,48685.6742,58422.809,68159.9438,1.0211,0.9543,0.3628,Within,0.0,0.0
E01628,IT,IT · Milan,Operations,L1,B,F,1.0,23600,24700,26363.3765,27639.7553,31785.7186,35931.6819,0.9555,0.7425,-0.4872,Below,4039.7553,0.0
E01629,DE,DE · Munich,Tech,L3,D,M,1.0,76300,76000,83423.91,56058.4593,67270.1512,78481.843,1.0039,1.1342,0.9027,Within,0.0,0.0
E01631,DE,DE · Munich,Operations,L3,D,M,1.0,58800,57800,47695.8157,56058.4593,67270.1512,78481.843,1.0173,0.8741,0.1223,Within,0.0,0.0
E01632,PL,PL · Kraków,Finance,L2,B,M,1.0,27650,28900,28111.3077,18287.8798,21031.0617,23774.2437,0.9567,1.3147,1.7064,Above,0.0,3875.7563
E01633,PL,PL · Kraków,Tech,L2,B,F,1.0,32100,32800,28111.3077,18287.8798,21031.0617,23774.2437,0.9787,1.5263,2.5175,Above,0.0,8325.7563
E01634,PL,PL · Kraków,Customer Service,L2,C,M,1.0,21500,23600,22098.6552,19750.9101,22713.5467,25676.1832,0.911,0.9466,0.2952,Within,0.0,0.0
E01635,PL,PL · Kraków,Operations,L3,D,F,1.0,31550,31900,23500.5671,24543.9746,29452.7695,34361.5644,0.989,1.0712,0.7136,Within,0.0,0.0
E01636,IT,IT · Milan,Customer Service,L3,D,F,1.0,43750,37400,35427.3211,37095.0301,44514.0361,51933.0421,1.1698,0.9828,0.4485,Within,0.0,0.0
E01637,ES,ES · Barcelona,Customer Service,L1,B,F,1.0,23100,22500,30175.2075,24961.0349,28705.1901,32449.3454,1.0267,0.8047,-0.2485,Below,1861.0349,0.0
E01638,PL,PL · Kraków,Sales,L3,D,F,1.0,35450,35300,28111.3077,24543.9746,29452.7695,34361.5644,1.0042,1.2036,1.1109,Above,0.0,1088.4356
E01639,PL,PL · Kraków,Operations,L3,D,F,1.0,32400,31900,23500.5671,24543.9746,29452.7695,34361.5644,1.0157,1.1001,0.8002,Within,0.0,0.0
E01640,PL,PL · Kraków,Tech,L3,D,F,1.0,44600,42000,34034.3671,24543.9746,29452.7695,34361.5644,1.0619,1.5143,2.0429,Above,0.0,10238.4356
E01641,PL,PL · Kraków,Tech,L3,D,M,1.0,46500,42000,34034.3671,24543.9746,29452.7695,34361.5644,1.1071,1.5788,2.2364,Above,0.0,12138.4356
E01643,PL,PL · Kraków,Operations,L3,D,M,1.0,32350,31900,23500.5671,24543.9746,29452.7695,34361.5644,1.0141,1.0984,0.7951,Within,0.0,0.0
E01644,DE,DE · Munich,Operations,L1,B,M,1.0,35600,36100,36701.684,41769.5333,48034.9633,54300.3934,0.9861,0.7411,-0.4923,Below,6169.5333,0.0
E01645,IT,IT · Milan,Customer Service,L3,D,F,1.0,37150,37400,35427.3211,37095.0301,44514.0361,51933.0421,0.9933,0.8346,0.0037,Within,0.0,0.0
E01648,PL,PL · Kraków,Tech,L3,D,M,1.0,46650,42000,34034.3671,24543.9746,29452.7695,34361.5644,1.1107,1.5839,2.2517,Above,0.0,12288.4356
E01649,PL,PL · Kraków,Operations,L2,C,M,1.0,26250,24900,23500.5671,19750.9101,22713.5467,25676.1832,1.0542,1.1557,1.0968,Above,0.0,573.8168
E01650,IT,IT · Milan,Operations,L4,E,M,1.0,44250,51900,44423.0257,48685.6742,58422.809,68159.9438,0.8526,0.7574,-0.2278,Below,4435.6742,0.0
E01651,PL,PL · Kraków,Sales,L2,C,M,1.0,31600,27600,28111.3077,19750.9101,22713.5467,25676.1832,1.1449,1.3912,1.9998,Above,0.0,5923.8168
E01652,DE,DE · Munich,Operations,L5,F,F,0.8,116750,104700,123043.8439,97540.9961,121926.2452,146311.4942,1.1151,0.9575,0.3939,Within,0.0,0.0
E01653,PL,PL · Kraków,Customer Service,L2,C,F,1.0,22850,23600,22098.6552,19750.9101,22713.5467,25676.1832,0.9682,1.006,0.523,Within,0.0,0.0
E01654,IT,IT · Milan,Customer Service,L4,E,F,1.0,42900,49100,44423.0257,48685.6742,58422.809,68159.9438,0.8737,0.7343,-0.2971,Below,5785.6742,0.0
E01655,IT,IT · Milan,Sales,L2,C,M,1.0,37000,34100,44423.0257,29850.9357,34328.5761,38806.2164,1.085,1.0778,0.7983,Within,0.0,0.0
E01656,IT,IT · Milan,Customer Service,L3,D,M,1.0,35300,37400,35427.3211,37095.0301,44514.0361,51933.0421,0.9439,0.793,-0.121,Below,1795.0301,0.0
E01657,IT,IT · Milan,Finance,L2,B,F,1.0,29350,35800,44423.0257,27639.7553,31785.7186,35931.6819,0.8198,0.9234,0.2063,Within,0.0,0.0
E01658,ES,ES · Barcelona,Operations,L6,G,F,0.8,110150,95000,67142.552,77717.419,101032.6447,124347.8705,1.1595,1.0902,0.6955,Within,0.0,0.0
E01659,IT,IT · Milan,Customer Service,L6,G,M,1.0,96150,93600,119149.3884,86057.7477,111875.072,137692.3963,1.0272,0.8594,0.1955,Within,0.0,0.0
E01660,PL,PL · Kraków,Operations,L1,B,M,1.0,17600,20000,17581.1795,18287.8798,21031.0617,23774.2437,0.88,0.8369,-0.1254,Below,687.8798,0.0
E01662,PL,PL · Kraków,Tech,L4,E,M,1.0,58850,55100,34034.3671,32212.9392,38655.527,45098.1148,1.0681,1.5224,2.0673,Above,0.0,13751.8852
E01663,ES,ES · Barcelona,Operations,L2,C,M,1.0,30150,29700,30735.5619,26957.9177,31001.6053,35045.293,1.0152,0.9725,0.3947,Within,0.0,0.0
E01664,IT,IT · Milan,Tech,L2,B,M,1.0,40650,40600,44423.0257,27639.7553,31785.7186,35931.6819,1.0012,1.2789,1.569,Above,0.0,4718.3181
E01665,PL,PL · Kraków,Customer Service,L2,C,M,1.0,22900,23600,22098.6552,19750.9101,22713.5467,25676.1832,0.9703,1.0082,0.5315,Within,0.0,0.0
E01666,DE,DE · Munich,Customer Service,L1,B,F,1.0,36150,34200,52281.637,41769.5333,48034.9633,54300.3934,1.057,0.7526,-0.4485,Below,5619.5333,0.0
E01667,IT,IT · Milan,Tech,L2,B,M,1.0,43800,40600,44423.0257,27639.7553,31785.7186,35931.6819,1.0788,1.378,1.9489,Above,0.0,7868.3181
E01668,ES,ES · Barcelona,Customer Service,L2,C,M,1.0,25150,28100,30175.2075,26957.9177,31001.6053,35045.293,0.895,0.8112,-0.2235,Below,1807.9177,0.0
E01670,IT,IT · Milan,Finance,L2,B,M,0.8,33100,35800,44423.0257,27639.7553,31785.7186,35931.6819,0.9246,1.0413,0.6585,Within,0.0,0.0
E01671,DE,DE · Munich,Operations,L4,E,F,1.0,72800,75800,63763.1933,73574.3812,88289.2574,103004.1336,0.9604,0.8246,-0.0263,Below,774.3812,0.0
E01672,IT,IT · Milan,Customer Service,L1,B,M,1.0,22550,23400,35427.3211,27639.7553,31785.7186,35931.6819,0.9637,0.7094,-0.6138,Below,5089.7553,0.0
E01674,IT,IT · Milan,Sales,L3,D,M,1.0,45150,43700,44423.0257,37095.0301,44514.0361,51933.0421,1.0332,1.0143,0.5429,Within,0.0,0.0
E01675,PL,PL · Kraków,HR,L1,A,F,1.0,21000,21000,22098.6552,16933.222,19473.2053,22013.1886,1.0,1.0784,0.8006,Within,0.0,0.0
E01676,IT,IT · Milan,Tech,L3,D,M,1.0,57350,52000,45051.5517,37095.0301,44514.0361,51933.0421,1.1029,1.2884,1.3651,Above,0.0,5416.9579
E01677,IT,IT · Milan,Operations,L5,F,M,1.0,66050,71600,119149.3884,64544.8739,80681.0924,96817.3109,0.9225,0.8187,0.0466,Within,0.0,0.0
E01678,ES,ES · Barcelona,Customer Service,L3,D,M,1.0,29300,36000,30175.2075,33499.9471,40199.9366,46899.926,0.8139,0.7289,-0.3134,Below,4199.9471,0.0
E01679,PL,PL · Kraków,Sales,L1,A,M,1.0,21400,22000,28111.3077,16933.222,19473.2053,22013.1886,0.9727,1.0989,0.8793,Within,0.0,0.0
E01681,IT,IT · Milan,Finance,L4,E,M,1.0,60000,60100,45051.5517,48685.6742,58422.809,68159.9438,0.9983,1.027,0.581,Within,0.0,0.0
E01682,ES,ES · Barcelona,Customer Service,L3,D,M,1.0,34850,36000,30175.2075,33499.9471,40199.9366,46899.926,0.9681,0.8669,0.1008,Within,0.0,0.0
E01683,DE,DE · Munich,Customer Service,L2,C,M,1.0,38950,42800,52281.637,45111.096,51877.7604,58644.4248,0.91,0.7508,-0.4553,Below,6161.096,0.0
E01684,IT,IT · Milan,Tech,L1,A,M,1.0,32250,32500,44423.0257,25592.366,29431.2209,33270.0758,0.9923,1.0958,0.8671,Within,0.0,0.0
E01686,IT,IT · Milan,Operations,L1,B,F,1.0,26300,24700,26363.3765,27639.7553,31785.7186,35931.6819,1.0648,0.8274,-0.1616,Below,1339.7553,0.0
E01687,PL,PL · Kraków,Sales,L3,D,M,1.0,38150,35300,28111.3077,24543.9746,29452.7695,34361.5644,1.0807,1.2953,1.3859,Above,0.0,3788.4356
E01688,DE,DE · Munich,Operations,L3,D,F,1.0,58300,57800,47695.8157,56058.4593,67270.1512,78481.843,1.0087,0.8667,0.1,Within,0.0,0.0
E01689,DE,DE · Munich,Customer Service,L4,E,M,1.0,78950,71800,63763.1933,73574.3812,88289.2574,103004.1336,1.0996,0.8942,0.1827,Within,0.0,0.0
E01691,ES,ES · Barcelona,HR,L2,B,M,1.0,32900,31200,38450.926,24961.0349,28705.1901,32449.3454,1.0545,1.1461,1.0602,Above,0.0,450.6546
E01692,IT,IT · Milan,Finance,L3,D,F,1.0,49300,45800,45051.5517,37095.0301,44514.0361,51933.0421,1.0764,1.1075,0.8225,Within,0.0,0.0
E01693,PL,PL · Kraków,Sales,L2,C,F,1.0,28750,27600,28111.3077,19750.9101,22713.5467,25676.1832,1.0417,1.2658,1.5188,Above,0.0,3073.8168
E01694,PL,PL · Kraków,Customer Service,L1,B,F,1.0,17500,18900,22098.6552,18287.8798,21031.0617,23774.2437,0.9259,0.8321,-0.1436,Below,787.8798,0.0
E01695,DE,DE · Munich,Sales,L2,C,M,1.0,44650,49900,63763.1933,45111.096,51877.7604,58644.4248,0.8948,0.8607,-0.0341,Below,461.096,0.0
E01696,DE,DE · Munich,Customer Service,L3,D,F,1.0,72400,54700,52281.637,56058.4593,67270.1512,78481.843,1.3236,1.0763,0.7288,Within,0.0,0.0
E01697,DE,DE · Munich,Sales,L2,C,F,1.0,49150,49900,63763.1933,45111.096,51877.7604,58644.4248,0.985,0.9474,0.2984,Within,0.0,0.0
E01698,IT,IT · Milan,Customer Service,L5,F,M,0.8,68200,67900,119149.3884,64544.8739,80681.0924,96817.3109,1.0044,0.8453,0.1133,Within,0.0,0.0
E01700,PL,PL · Kraków,Customer Service,L3,D,F,1.0,29400,30200,22098.6552,24543.9746,29452.7695,34361.5644,0.9735,0.9982,0.4946,Within,0.0,0.0
E01701,DE,DE · Munich,Operations,L2,C,M,1.0,43500,45100,47695.8157,45111.096,51877.7604,58644.4248,0.9645,0.8385,-0.119,Below,1611.096,0.0
E01702,PL,PL · Kraków,Customer Service,L5,F,M,1.0,57800,54800,50412.649,42706.1992,53382.7489,64059.2987,1.0547,1.0827,0.7069,Within,0.0,0.0
E01703,ES,ES · Barcelona,Operations,L2,C,F,1.0,29950,29700,30735.5619,26957.9177,31001.6053,35045.293,1.0084,0.9661,0.37,Within,0.0,0.0
E01704,DE,DE · Munich,Operations,L3,D,M,1.0,63100,57800,47695.8157,56058.4593,67270.1512,78481.843,1.0917,0.938,0.314,Within,0.0,0.0
E01705,IT,IT · Milan,Operations,L3,D,M,1.0,34800,39500,32970.682,37095.0301,44514.0361,51933.0421,0.881,0.7818,-0.1547,Below,2295.0301,0.0
E01706,PL,PL · Kraków,Operations,L2,C,F,1.0,25100,24900,23500.5671,19750.9101,22713.5467,25676.1832,1.008,1.1051,0.9028,Within,0.0,0.0
E01708,ES,ES · Barcelona,Sales,L6,G,M,1.0,113650,105000,67142.552,77717.419,101032.6447,124347.8705,1.0824,1.1249,0.7706,Within,0.0,0.0
E01709,PL,PL · Kraków,Operations,L3,D,M,1.0,27400,31900,23500.5671,24543.9746,29452.7695,34361.5644,0.8589,0.9303,0.2909,Within,0.0,0.0
E01710,PL,PL · Kraków,Operations,L2,C,M,1.0,22300,24900,23500.5671,19750.9101,22713.5467,25676.1832,0.8956,0.9818,0.4302,Within,0.0,0.0
E01711,PL,PL · Kraków,Sales,L3,D,M,1.0,39050,35300,28111.3077,24543.9746,29452.7695,34361.5644,1.1062,1.3259,1.4776,Above,0.0,4688.4356
E01712,PL,PL · Kraków,Operations,L4,E,F,1.0,43350,41900,28111.3077,32212.9392,38655.527,45098.1148,1.0346,1.1214,0.8643,Within,0.0,0.0
E01713,ES,ES · Barcelona,Tech,L2,B,F,1.0,45600,39100,38450.926,24961.0349,28705.1901,32449.3454,1.1662,1.5886,2.7562,Above,0.0,13150.6546
E01714,PL,PL · Kraków,Customer Service,L2,C,F,1.0,22800,23600,22098.6552,19750.9101,22713.5467,25676.1832,0.9661,1.0038,0.5146,Within,0.0,0.0
E01715,PL,PL · Kraków,Customer Service,L2,C,M,1.0,25650,23600,22098.6552,19750.9101,22713.5467,25676.1832,1.0869,1.1293,0.9956,Within,0.0,0.0
E01716,ES,ES · Barcelona,Sales,L3,D,M,1.0,46400,42000,38450.926,33499.9471,40199.9366,46899.926,1.1048,1.1542,0.9627,Within,0.0,0.0
E01717,IT,IT · Milan,Customer Service,L3,D,M,1.0,33100,37400,35427.3211,37095.0301,44514.0361,51933.0421,0.885,0.7436,-0.2692,Below,3995.0301,0.0
E01719,PL,PL · Kraków,Customer Service,L1,B,F,1.0,14450,18900,22098.6552,18287.8798,21031.0617,23774.2437,0.7646,0.6871,-0.6995,Below,3837.8798,0.0
E01720,DE,DE · Munich,Customer Service,L3,D,F,1.0,52700,54700,52281.637,56058.4593,67270.1512,78481.843,0.9634,0.7834,-0.1498,Below,3358.4593,0.0
E01721,PL,PL · Kraków,Operations,L5,F,F,1.0,68800,57900,50412.649,42706.1992,53382.7489,64059.2987,1.1883,1.2888,1.222,Above,0.0,4740.7013
E01722,ES,ES · Barcelona,Customer Service,L6,G,M,1.0,93150,90000,67142.552,77717.419,101032.6447,124347.8705,1.035,0.922,0.331,Within,0.0,0.0
E01724,PL,PL · Kraków,Tech,L2,B,F,1.0,30250,32800,28111.3077,18287.8798,21031.0617,23774.2437,0.9223,1.4383,2.1803,Above,0.0,6475.7563
E01725,IT,IT · Milan,Sales,L2,C,M,1.0,35850,34100,44423.0257,29850.9357,34328.5761,38806.2164,1.0513,1.0443,0.6699,Within,0.0,0.0
E01726,IT,IT · Milan,Sales,L1,A,F,1.0,28000,27300,44423.0257,25592.366,29431.2209,33270.0758,1.0256,0.9514,0.3136,Within,0.0,0.0
E01727,IT,IT · Milan,Operations,L4,E,M,1.0,49450,51900,44423.0257,48685.6742,58422.809,68159.9438,0.9528,0.8464,0.0392,Within,0.0,0.0
E01728,IT,IT · Milan,Tech,L3,D,M,1.0,46900,52000,45051.5517,37095.0301,44514.0361,51933.0421,0.9019,1.0536,0.6608,Within,0.0,0.0
E01729,IT,IT · Milan,Operations,L4,E,M,1.0,53100,51900,44423.0257,48685.6742,58422.809,68159.9438,1.0231,0.9089,0.2267,Within,0.0,0.0
E01730,IT,IT · Milan,Finance,L1,A,F,1.0,25700,28600,35427.3211,25592.366,29431.2209,33270.0758,0.8986,0.8732,0.014,Within,0.0,0.0
E01732,PL,PL · Kraków,HR,L3,D,F,1.0,26350,33600,34034.3671,24543.9746,29452.7695,34361.5644,0.7842,0.8947,0.184,Within,0.0,0.0
E01733,IT,IT · Milan,Customer Service,L3,D,F,1.0,34800,37400,35427.3211,37095.0301,44514.0361,51933.0421,0.9305,0.7818,-0.1547,Below,2295.0301,0.0
E01734,PL,PL · Kraków,Tech,L2,B,M,1.0,25600,32800,28111.3077,18287.8798,21031.0617,23774.2437,0.7805,1.2172,1.3328,Above,0.0,1825.7563
E01736,ES,ES · Barcelona,Tech,L3,D,F,1.0,44400,50000,49137.1558,33499.9471,40199.9366,46899.926,0.888,1.1045,0.8134,Within,0.0,0.0
E01737,PL,PL · Kraków,Tech,L3,D,M,0.8,39800,42000,34034.3671,24543.9746,29452.7695,34361.5644,0.9476,1.3513,1.5539,Above,0.0,4350.7485
E01738,IT,IT · Milan,Operations,L2,C,F,1.0,27000,30900,32970.682,29850.9357,34328.5761,38806.2164,0.8738,0.7865,-0.3184,Below,2850.9357,0.0
E01739,IT,IT · Milan,Sales,L4,E,F,1.0,58750,57300,44423.0257,48685.6742,58422.809,68159.9438,1.0253,1.0056,0.5168,Within,0.0,0.0
E01740,PL,PL · Kraków,Operations,L2,C,M,1.0,23650,24900,23500.5671,19750.9101,22713.5467,25676.1832,0.9498,1.0412,0.658,Within,0.0,0.0
E01741,PL,PL · Kraków,Finance,L3,D,M,1.0,34550,37000,34034.3671,24543.9746,29452.7695,34361.5644,0.9338,1.1731,1.0192,Above,0.0,188.4356
E01742,PL,PL · Kraków,Operations,L3,D,F,1.0,37550,31900,23500.5671,24543.9746,29452.7695,34361.5644,1.1771,1.2749,1.3248,Above,0.0,3188.4356
E01743,PL,PL · Kraków,Sales,L2,C,F,1.0,25650,27600,28111.3077,19750.9101,22713.5467,25676.1832,0.9293,1.1293,0.9956,Within,0.0,0.0
E01744,DE,DE · Munich,Sales,L4,E,F,1.0,76350,83800,63763.1933,73574.3812,88289.2574,103004.1336,0.9111,0.8648,0.0943,Within,0.0,0.0
E01746,IT,IT · Milan,Sales,L2,C,F,1.0,35100,34100,44423.0257,29850.9357,34328.5761,38806.2164,1.0293,1.0225,0.5861,Within,0.0,0.0
E01748,ES,ES · Barcelona,Operations,L3,D,F,1.0,43250,38000,30735.5619,33499.9471,40199.9366,46899.926,1.1382,1.0759,0.7276,Within,0.0,0.0
E01749,DE,DE · Munich,HR,L4,E,M,1.0,77000,79800,83423.91,73574.3812,88289.2574,103004.1336,0.9649,0.8721,0.1164,Within,0.0,0.0
E01751,ES,ES · Barcelona,HR,L3,D,M,1.0,44450,40000,49137.1558,33499.9471,40199.9366,46899.926,1.1112,1.1057,0.8172,Within,0.0,0.0
E01752,DE,DE · Munich,Operations,L2,C,M,1.0,46950,45100,47695.8157,45111.096,51877.7604,58644.4248,1.041,0.905,0.1359,Within,0.0,0.0
E01753,PL,PL · Kraków,Customer Service,L2,C,M,1.0,21950,23600,22098.6552,19750.9101,22713.5467,25676.1832,0.9301,0.9664,0.3711,Within,0.0,0.0
E01755,IT,IT · Milan,Customer Service,L3,D,F,1.0,37900,37400,35427.3211,37095.0301,44514.0361,51933.0421,1.0134,0.8514,0.0543,Within,0.0,0.0
E01756,DE,DE · Munich,Sales,L3,D,M,1.0,66550,63800,63763.1933,56058.4593,67270.1512,78481.843,1.0431,0.9893,0.4679,Within,0.0,0.0
E01757,PL,PL · Kraków,HR,L1,A,F,1.0,22050,21000,22098.6552,16933.222,19473.2053,22013.1886,1.05,1.1323,1.0072,Above,0.0,36.8114
E01758,DE,DE · Munich,HR,L3,D,M,1.0,63950,60800,83423.91,56058.4593,67270.1512,78481.843,1.0518,0.9506,0.3519,Within,0.0,0.0
E01759,DE,DE · Munich,Operations,L1,B,M,1.0,35700,36100,36701.684,41769.5333,48034.9633,54300.3934,0.9889,0.7432,-0.4844,Below,6069.5333,0.0
E01761,IT,IT · Milan,Sales,L4,E,M,1.0,58850,57300,44423.0257,48685.6742,58422.809,68159.9438,1.0271,1.0073,0.5219,Within,0.0,0.0
E01762,ES,ES · Barcelona,Customer Service,L5,F,M,0.8,66450,65200,67142.552,58289.4759,72861.8449,87434.2139,1.0192,0.912,0.28,Within,0.0,0.0
E01764,IT,IT · Milan,Tech,L1,A,F,1.0,32000,32500,44423.0257,25592.366,29431.2209,33270.0758,0.9846,1.0873,0.8346,Within,0.0,0.0
E01765,DE,DE · Munich,Operations,L2,C,M,0.8,38100,45100,47695.8157,45111.096,51877.7604,58644.4248,0.8448,0.7344,-0.5181,Below,5608.8768,0.0
E01766,DE,DE · Munich,Finance,L1,A,M,1.0,41350,41800,52281.637,38675.4938,44476.8179,50278.142,0.9892,0.9297,0.2305,Within,0.0,0.0
E01767,IT,IT · Milan,Tech,L1,A,F,1.0,36200,32500,44423.0257,25592.366,29431.2209,33270.0758,1.1138,1.23,1.3816,Above,0.0,2929.9242
E01768,IT,IT · Milan,HR,L2,B,F,1.0,35600,32500,44423.0257,27639.7553,31785.7186,35931.6819,1.0954,1.12,0.96,Within,0.0,0.0
E01769,PL,PL · Kraków,Operations,L1,B,F,1.0,19150,20000,17581.1795,18287.8798,21031.0617,23774.2437,0.9575,0.9106,0.1571,Within,0.0,0.0
E01770,IT,IT · Milan,Sales,L2,C,F,1.0,28100,34100,44423.0257,29850.9357,34328.5761,38806.2164,0.824,0.8186,-0.1955,Below,1750.9357,0.0
E01771,PL,PL · Kraków,Tech,L2,B,M,1.0,33150,32800,28111.3077,18287.8798,21031.0617,23774.2437,1.0107,1.5762,2.7089,Above,0.0,9375.7563
E01772,DE,DE · Munich,HR,L5,F,M,1.0,113700,110200,123043.8439,97540.9961,121926.2452,146311.4942,1.0318,0.9325,0.3313,Within,0.0,0.0
E01773,DE,DE · Munich,Operations,L3,D,F,0.8,59000,57800,47695.8157,56058.4593,67270.1512,78481.843,1.0208,0.8771,0.1312,Within,0.0,0.0
E01774,PL,PL · Kraków,Customer Service,L3,D,F,1.0,35250,30200,22098.6552,24543.9746,29452.7695,34361.5644,1.1672,1.1968,1.0905,Above,0.0,888.4356
E01775,PL,PL · Kraków,Tech,L5,F,M,1.0,84950,76100,50412.649,42706.1992,53382.7489,64059.2987,1.1163,1.5913,1.9783,Above,0.0,20890.7013
E01776,DE,DE · Munich,Customer Service,L5,F,M,1.0,83350,99200,123043.8439,97540.9961,121926.2452,146311.4942,0.8402,0.6836,-0.291,Below,14190.9961,0.0
E01777,DE,DE · Munich,Finance,L2,B,F,1.0,56300,52300,63763.1933,41769.5333,48034.9633,54300.3934,1.0765,1.1721,1.1596,Above,0.0,1999.6066
E01778,IT,IT · Milan,Customer Service,L4,E,F,0.8,53300,49100,44423.0257,48685.6742,58422.809,68159.9438,1.0855,0.9123,0.2369,Within,0.0,0.0
E01779,PL,PL · Kraków,Operations,L2,C,M,1.0,25400,24900,23500.5671,19750.9101,22713.5467,25676.1832,1.0201,1.1183,0.9534,Within,0.0,0.0
E01780,IT,IT · Milan,Customer Service,L2,C,M,1.0,31350,29200,35427.3211,29850.9357,34328.5761,38806.2164,1.0736,0.9132,0.1674,Within,0.0,0.0
E01781,DE,DE · Munich,Finance,L2,B,F,1.0,46200,52300,63763.1933,41769.5333,48034.9633,54300.3934,0.8834,0.9618,0.3536,Within,0.0,0.0
E01782,IT,IT · Milan,Customer Service,L2,C,F,1.0,31900,29200,35427.3211,29850.9357,34328.5761,38806.2164,1.0925,0.9293,0.2288,Within,0.0,0.0
E01783,IT,IT · Milan,Tech,L3,D,M,1.0,54450,52000,45051.5517,37095.0301,44514.0361,51933.0421,1.0471,1.2232,1.1696,Above,0.0,2516.9579
E01785,IT,IT · Milan,Customer Service,L2,C,M,1.0,29900,29200,35427.3211,29850.9357,34328.5761,38806.2164,1.024,0.871,0.0055,Within,0.0,0.0
E01786,ES,ES · Barcelona,Tech,L3,D,M,1.0,57000,50000,49137.1558,33499.9471,40199.9366,46899.926,1.14,1.4179,1.7537,Above,0.0,10100.074
E01787,IT,IT · Milan,Operations,L1,B,M,1.0,23150,24700,26363.3765,27639.7553,31785.7186,35931.6819,0.9372,0.7283,-0.5415,Below,4489.7553,0.0
E01788,ES,ES · Barcelona,HR,L1,A,F,1.0,22000,25000,30175.2075,23112.0694,26578.8798,30045.6902,0.88,0.8277,-0.1604,Below,1112.0694,0.0
E01789,IT,IT · Milan,HR,L2,B,F,0.8,31550,32500,44423.0257,27639.7553,31785.7186,35931.6819,0.9708,0.9926,0.4716,Within,0.0,0.0
E01790,IT,IT · Milan,HR,L4,E,F,1.0,61150,54600,45051.5517,48685.6742,58422.809,68159.9438,1.12,1.0467,0.64,Within,0.0,0.0
E01791,PL,PL · Kraków,Tech,L1,A,M,1.0,24700,26200,28111.3077,16933.222,19473.2053,22013.1886,0.9427,1.2684,1.5289,Above,0.0,2686.8114
E01792,ES,ES · Barcelona,Operations,L2,C,F,1.0,28050,29700,30735.5619,26957.9177,31001.6053,35045.293,0.9444,0.9048,0.135,Within,0.0,0.0
E01793,PL,PL · Kraków,Sales,L2,C,F,1.0,27700,27600,28111.3077,19750.9101,22713.5467,25676.1832,1.0036,1.2195,1.3416,Above,0.0,2023.8168
E01794,IT,IT · Milan,Customer Service,L2,C,F,1.0,32550,29200,35427.3211,29850.9357,34328.5761,38806.2164,1.1147,0.9482,0.3014,Within,0.0,0.0
E01795,IT,IT · Milan,Operations,L2,C,F,1.0,30450,30900,32970.682,29850.9357,34328.5761,38806.2164,0.9854,0.887,0.0669,Within,0.0,0.0
E01796,DE,DE · Munich,Operations,L2,C,F,1.0,53750,45100,47695.8157,45111.096,51877.7604,58644.4248,1.1918,1.0361,0.6383,Within,0.0,0.0
E01797,PL,PL · Kraków,Customer Service,L3,D,M,1.0,29900,30200,22098.6552,24543.9746,29452.7695,34361.5644,0.9901,1.0152,0.5456,Within,0.0,0.0
E01798,IT,IT · Milan,Sales,L1,A,F,0.8,29600,27300,44423.0257,25592.366,29431.2209,33270.0758,1.0842,1.0057,0.522,Within,0.0,0.0
E01799,IT,IT · Milan,Operations,L2,C,M,1.0,32850,30900,32970.682,29850.9357,34328.5761,38806.2164,1.0631,0.9569,0.3349,Within,0.0,0.0
E01800,PL,PL · Kraków,HR,L3,D,F,1.0,30850,33600,34034.3671,24543.9746,29452.7695,34361.5644,0.9182,1.0474,0.6423,Within,0.0,0.0
E01801,PL,PL · Kraków,Operations,L2,C,F,1.0,26450,24900,23500.5671,19750.9101,22713.5467,25676.1832,1.0622,1.1645,1.1306,Above,0.0,773.8168
E01802,ES,ES · Barcelona,Operations,L2,C,F,0.8,26850,29700,30735.5619,26957.9177,31001.6053,35045.293,0.904,0.8661,-0.0133,Below,86.3342,0.0
E01803,PL,PL · Kraków,Customer Service,L3,D,F,0.8,29650,30200,22098.6552,24543.9746,29452.7695,34361.5644,0.9818,1.0067,0.5201,Within,0.0,0.0
E01804,PL,PL · Kraków,Customer Service,L2,C,M,1.0,24400,23600,22098.6552,19750.9101,22713.5467,25676.1832,1.0339,1.0742,0.7846,Within,0.0,0.0
E01806,DE,DE · Munich,Operations,L1,B,M,1.0,36100,36100,36701.684,41769.5333,48034.9633,54300.3934,1.0,0.7515,-0.4524,Below,5669.5333,0.0
E01807,PL,PL · Kraków,Sales,L1,A,M,1.0,23000,22000,28111.3077,16933.222,19473.2053,22013.1886,1.0455,1.1811,1.1943,Above,0.0,986.8114
E01808,DE,DE · Munich,Tech,L2,B,M,1.0,58900,59400,63763.1933,41769.5333,48034.9633,54300.3934,0.9916,1.2262,1.3671,Above,0.0,4599.6066
E01809,PL,PL · Kraków,Operations,L1,B,F,1.0,24700,20000,17581.1795,18287.8798,21031.0617,23774.2437,1.235,1.1745,1.1687,Above,0.0,925.7563
E01810,PL,PL · Kraków,Customer Service,L2,C,F,0.8,24450,23600,22098.6552,19750.9101,22713.5467,25676.1832,1.036,1.0765,0.7931,Within,0.0,0.0
E01811,PL,PL · Kraków,Customer Service,L3,D,M,1.0,34600,30200,22098.6552,24543.9746,29452.7695,34361.5644,1.1457,1.1748,1.0243,Above,0.0,238.4356
E01812,PL,PL · Kraków,Finance,L4,E,F,1.0,44650,48500,34034.3671,32212.9392,38655.527,45098.1148,0.9206,1.1551,0.9652,Within,0.0,0.0
E01813,PL,PL · Kraków,HR,L1,A,F,1.0,19000,21000,22098.6552,16933.222,19473.2053,22013.1886,0.9048,0.9757,0.4068,Within,0.0,0.0
E01814,ES,ES · Barcelona,Operations,L6,G,F,1.0,101250,95000,67142.552,77717.419,101032.6447,124347.8705,1.0658,1.0022,0.5047,Within,0.0,0.0
E01815,DE,DE · Munich,Customer Service,L2,C,F,1.0,32700,42800,52281.637,45111.096,51877.7604,58644.4248,0.764,0.6303,-0.9171,Below,12411.096,0.0
E01816,DE,DE · Munich,Operations,L3,D,F,1.0,52050,57800,47695.8157,56058.4593,67270.1512,78481.843,0.9005,0.7737,-0.1788,Below,4008.4593,0.0
E01817,IT,IT · Milan,Customer Service,L3,D,F,0.8,38550,37400,35427.3211,37095.0301,44514.0361,51933.0421,1.0307,0.866,0.0981,Within,0.0,0.0
E01820,ES,ES · Barcelona,HR,L2,B,F,1.0,31300,31200,38450.926,24961.0349,28705.1901,32449.3454,1.0032,1.0904,0.8465,Within,0.0,0.0
E01821,IT,IT · Milan,Sales,L3,D,M,1.0,34350,43700,44423.0257,37095.0301,44514.0361,51933.0421,0.786,0.7717,-0.185,Below,2745.0301,0.0
E01822,IT,IT · Milan,Operations,L1,B,F,1.0,28200,24700,26363.3765,27639.7553,31785.7186,35931.6819,1.1417,0.8872,0.0676,Within,0.0,0.0
E01823,IT,IT · Milan,Sales,L2,C,F,1.0,34000,34100,44423.0257,29850.9357,34328.5761,38806.2164,0.9971,0.9904,0.4633,Within,0.0,0.0
E01824,PL,PL · Kraków,Operations,L4,E,F,1.0,42150,41900,28111.3077,32212.9392,38655.527,45098.1148,1.006,1.0904,0.7712,Within,0.0,0.0
E01825,IT,IT · Milan,Customer Service,L3,D,M,1.0,30250,37400,35427.3211,37095.0301,44514.0361,51933.0421,0.8088,0.6796,-0.4613,Below,6845.0301,0.0
E01826,PL,PL · Kraków,Operations,L1,B,M,1.0,23500,20000,17581.1795,18287.8798,21031.0617,23774.2437,1.175,1.1174,0.95,Within,0.0,0.0
E01829,DE,DE · Munich,Operations,L3,D,M,1.0,59450,57800,47695.8157,56058.4593,67270.1512,78481.843,1.0285,0.8838,0.1513,Within,0.0,0.0
E01830,ES,ES · Barcelona,Customer Service,L1,B,M,1.0,22800,22500,30175.2075,24961.0349,28705.1901,32449.3454,1.0133,0.7943,-0.2886,Below,2161.0349,0.0
E01831,DE,DE · Munich,Tech,L2,B,F,1.0,61200,59400,63763.1933,41769.5333,48034.9633,54300.3934,1.0303,1.2741,1.5506,Above,0.0,6899.6066
E01832,ES,ES · Barcelona,Customer Service,L2,C,M,1.0,29450,28100,30175.2075,26957.9177,31001.6053,35045.293,1.048,0.95,0.3081,Within,0.0,0.0
E01833,IT,IT · Milan,Operations,L4,E,M,0.8,47800,51900,44423.0257,48685.6742,58422.809,68159.9438,0.921,0.8182,-0.0455,Below,708.5393,0.0
E01834,PL,PL · Kraków,Customer Service,L2,C,F,1.0,24600,23600,22098.6552,19750.9101,22713.5467,25676.1832,1.0424,1.0831,0.8184,Within,0.0,0.0
E01835,PL,PL · Kraków,HR,L5,F,M,1.0,67800,60900,50412.649,42706.1992,53382.7489,64059.2987,1.1133,1.2701,1.1752,Above,0.0,3740.7013
E01836,IT,IT · Milan,Operations,L1,B,M,1.0,24050,24700,26363.3765,27639.7553,31785.7186,35931.6819,0.9737,0.7566,-0.4329,Below,3589.7553,0.0
E01837,IT,IT · Milan,Operations,L2,C,F,1.0,36200,30900,32970.682,29850.9357,34328.5761,38806.2164,1.1715,1.0545,0.709,Within,0.0,0.0
E01838,PL,PL · Kraków,Customer Service,L1,B,F,1.0,20350,18900,22098.6552,18287.8798,21031.0617,23774.2437,1.0767,0.9676,0.3759,Within,0.0,0.0
E01839,PL,PL · Kraków,HR,L4,E,M,1.0,38250,44100,34034.3671,32212.9392,38655.527,45098.1148,0.8673,0.9895,0.4685,Within,0.0,0.0
E01840,IT,IT · Milan,Finance,L3,D,F,1.0,44850,45800,45051.5517,37095.0301,44514.0361,51933.0421,0.9793,1.0075,0.5226,Within,0.0,0.0
E01842,PL,PL · Kraków,Customer Service,L3,D,F,1.0,33250,30200,22098.6552,24543.9746,29452.7695,34361.5644,1.101,1.1289,0.8868,Within,0.0,0.0
E01843,PL,PL · Kraków,Customer Service,L5,F,F,1.0,51050,54800,50412.649,42706.1992,53382.7489,64059.2987,0.9316,0.9563,0.3908,Within,0.0,0.0
E01844,PL,PL · Kraków,HR,L1,A,F,1.0,20700,21000,22098.6552,16933.222,19473.2053,22013.1886,0.9857,1.063,0.7415,Within,0.0,0.0
E01845,ES,ES · Barcelona,Tech,L2,B,F,1.0,45700,39100,38450.926,24961.0349,28705.1901,32449.3454,1.1688,1.592,2.7695,Above,0.0,13250.6546
E01846,DE,DE · Munich,Tech,L1,A,M,0.8,47750,47500,63763.1933,38675.4938,44476.8179,50278.142,1.0053,1.0736,0.7821,Within,0.0,0.0
E01847,DE,DE · Munich,Operations,L4,E,F,1.0,71250,75800,63763.1933,73574.3812,88289.2574,103004.1336,0.94,0.807,-0.079,Below,2324.3812,0.0
E01848,ES,ES · Barcelona,Customer Service,L3,D,F,1.0,37350,36000,30175.2075,33499.9471,40199.9366,46899.926,1.0375,0.9291,0.2873,Within,0.0,0.0
E01849,DE,DE · Munich,Customer Service,L2,C,M,1.0,37000,42800,52281.637,45111.096,51877.7604,58644.4248,0.8645,0.7132,-0.5993,Below,8111.096,0.0
E01850,IT,IT · Milan,Sales,L3,D,F,1.0,42300,43700,44423.0257,37095.0301,44514.0361,51933.0421,0.968,0.9503,0.3508,Within,0.0,0.0
E01851,PL,PL · Kraków,Sales,L4,E,M,1.0,54750,46300,28111.3077,32212.9392,38655.527,45098.1148,1.1825,1.4164,1.7491,Above,0.0,9651.8852
E01852,PL,PL · Kraków,Operations,L2,C,M,1.0,23800,24900,23500.5671,19750.9101,22713.5467,25676.1832,0.9558,1.0478,0.6834,Within,0.0,0.0
E01853,DE,DE · Munich,HR,L5,F,M,0.8,106500,110200,123043.8439,97540.9961,121926.2452,146311.4942,0.9664,0.8735,0.1837,Within,0.0,0.0
E01854,PL,PL · Kraków,Customer Service,L1,B,F,1.0,18050,18900,22098.6552,18287.8798,21031.0617,23774.2437,0.955,0.8583,-0.0434,Below,237.8798,0.0
E01855,PL,PL · Kraków,Finance,L3,D,M,0.8,30750,37000,34034.3671,24543.9746,29452.7695,34361.5644,0.8311,1.044,0.6321,Within,0.0,0.0
E01856,DE,DE · Munich,Tech,L3,D,M,1.0,78700,76000,83423.91,56058.4593,67270.1512,78481.843,1.0355,1.1699,1.0097,Above,0.0,218.157
E01858,PL,PL · Kraków,Finance,L2,B,F,1.0,30050,28900,28111.3077,18287.8798,21031.0617,23774.2437,1.0398,1.4288,2.1439,Above,0.0,6275.7563
E01859,ES,ES · Barcelona,Sales,L1,A,F,1.0,25200,26200,38450.926,23112.0694,26578.8798,30045.6902,0.9618,0.9481,0.3011,Within,0.0,0.0
E01860,PL,PL · Kraków,Operations,L1,B,M,1.0,24250,20000,17581.1795,18287.8798,21031.0617,23774.2437,1.2125,1.1531,1.0867,Above,0.0,475.7563
E01861,DE,DE · Munich,Tech,L3,D,M,1.0,72450,76000,83423.91,56058.4593,67270.1512,78481.843,0.9533,1.077,0.731,Within,0.0,0.0
E01862,ES,ES · Barcelona,Tech,L3,D,M,1.0,54550,50000,49137.1558,33499.9471,40199.9366,46899.926,1.091,1.357,1.5709,Above,0.0,7650.074
E01863,IT,IT · Milan,Sales,L1,A,F,1.0,25650,27300,44423.0257,25592.366,29431.2209,33270.0758,0.9396,0.8715,0.0075,Within,0.0,0.0
E01864,PL,PL · Kraków,Customer Service,L3,D,F,0.8,31650,30200,22098.6552,24543.9746,29452.7695,34361.5644,1.048,1.0746,0.7238,Within,0.0,0.0
E01865,ES,ES · Barcelona,Sales,L1,A,F,1.0,28750,26200,38450.926,23112.0694,26578.8798,30045.6902,1.0973,1.0817,0.8131,Within,0.0,0.0
E01866,DE,DE · Munich,Customer Service,L3,D,M,1.0,44350,54700,52281.637,56058.4593,67270.1512,78481.843,0.8108,0.6593,-0.5222,Below,11708.4593,0.0
E01867,ES,ES · Barcelona,HR,L1,A,M,1.0,22800,25000,30175.2075,23112.0694,26578.8798,30045.6902,0.912,0.8578,-0.045,Below,312.0694,0.0
E01868,IT,IT · Milan,Operations,L2,C,M,1.0,27250,30900,32970.682,29850.9357,34328.5761,38806.2164,0.8819,0.7938,-0.2904,Below,2600.9357,0.0
E01869,PL,PL · Kraków,Operations,L1,B,F,1.0,17300,20000,17581.1795,18287.8798,21031.0617,23774.2437,0.865,0.8226,-0.1801,Below,987.8798,0.0
E01870,PL,PL · Kraków,Sales,L1,A,M,1.0,20350,22000,28111.3077,16933.222,19473.2053,22013.1886,0.925,1.045,0.6726,Within,0.0,0.0
E01871,PL,PL · Kraków,Customer Service,L2,C,F,1.0,22000,23600,22098.6552,19750.9101,22713.5467,25676.1832,0.9322,0.9686,0.3796,Within,0.0,0.0
E01872,DE,DE · Munich,Sales,L6,G,M,1.0,131950,159600,123043.8439,130051.5118,169066.9654,208082.4189,0.8268,0.7805,0.0243,Within,0.0,0.0
E01873,DE,DE · Munich,HR,L2,B,M,1.0,39950,47500,63763.1933,41769.5333,48034.9633,54300.3934,0.8411,0.8317,-0.1452,Below,1819.5333,0.0
E01874,PL,PL · Kraków,Tech,L3,D,M,1.0,42000,42000,34034.3671,24543.9746,29452.7695,34361.5644,1.0,1.426,1.778,Above,0.0,7638.4356
E01875,DE,DE · Munich,Customer Service,L1,B,F,1.0,29900,34200,52281.637,41769.5333,48034.9633,54300.3934,0.8743,0.6225,-0.9472,Below,11869.5333,0.0
E01876,PL,PL · Kraków,Sales,L2,C,F,1.0,29800,27600,28111.3077,19750.9101,22713.5467,25676.1832,1.0797,1.312,1.696,Above,0.0,4123.8168
E01877,IT,IT · Milan,Operations,L2,C,F,1.0,28950,30900,32970.682,29850.9357,34328.5761,38806.2164,0.9369,0.8433,-0.1006,Below,900.9357,0.0
E01879,IT,IT · Milan,HR,L1,A,M,1.0,26900,26000,35427.3211,25592.366,29431.2209,33270.0758,1.0346,0.914,0.1703,Within,0.0,0.0
E01880,PL,PL · Kraków,Tech,L2,B,F,1.0,32800,32800,28111.3077,18287.8798,21031.0617,23774.2437,1.0,1.5596,2.6451,Above,0.0,9025.7563
E01881,PL,PL · Kraków,HR,L2,B,M,1.0,27100,26200,28111.3077,18287.8798,21031.0617,23774.2437,1.0344,1.2886,1.6062,Above,0.0,3325.7563
E01883,PL,PL · Kraków,Customer Service,L2,C,M,1.0,28150,23600,22098.6552,19750.9101,22713.5467,25676.1832,1.1928,1.2393,1.4175,Above,0.0,2473.8168
E01885,DE,DE · Munich,Customer Service,L3,D,F,1.0,53750,54700,52281.637,56058.4593,67270.1512,78481.843,0.9826,0.799,-0.1029,Below,2308.4593,0.0
E01886,IT,IT · Milan,Operations,L1,B,F,1.0,25000,24700,26363.3765,27639.7553,31785.7186,35931.6819,1.0121,0.7865,-0.3184,Below,2639.7553,0.0
E01887,DE,DE · Munich,Customer Service,L3,D,F,1.0,57500,54700,52281.637,56058.4593,67270.1512,78481.843,1.0512,0.8548,0.0643,Within,0.0,0.0
E01888,PL,PL · Kraków,Sales,L2,C,M,1.0,26150,27600,28111.3077,19750.9101,22713.5467,25676.1832,0.9475,1.1513,1.08,Above,0.0,473.8168
E01889,IT,IT · Milan,Customer Service,L4,E,M,1.0,53150,49100,44423.0257,48685.6742,58422.809,68159.9438,1.0825,0.9097,0.2292,Within,0.0,0.0
E01891,IT,IT · Milan,Customer Service,L3,D,F,1.0,36600,37400,35427.3211,37095.0301,44514.0361,51933.0421,0.9786,0.8222,-0.0334,Below,495.0301,0.0
E01892,ES,ES · Barcelona,Operations,L2,C,F,0.8,32700,29700,30735.5619,26957.9177,31001.6053,35045.293,1.101,1.0548,0.71,Within,0.0,0.0
E01893,IT,IT · Milan,Customer Service,L4,E,F,1.0,51750,49100,44423.0257,48685.6742,58422.809,68159.9438,1.054,0.8858,0.1574,Within,0.0,0.0
E01895,DE,DE · Munich,HR,L3,D,F,1.0,64300,60800,83423.91,56058.4593,67270.1512,78481.843,1.0576,0.9558,0.3675,Within,0.0,0.0
E01896,PL,PL · Kraków,Customer Service,L5,F,F,1.0,48950,54800,50412.649,42706.1992,53382.7489,64059.2987,0.8932,0.917,0.2924,Within,0.0,0.0
E01897,DE,DE · Munich,Operations,L1,B,F,1.0,39950,36100,36701.684,41769.5333,48034.9633,54300.3934,1.1066,0.8317,-0.1452,Below,1819.5333,0.0
E01898,DE,DE · Munich,Customer Service,L1,B,M,1.0,33650,34200,52281.637,41769.5333,48034.9633,54300.3934,0.9839,0.7005,-0.648,Below,8119.5333,0.0
E01899,DE,DE · Munich,Customer Service,L2,C,M,1.0,42600,42800,52281.637,45111.096,51877.7604,58644.4248,0.9953,0.8212,-0.1855,Below,2511.096,0.0
E01900,PL,PL · Kraków,Customer Service,L5,F,F,0.8,59000,54800,50412.649,42706.1992,53382.7489,64059.2987,1.0766,1.1052,0.7631,Within,0.0,0.0
E01902,PL,PL · Kraków,Customer Service,L5,F,F,1.0,49000,54800,50412.649,42706.1992,53382.7489,64059.2987,0.8942,0.9179,0.2947,Within,0.0,0.0
E01903,IT,IT · Milan,Customer Service,L2,C,F,0.8,33900,29200,35427.3211,29850.9357,34328.5761,38806.2164,1.161,0.9875,0.4521,Within,0.0,0.0
E01904,IT,IT · Milan,Tech,L1,A,M,1.0,33850,32500,44423.0257,25592.366,29431.2209,33270.0758,1.0415,1.1501,1.0755,Above,0.0,579.9242
E01905,PL,PL · Kraków,Operations,L1,B,F,1.0,16650,20000,17581.1795,18287.8798,21031.0617,23774.2437,0.8325,0.7917,-0.2985,Below,1637.8798,0.0
E01906,PL,PL · Kraków,Operations,L4,E,M,1.0,43800,41900,28111.3077,32212.9392,38655.527,45098.1148,1.0453,1.1331,0.8993,Within,0.0,0.0
E01907,DE,DE · Munich,Operations,L4,E,F,1.0,75150,75800,63763.1933,73574.3812,88289.2574,103004.1336,0.9914,0.8512,0.0535,Within,0.0,0.0
E01909,ES,ES · Barcelona,Customer Service,L2,C,F,1.0,24350,28100,30175.2075,26957.9177,31001.6053,35045.293,0.8665,0.7854,-0.3225,Below,2607.9177,0.0
E01910,ES,ES · Barcelona,Tech,L4,E,M,1.0,65300,65600,49137.1558,43967.2783,52760.7339,61554.1896,0.9954,1.2377,1.213,Above,0.0,3745.8104
E01911,ES,ES · Barcelona,Customer Service,L1,B,F,1.0,23000,22500,30175.2075,24961.0349,28705.1901,32449.3454,1.0222,0.8012,-0.2619,Below,1961.0349,0.0
E01912,DE,DE · Munich,Tech,L6,G,M,1.0,183300,190000,123043.8439,130051.5118,169066.9654,208082.4189,0.9647,1.0842,0.6824,Within,0.0,0.0
E01914,PL,PL · Kraków,Finance,L6,G,M,1.0,96150,92400,50412.649,56940.2199,74022.2858,91104.3518,1.0406,1.2989,1.1477,Above,0.0,5045.6482
E01915,IT,IT · Milan,Tech,L4,E,M,1.0,78450,68200,45051.5517,48685.6742,58422.809,68159.9438,1.1503,1.3428,1.5284,Above,0.0,10290.0562
E01916,DE,DE · Munich,Operations,L3,D,F,0.8,54050,57800,47695.8157,56058.4593,67270.1512,78481.843,0.9351,0.8035,-0.0896,Below,1606.7675,0.0
E01917,PL,PL · Kraków,HR,L1,A,F,1.0,17050,21000,22098.6552,16933.222,19473.2053,22013.1886,0.8119,0.8756,0.023,Within,0.0,0.0
E01918,DE,DE · Munich,Finance,L4,E,F,1.0,79850,87800,83423.91,73574.3812,88289.2574,103004.1336,0.9095,0.9044,0.2132,Within,0.0,0.0
E01919,PL,PL · Kraków,Customer Service,L2,C,F,1.0,21700,23600,22098.6552,19750.9101,22713.5467,25676.1832,0.9195,0.9554,0.3289,Within,0.0,0.0
E01920,IT,IT · Milan,Tech,L1,A,M,1.0,28250,32500,44423.0257,25592.366,29431.2209,33270.0758,0.8692,0.9599,0.3461,Within,0.0,0.0
E01921,DE,DE · Munich,Customer Service,L3,D,M,1.0,51450,54700,52281.637,56058.4593,67270.1512,78481.843,0.9406,0.7648,-0.2055,Below,4608.4593,0.0
E01922,DE,DE · Munich,Tech,L4,E,M,1.0,103600,99800,83423.91,73574.3812,88289.2574,103004.1336,1.0381,1.1734,1.0202,Above,0.0,595.8664
E01923,PL,PL · Kraków,Operations,L3,D,F,1.0,34400,31900,23500.5671,24543.9746,29452.7695,34361.5644,1.0784,1.168,1.0039,Above,0.0,38.4356
E01924,PL,PL · Kraków,Customer Service,L2,C,F,1.0,23350,23600,22098.6552,19750.9101,22713.5467,25676.1832,0.9894,1.028,0.6074,Within,0.0,0.0
E01926,PL,PL · Kraków,Finance,L1,A,F,1.0,21450,23100,22098.6552,16933.222,19473.2053,22013.1886,0.9286,1.1015,0.8891,Within,0.0,0.0
E01927,PL,PL · Kraków,Operations,L2,C,F,1.0,24550,24900,23500.5671,19750.9101,22713.5467,25676.1832,0.9859,1.0809,0.8099,Within,0.0,0.0
E01928,PL,PL · Kraków,Operations,L2,C,M,1.0,24650,24900,23500.5671,19750.9101,22713.5467,25676.1832,0.99,1.0853,0.8268,Within,0.0,0.0
E01930,DE,DE · Munich,Tech,L2,B,F,1.0,58150,59400,63763.1933,41769.5333,48034.9633,54300.3934,0.979,1.2106,1.3072,Above,0.0,3849.6066
E01931,DE,DE · Munich,Operations,L1,B,M,1.0,31050,36100,36701.684,41769.5333,48034.9633,54300.3934,0.8601,0.6464,-0.8555,Below,10719.5333,0.0
E01932,PL,PL · Kraków,Tech,L3,D,M,1.0,43000,42000,34034.3671,24543.9746,29452.7695,34361.5644,1.0238,1.46,1.8799,Above,0.0,8638.4356
E01933,IT,IT · Milan,Tech,L1,A,F,1.0,28650,32500,44423.0257,25592.366,29431.2209,33270.0758,0.8815,0.9735,0.3982,Within,0.0,0.0
E01934,IT,IT · Milan,Tech,L4,E,F,1.0,74300,68200,45051.5517,48685.6742,58422.809,68159.9438,1.0894,1.2718,1.3153,Above,0.0,6140.0562
E01935,PL,PL · Kraków,Finance,L3,D,F,1.0,34200,37000,34034.3671,24543.9746,29452.7695,34361.5644,0.9243,1.1612,0.9835,Within,0.0,0.0
E01936,IT,IT · Milan,Finance,L2,B,M,1.0,37500,35800,44423.0257,27639.7553,31785.7186,35931.6819,1.0475,1.1798,1.1891,Above,0.0,1568.3181
E01938,IT,IT · Milan,Customer Service,L4,E,M,1.0,39400,49100,44423.0257,48685.6742,58422.809,68159.9438,0.8024,0.6744,-0.4768,Below,9285.6742,0.0
E01939,DE,DE · Munich,Customer Service,L1,B,M,1.0,40650,34200,52281.637,41769.5333,48034.9633,54300.3934,1.1886,0.8463,-0.0893,Below,1119.5333,0.0
E01940,IT,IT · Milan,Sales,L2,C,M,1.0,31550,34100,44423.0257,29850.9357,34328.5761,38806.2164,0.9252,0.9191,0.1897,Within,0.0,0.0
E01941,IT,IT · Milan,Finance,L3,D,M,1.0,37000,45800,45051.5517,37095.0301,44514.0361,51933.0421,0.8079,0.8312,-0.0064,Below,95.0301,0.0
E01942,PL,PL · Kraków,Operations,L1,B,M,1.0,20650,20000,17581.1795,18287.8798,21031.0617,23774.2437,1.0325,0.9819,0.4305,Within,0.0,0.0
E01943,IT,IT · Milan,HR,L2,B,M,1.0,35800,32500,44423.0257,27639.7553,31785.7186,35931.6819,1.1015,1.1263,0.9841,Within,0.0,0.0
E01944,PL,PL · Kraków,Customer Service,L3,D,M,1.0,27700,30200,22098.6552,24543.9746,29452.7695,34361.5644,0.9172,0.9405,0.3215,Within,0.0,0.0
E01945,PL,PL · Kraków,Operations,L6,G,F,0.8,80200,79800,50412.649,56940.2199,74022.2858,91104.3518,1.005,1.0835,0.6808,Within,0.0,0.0
E01947,PL,PL · Kraków,Operations,L3,D,F,1.0,32700,31900,23500.5671,24543.9746,29452.7695,34361.5644,1.0251,1.1103,0.8308,Within,0.0,0.0
E01948,DE,DE · Munich,Customer Service,L3,D,F,1.0,56950,54700,52281.637,56058.4593,67270.1512,78481.843,1.0411,0.8466,0.0398,Within,0.0,0.0
E01949,PL,PL · Kraków,Operations,L1,B,F,1.0,18950,20000,17581.1795,18287.8798,21031.0617,23774.2437,0.9475,0.901,0.1207,Within,0.0,0.0
E01950,PL,PL · Kraków,Customer Service,L5,F,M,1.0,59100,54800,50412.649,42706.1992,53382.7489,64059.2987,1.0785,1.1071,0.7677,Within,0.0,0.0
E01951,PL,PL · Kraków,Sales,L2,C,F,1.0,25950,27600,28111.3077,19750.9101,22713.5467,25676.1832,0.9402,1.1425,1.0462,Above,0.0,273.8168
E01952,IT,IT · Milan,HR,L3,D,M,1.0,43050,41600,45051.5517,37095.0301,44514.0361,51933.0421,1.0349,0.9671,0.4013,Within,0.0,0.0
E01953,ES,ES · Barcelona,Operations,L1,B,F,1.0,24350,23800,23130.047,24961.0349,28705.1901,32449.3454,1.0231,0.8483,-0.0816,Below,611.0349,0.0
E01954,PL,PL · Kraków,Operations,L5,F,M,1.0,48050,57900,50412.649,42706.1992,53382.7489,64059.2987,0.8299,0.9001,0.2503,Within,0.0,0.0
E01955,IT,IT · Milan,Tech,L2,B,M,1.0,43350,40600,44423.0257,27639.7553,31785.7186,35931.6819,1.0677,1.3638,1.8946,Above,0.0,7418.3181
E01956,ES,ES · Barcelona,Operations,L2,C,M,1.0,30900,29700,30735.5619,26957.9177,31001.6053,35045.293,1.0404,0.9967,0.4874,Within,0.0,0.0
E01957,IT,IT · Milan,Customer Service,L3,D,F,1.0,38500,37400,35427.3211,37095.0301,44514.0361,51933.0421,1.0294,0.8649,0.0947,Within,0.0,0.0
E01958,PL,PL · Kraków,Finance,L2,B,F,0.8,24800,28900,28111.3077,18287.8798,21031.0617,23774.2437,0.8581,1.1792,1.187,Above,0.0,820.605
E01960,DE,DE · Munich,Customer Service,L5,F,F,1.0,102650,99200,123043.8439,97540.9961,121926.2452,146311.4942,1.0348,0.8419,0.1048,Within,0.0,0.0
E01961,IT,IT · Milan,Tech,L3,D,M,1.0,59500,52000,45051.5517,37095.0301,44514.0361,51933.0421,1.1442,1.3367,1.51,Above,0.0,7566.9579
E01963,IT,IT · Milan,Operations,L4,E,F,1.0,47900,51900,44423.0257,48685.6742,58422.809,68159.9438,0.9229,0.8199,-0.0403,Below,785.6742,0.0
E01964,PL,PL · Kraków,Customer Service,L1,B,F,1.0,18700,18900,22098.6552,18287.8798,21031.0617,23774.2437,0.9894,0.8892,0.0751,Within,0.0,0.0
E01965,ES,ES · Barcelona,Customer Service,L3,D,F,1.0,34450,36000,30175.2075,33499.9471,40199.9366,46899.926,0.9569,0.857,0.0709,Within,0.0,0.0
E01967,IT,IT · Milan,Operations,L1,B,F,0.8,25950,24700,26363.3765,27639.7553,31785.7186,35931.6819,1.0506,0.8164,-0.2038,Below,1351.8042,0.0
E01968,IT,IT · Milan,Customer Service,L4,E,M,1.0,52550,49100,44423.0257,48685.6742,58422.809,68159.9438,1.0703,0.8995,0.1984,Within,0.0,0.0
E01970,DE,DE · Munich,Tech,L2,B,F,1.0,59050,59400,63763.1933,41769.5333,48034.9633,54300.3934,0.9941,1.2293,1.379,Above,0.0,4749.6066
E01971,PL,PL · Kraków,Operations,L4,E,M,1.0,41500,41900,28111.3077,32212.9392,38655.527,45098.1148,0.9905,1.0736,0.7208,Within,0.0,0.0
E01972,IT,IT · Milan,Finance,L3,D,M,1.0,44650,45800,45051.5517,37095.0301,44514.0361,51933.0421,0.9749,1.0031,0.5092,Within,0.0,0.0
E01973,IT,IT · Milan,Tech,L2,B,F,1.0,36150,40600,44423.0257,27639.7553,31785.7186,35931.6819,0.8904,1.1373,1.0263,Above,0.0,218.3181
E01974,IT,IT · Milan,Finance,L3,D,M,1.0,44800,45800,45051.5517,37095.0301,44514.0361,51933.0421,0.9782,1.0064,0.5193,Within,0.0,0.0
E01975,PL,PL · Kraków,Tech,L1,A,F,1.0,25950,26200,28111.3077,16933.222,19473.2053,22013.1886,0.9905,1.3326,1.775,Above,0.0,3936.8114
E01976,ES,ES · Barcelona,Tech,L1,A,F,1.0,36050,31200,38450.926,23112.0694,26578.8798,30045.6902,1.1554,1.3563,1.866,Above,0.0,6004.3098
E01977,IT,IT · Milan,Customer Service,L4,E,M,1.0,49150,49100,44423.0257,48685.6742,58422.809,68159.9438,1.001,0.8413,0.0238,Within,0.0,0.0
E01978,IT,IT · Milan,Customer Service,L2,C,M,1.0,32600,29200,35427.3211,29850.9357,34328.5761,38806.2164,1.1164,0.9496,0.307,Within,0.0,0.0
E01979,PL,PL · Kraków,Customer Service,L1,B,M,1.0,17750,18900,22098.6552,18287.8798,21031.0617,23774.2437,0.9392,0.844,-0.098,Below,537.8798,0.0
E01980,ES,ES · Barcelona,Tech,L4,E,M,1.0,67650,65600,49137.1558,43967.2783,52760.7339,61554.1896,1.0312,1.2822,1.3466,Above,0.0,6095.8104
E01981,IT,IT · Milan,Tech,L1,A,F,1.0,23200,32500,44423.0257,25592.366,29431.2209,33270.0758,0.7138,0.7883,-0.3116,Below,2392.366,0.0
E01982,PL,PL · Kraków,Tech,L5,F,M,1.0,70300,76100,50412.649,42706.1992,53382.7489,64059.2987,0.9238,1.3169,1.2923,Above,0.0,6240.7013
E01983,IT,IT · Milan,Operations,L2,C,F,1.0,29350,30900,32970.682,29850.9357,34328.5761,38806.2164,0.9498,0.855,-0.0559,Below,500.9357,0.0
E01985,ES,ES · Barcelona,Operations,L1,B,F,1.0,27150,23800,23130.047,24961.0349,28705.1901,32449.3454,1.1408,0.9458,0.2923,Within,0.0,0.0
E01986,PL,PL · Kraków,HR,L2,B,F,1.0,24750,26200,28111.3077,18287.8798,21031.0617,23774.2437,0.9447,1.1768,1.1779,Above,0.0,975.7563
E01989,DE,DE · Munich,Operations,L2,C,M,1.0,52300,45100,47695.8157,45111.096,51877.7604,58644.4248,1.1596,1.0081,0.5312,Within,0.0,0.0
E01990,IT,IT · Milan,Tech,L1,A,F,1.0,33800,32500,44423.0257,25592.366,29431.2209,33270.0758,1.04,1.1484,1.069,Above,0.0,529.9242
E01991,ES,ES · Barcelona,Operations,L4,E,F,1.0,47050,49900,38450.926,43967.2783,52760.7339,61554.1896,0.9429,0.8918,0.1753,Within,0.0,0.0
E01992,DE,DE · Munich,HR,L2,B,M,1.0,45400,47500,63763.1933,41769.5333,48034.9633,54300.3934,0.9558,0.9451,0.2897,Within,0.0,0.0
E01993,PL,PL · Kraków,Customer Service,L5,F,M,1.0,52800,54800,50412.649,42706.1992,53382.7489,64059.2987,0.9635,0.9891,0.4727,Within,0.0,0.0
E01994,ES,ES · Barcelona,Tech,L3,D,M,1.0,48000,50000,49137.1558,33499.9471,40199.9366,46899.926,0.96,1.194,1.0821,Above,0.0,1100.074
E01995,IT,IT · Milan,Customer Service,L3,D,M,1.0,39700,37400,35427.3211,37095.0301,44514.0361,51933.0421,1.0615,0.8919,0.1756,Within,0.0,0.0
E01996,PL,PL · Kraków,Sales,L2,C,M,0.8,29300,27600,28111.3077,19750.9101,22713.5467,25676.1832,1.0616,1.29,1.6116,Above,0.0,2899.0534
E01997,PL,PL · Kraków,Operations,L1,B,F,1.0,17700,20000,17581.1795,18287.8798,21031.0617,23774.2437,0.885,0.8416,-0.1072,Below,587.8798,0.0
E01998,DE,DE · Munich,Customer Service,L1,B,M,1.0,36900,34200,52281.637,41769.5333,48034.9633,54300.3934,1.0789,0.7682,-0.3886,Below,4869.5333,0.0
E01999,PL,PL · Kraków,Finance,L1,A,F,1.0,24350,23100,22098.6552,16933.222,19473.2053,22013.1886,1.0541,1.2504,1.46,Above,0.0,2336.8114
E02000,PL,PL · Kraków,Sales,L2,C,F,0.8,24850,27600,28111.3077,19750.9101,22713.5467,25676.1832,0.9004,1.0941,0.8606,Within,0.0,0.0
E02001,PL,PL · Kraków,Customer Service,L2,C,F,1.0,25250,23600,22098.6552,19750.9101,22713.5467,25676.1832,1.0699,1.1117,0.9281,Within,0.0,0.0
E02002,PL,PL · Kraków,Sales,L1,A,F,1.0,22000,22000,28111.3077,16933.222,19473.2053,22013.1886,1.0,1.1298,0.9974,Within,0.0,0.0
E02003,IT,IT · Milan,HR,L5,F,M,1.0,81500,75400,119149.3884,64544.8739,80681.0924,96817.3109,1.0809,1.0101,0.5254,Within,0.0,0.0
E02004,ES,ES · Barcelona,Operations,L3,D,F,1.0,41800,38000,30735.5619,33499.9471,40199.9366,46899.926,1.1,1.0398,0.6194,Within,0.0,0.0
E02005,PL,PL · Kraków,Finance,L3,D,M,1.0,31800,37000,34034.3671,24543.9746,29452.7695,34361.5644,0.8595,1.0797,0.7391,Within,0.0,0.0
E02006,IT,IT · Milan,Operations,L1,B,M,0.8,18050,24700,26363.3765,27639.7553,31785.7186,35931.6819,0.7308,0.5679,-1.1565,Below,7671.8042,0.0
E02007,PL,PL · Kraków,Sales,L3,D,F,1.0,30100,35300,28111.3077,24543.9746,29452.7695,34361.5644,0.8527,1.022,0.5659,Within,0.0,0.0
E02008,PL,PL · Kraków,Customer Service,L4,E,F,1.0,33900,39700,28111.3077,32212.9392,38655.527,45098.1148,0.8539,0.877,0.1309,Within,0.0,0.0
E02009,PL,PL · Kraków,Sales,L3,D,F,1.0,37000,35300,28111.3077,24543.9746,29452.7695,34361.5644,1.0482,1.2562,1.2687,Above,0.0,2638.4356
E02010,PL,PL · Kraków,HR,L5,F,M,1.0,64300,60900,50412.649,42706.1992,53382.7489,64059.2987,1.0558,1.2045,1.0113,Above,0.0,240.7013
E02011,ES,ES · Barcelona,Finance,L6,G,M,1.0,105300,110000,67142.552,77717.419,101032.6447,124347.8705,0.9573,1.0422,0.5915,Within,0.0,0.0
E02012,IT,IT · Milan,Customer Service,L4,E,M,1.0,49600,49100,44423.0257,48685.6742,58422.809,68159.9438,1.0102,0.849,0.047,Within,0.0,0.0
E02013,PL,PL · Kraków,Operations,L2,C,F,1.0,24250,24900,23500.5671,19750.9101,22713.5467,25676.1832,0.9739,1.0676,0.7593,Within,0.0,0.0
E02014,ES,ES · Barcelona,HR,L1,A,F,1.0,25250,25000,30175.2075,23112.0694,26578.8798,30045.6902,1.01,0.95,0.3083,Within,0.0,0.0
E02015,IT,IT · Milan,Finance,L4,E,F,1.0,57450,60100,45051.5517,48685.6742,58422.809,68159.9438,0.9559,0.9833,0.45,Within,0.0,0.0
E02016,DE,DE · Munich,Operations,L2,C,F,1.0,45300,45100,47695.8157,45111.096,51877.7604,58644.4248,1.0044,0.8732,0.014,Within,0.0,0.0
E02017,IT,IT · Milan,Sales,L1,A,F,0.8,30700,27300,44423.0257,25592.366,29431.2209,33270.0758,1.1245,1.0431,0.6653,Within,0.0,0.0
E02018,IT,IT · Milan,HR,L1,A,M,1.0,26550,26000,35427.3211,25592.366,29431.2209,33270.0758,1.0212,0.9021,0.1247,Within,0.0,0.0
E02019,DE,DE · Munich,Customer Service,L3,D,F,1.0,57350,54700,52281.637,56058.4593,67270.1512,78481.843,1.0484,0.8525,0.0576,Within,0.0,0.0
E02021,IT,IT · Milan,Customer Service,L3,D,M,1.0,35450,37400,35427.3211,37095.0301,44514.0361,51933.0421,0.9479,0.7964,-0.1109,Below,1645.0301,0.0
E02024,DE,DE · Munich,Tech,L3,D,M,1.0,75100,76000,83423.91,56058.4593,67270.1512,78481.843,0.9882,1.1164,0.8492,Within,0.0,0.0
E02025,PL,PL · Kraków,Sales,L2,C,F,1.0,29100,27600,28111.3077,19750.9101,22713.5467,25676.1832,1.0543,1.2812,1.5778,Above,0.0,3423.8168
E02026,DE,DE · Munich,Sales,L2,C,F,1.0,54050,49900,63763.1933,45111.096,51877.7604,58644.4248,1.0832,1.0419,0.6605,Within,0.0,0.0
E02027,PL,PL · Kraków,Customer Service,L3,D,M,1.0,30500,30200,22098.6552,24543.9746,29452.7695,34361.5644,1.0099,1.0356,0.6067,Within,0.0,0.0
E02028,ES,ES · Barcelona,Customer Service,L3,D,M,1.0,39350,36000,30175.2075,33499.9471,40199.9366,46899.926,1.0931,0.9789,0.4366,Within,0.0,0.0
E02029,PL,PL · Kraków,Operations,L1,B,M,1.0,15050,20000,17581.1795,18287.8798,21031.0617,23774.2437,0.7525,0.7156,-0.5902,Below,3237.8798,0.0
E02031,DE,DE · Munich,Operations,L6,G,F,0.8,152750,144400,123043.8439,130051.5118,169066.9654,208082.4189,1.0578,0.9035,0.2909,Within,0.0,0.0
E02032,IT,IT · Milan,Customer Service,L1,B,F,1.0,24750,23400,35427.3211,27639.7553,31785.7186,35931.6819,1.0577,0.7787,-0.3485,Below,2889.7553,0.0
E02033,ES,ES · Barcelona,Sales,L3,D,M,1.0,36600,42000,38450.926,33499.9471,40199.9366,46899.926,0.8714,0.9104,0.2313,Within,0.0,0.0
E02035,PL,PL · Kraków,Finance,L1,A,F,1.0,22250,23100,22098.6552,16933.222,19473.2053,22013.1886,0.9632,1.1426,1.0466,Above,0.0,236.8114
E02036,PL,PL · Kraków,Operations,L4,E,F,1.0,40800,41900,28111.3077,32212.9392,38655.527,45098.1148,0.9737,1.0555,0.6664,Within,0.0,0.0
E02037,DE,DE · Munich,Operations,L1,B,F,0.8,35700,36100,36701.684,41769.5333,48034.9633,54300.3934,0.9889,0.7432,-0.4844,Below,4855.6267,0.0
E02038,PL,PL · Kraków,Operations,L2,C,M,1.0,25100,24900,23500.5671,19750.9101,22713.5467,25676.1832,1.008,1.1051,0.9028,Within,0.0,0.0
E02039,PL,PL · Kraków,Operations,L1,B,F,1.0,18400,20000,17581.1795,18287.8798,21031.0617,23774.2437,0.92,0.8749,0.0204,Within,0.0,0.0
E02040,IT,IT · Milan,Operations,L3,D,F,1.0,41400,39500,32970.682,37095.0301,44514.0361,51933.0421,1.0481,0.93,0.2901,Within,0.0,0.0
E02041,PL,PL · Kraków,Finance,L1,A,M,1.0,21750,23100,22098.6552,16933.222,19473.2053,22013.1886,0.9416,1.1169,0.9482,Within,0.0,0.0
E02042,DE,DE · Munich,Operations,L6,G,M,1.0,150550,144400,123043.8439,130051.5118,169066.9654,208082.4189,1.0426,0.8905,0.2627,Within,0.0,0.0
E02043,IT,IT · Milan,Finance,L1,A,F,1.0,28000,28600,35427.3211,25592.366,29431.2209,33270.0758,0.979,0.9514,0.3136,Within,0.0,0.0
E02044,PL,PL · Kraków,Sales,L1,A,F,1.0,25150,22000,28111.3077,16933.222,19473.2053,22013.1886,1.1432,1.2915,1.6175,Above,0.0,3136.8114
E02045,ES,ES · Barcelona,Operations,L2,C,F,1.0,28650,29700,30735.5619,26957.9177,31001.6053,35045.293,0.9646,0.9241,0.2092,Within,0.0,0.0
E02046,IT,IT · Milan,Tech,L4,E,F,1.0,63050,68200,45051.5517,48685.6742,58422.809,68159.9438,0.9245,1.0792,0.7376,Within,0.0,0.0
E02047,IT,IT · Milan,Finance,L1,A,F,1.0,27450,28600,35427.3211,25592.366,29431.2209,33270.0758,0.9598,0.9327,0.242,Within,0.0,0.0
E02048,IT,IT · Milan,Tech,L2,B,M,1.0,41450,40600,44423.0257,27639.7553,31785.7186,35931.6819,1.0209,1.304,1.6655,Above,0.0,5518.3181
E02050,IT,IT · Milan,Customer Service,L2,C,F,1.0,25900,29200,35427.3211,29850.9357,34328.5761,38806.2164,0.887,0.7545,-0.4412,Below,3950.9357,0.0
E02051,DE,DE · Munich,Operations,L2,C,F,1.0,44850,45100,47695.8157,45111.096,51877.7604,58644.4248,0.9945,0.8645,-0.0193,Below,261.096,0.0
E02052,PL,PL · Kraków,Operations,L2,C,M,1.0,27700,24900,23500.5671,19750.9101,22713.5467,25676.1832,1.1124,1.2195,1.3416,Above,0.0,2023.8168
E02053,IT,IT · Milan,Sales,L1,A,F,1.0,23750,27300,44423.0257,25592.366,29431.2209,33270.0758,0.87,0.807,-0.24,Below,1842.366,0.0
E02055,PL,PL · Kraków,Operations,L3,D,M,1.0,31600,31900,23500.5671,24543.9746,29452.7695,34361.5644,0.9906,1.0729,0.7187,Within,0.0,0.0
E02056,DE,DE · Munich,Customer Service,L2,C,F,1.0,39550,42800,52281.637,45111.096,51877.7604,58644.4248,0.9241,0.7624,-0.4109,Below,5561.096,0.0
E02057,IT,IT · Milan,HR,L2,B,M,1.0,38550,32500,44423.0257,27639.7553,31785.7186,35931.6819,1.1862,1.2128,1.3158,Above,0.0,2618.3181
E02058,PL,PL · Kraków,Customer Service,L2,C,F,1.0,22400,23600,22098.6552,19750.9101,22713.5467,25676.1832,0.9492,0.9862,0.4471,Within,0.0,0.0
E02060,DE,DE · Munich,Tech,L1,A,M,1.0,48650,47500,63763.1933,38675.4938,44476.8179,50278.142,1.0242,1.0938,0.8597,Within,0.0,0.0
E02061,PL,PL · Kraków,Operations,L1,B,M,1.0,19250,20000,17581.1795,18287.8798,21031.0617,23774.2437,0.9625,0.9153,0.1754,Within,0.0,0.0
E02063,ES,ES · Barcelona,HR,L3,D,F,1.0,39300,40000,49137.1558,33499.9471,40199.9366,46899.926,0.9825,0.9776,0.4328,Within,0.0,0.0
E02064,IT,IT · Milan,Tech,L3,D,M,1.0,54900,52000,45051.5517,37095.0301,44514.0361,51933.0421,1.0558,1.2333,1.2,Above,0.0,2966.9579
E02065,IT,IT · Milan,Customer Service,L2,C,F,1.0,28650,29200,35427.3211,29850.9357,34328.5761,38806.2164,0.9812,0.8346,-0.1341,Below,1200.9357,0.0
E02066,IT,IT · Milan,Operations,L3,D,M,1.0,36450,39500,32970.682,37095.0301,44514.0361,51933.0421,0.9228,0.8188,-0.0435,Below,645.0301,0.0
E02067,IT,IT · Milan,Customer Service,L4,E,M,1.0,49550,49100,44423.0257,48685.6742,58422.809,68159.9438,1.0092,0.8481,0.0444,Within,0.0,0.0
E02068,IT,IT · Milan,Operations,L3,D,M,1.0,32550,39500,32970.682,37095.0301,44514.0361,51933.0421,0.8241,0.7312,-0.3063,Below,4545.0301,0.0
E02069,IT,IT · Milan,Customer Service,L2,C,F,1.0,29650,29200,35427.3211,29850.9357,34328.5761,38806.2164,1.0154,0.8637,-0.0224,Below,200.9357,0.0
E02070,ES,ES · Barcelona,Customer Service,L2,C,M,1.0,28750,28100,30175.2075,26957.9177,31001.6053,35045.293,1.0231,0.9274,0.2216,Within,0.0,0.0
E02071,PL,PL · Kraków,Finance,L2,B,M,1.0,28800,28900,28111.3077,18287.8798,21031.0617,23774.2437,0.9965,1.3694,1.916,Above,0.0,5025.7563
E02072,DE,DE · Munich,HR,L2,B,F,1.0,48050,47500,63763.1933,41769.5333,48034.9633,54300.3934,1.0116,1.0003,0.5012,Within,0.0,0.0
E02073,IT,IT · Milan,Finance,L1,A,M,1.0,25550,28600,35427.3211,25592.366,29431.2209,33270.0758,0.8934,0.8681,-0.0055,Below,42.366,0.0
E02074,PL,PL · Kraków,Customer Service,L3,D,M,1.0,33500,30200,22098.6552,24543.9746,29452.7695,34361.5644,1.1093,1.1374,0.9122,Within,0.0,0.0
E02075,PL,PL · Kraków,HR,L1,A,F,1.0,22050,21000,22098.6552,16933.222,19473.2053,22013.1886,1.05,1.1323,1.0072,Above,0.0,36.8114
E02077,IT,IT · Milan,Operations,L2,C,F,0.8,27150,30900,32970.682,29850.9357,34328.5761,38806.2164,0.8786,0.7909,-0.3016,Below,2160.7486,0.0
E02078,DE,DE · Munich,Customer Service,L2,C,F,1.0,44000,42800,52281.637,45111.096,51877.7604,58644.4248,1.028,0.8481,-0.0821,Below,1111.096,0.0
E02079,PL,PL · Kraków,Tech,L2,B,M,1.0,31000,32800,28111.3077,18287.8798,21031.0617,23774.2437,0.9451,1.474,2.317,Above,0.0,7225.7563
E02080,IT,IT · Milan,Operations,L3,D,M,1.0,35200,39500,32970.682,37095.0301,44514.0361,51933.0421,0.8911,0.7908,-0.1277,Below,1895.0301,0.0
E02081,PL,PL · Kraków,HR,L3,D,F,1.0,30950,33600,34034.3671,24543.9746,29452.7695,34361.5644,0.9211,1.0508,0.6525,Within,0.0,0.0
E02082,IT,IT · Milan,Customer Service,L5,F,F,1.0,65050,67900,119149.3884,64544.8739,80681.0924,96817.3109,0.958,0.8063,0.0157,Within,0.0,0.0
E02083,ES,ES · Barcelona,Tech,L3,D,M,1.0,46850,50000,49137.1558,33499.9471,40199.9366,46899.926,0.937,1.1654,0.9963,Within,0.0,0.0
E02084,PL,PL · Kraków,Customer Service,L4,E,F,1.0,40050,39700,28111.3077,32212.9392,38655.527,45098.1148,1.0088,1.0361,0.6082,Within,0.0,0.0
E02085,PL,PL · Kraków,Operations,L4,E,F,1.0,41450,41900,28111.3077,32212.9392,38655.527,45098.1148,0.9893,1.0723,0.7169,Within,0.0,0.0
E02086,DE,DE · Munich,Operations,L3,D,F,1.0,54300,57800,47695.8157,56058.4593,67270.1512,78481.843,0.9394,0.8072,-0.0784,Below,1758.4593,0.0
E02089,IT,IT · Milan,Operations,L2,C,F,1.0,31450,30900,32970.682,29850.9357,34328.5761,38806.2164,1.0178,0.9161,0.1786,Within,0.0,0.0
E02090,IT,IT · Milan,Sales,L2,C,M,1.0,35850,34100,44423.0257,29850.9357,34328.5761,38806.2164,1.0513,1.0443,0.6699,Within,0.0,0.0
E02091,PL,PL · Kraków,Operations,L2,C,F,1.0,24900,24900,23500.5671,19750.9101,22713.5467,25676.1832,1.0,1.0963,0.869,Within,0.0,0.0
E02093,ES,ES · Barcelona,Sales,L1,A,M,1.0,23900,26200,38450.926,23112.0694,26578.8798,30045.6902,0.9122,0.8992,0.1136,Within,0.0,0.0
E02094,PL,PL · Kraków,Operations,L1,B,M,1.0,16500,20000,17581.1795,18287.8798,21031.0617,23774.2437,0.825,0.7846,-0.3259,Below,1787.8798,0.0
E02095,IT,IT · Milan,Sales,L3,D,F,1.0,34450,43700,44423.0257,37095.0301,44514.0361,51933.0421,0.7883,0.7739,-0.1783,Below,2645.0301,0.0
E02096,IT,IT · Milan,Finance,L2,B,F,0.8,43400,35800,44423.0257,27639.7553,31785.7186,35931.6819,1.2123,1.3654,1.9007,Above,0.0,5974.6545
E02097,IT,IT · Milan,Customer Service,L1,B,F,1.0,19750,23400,35427.3211,27639.7553,31785.7186,35931.6819,0.844,0.6213,-0.9515,Below,7889.7553,0.0
E02098,IT,IT · Milan,Sales,L3,D,F,1.0,45900,43700,44423.0257,37095.0301,44514.0361,51933.0421,1.0503,1.0311,0.5934,Within,0.0,0.0
E02099,PL,PL · Kraków,Finance,L1,A,F,1.0,22500,23100,22098.6552,16933.222,19473.2053,22013.1886,0.974,1.1554,1.0958,Above,0.0,486.8114
E02100,IT,IT · Milan,Customer Service,L3,D,F,1.0,30600,37400,35427.3211,37095.0301,44514.0361,51933.0421,0.8182,0.6874,-0.4377,Below,6495.0301,0.0
E02102,DE,DE · Munich,HR,L2,B,F,1.0,52200,47500,63763.1933,41769.5333,48034.9633,54300.3934,1.0989,1.0867,0.8324,Within,0.0,0.0
E02103,DE,DE · Munich,Operations,L2,C,M,1.0,44050,45100,47695.8157,45111.096,51877.7604,58644.4248,0.9767,0.8491,-0.0784,Below,1061.096,0.0
E02104,IT,IT · Milan,Operations,L1,B,F,1.0,22150,24700,26363.3765,27639.7553,31785.7186,35931.6819,0.8968,0.6969,-0.6621,Below,5489.7553,0.0
E02105,IT,IT · Milan,Finance,L4,E,M,1.0,62500,60100,45051.5517,48685.6742,58422.809,68159.9438,1.0399,1.0698,0.7094,Within,0.0,0.0
E02106,IT,IT · Milan,Operations,L3,D,M,1.0,34350,39500,32970.682,37095.0301,44514.0361,51933.0421,0.8696,0.7717,-0.185,Below,2745.0301,0.0
E02107,ES,ES · Barcelona,Finance,L3,D,M,1.0,44950,44000,49137.1558,33499.9471,40199.9366,46899.926,1.0216,1.1182,0.8545,Within,0.0,0.0
E02108,IT,IT · Milan,Sales,L4,E,F,1.0,42050,57300,44423.0257,48685.6742,58422.809,68159.9438,0.7339,0.7198,-0.3407,Below,6635.6742,0.0
E02110,ES,ES · Barcelona,Operations,L2,C,F,1.0,32600,29700,30735.5619,26957.9177,31001.6053,35045.293,1.0976,1.0516,0.6976,Within,0.0,0.0
E02111,PL,PL · Kraków,Tech,L3,D,M,1.0,48800,42000,34034.3671,24543.9746,29452.7695,34361.5644,1.1619,1.6569,2.4707,Above,0.0,14438.4356
E02112,DE,DE · Munich,Customer Service,L6,G,M,1.0,119700,136800,123043.8439,130051.5118,169066.9654,208082.4189,0.875,0.708,-0.1327,Below,10351.5118,0.0
E02115,PL,PL · Kraków,Sales,L2,C,M,0.8,27250,27600,28111.3077,19750.9101,22713.5467,25676.1832,0.9873,1.1997,1.2656,Above,0.0,1259.0534
E02116,IT,IT · Milan,Customer Service,L2,C,F,1.0,27750,29200,35427.3211,29850.9357,34328.5761,38806.2164,0.9503,0.8084,-0.2346,Below,2100.9357,0.0
E02117,ES,ES · Barcelona,Operations,L2,C,F,1.0,23050,29700,30735.5619,26957.9177,31001.6053,35045.293,0.7761,0.7435,-0.4832,Below,3907.9177,0.0
E02118,IT,IT · Milan,HR,L1,A,F,1.0,31000,26000,35427.3211,25592.366,29431.2209,33270.0758,1.1923,1.0533,0.7043,Within,0.0,0.0
E02120,ES,ES · Barcelona,Customer Service,L4,E,M,1.0,44100,47200,38450.926,43967.2783,52760.7339,61554.1896,0.9343,0.8358,0.0075,Within,0.0,0.0
E02121,PL,PL · Kraków,Tech,L2,B,M,1.0,32900,32800,28111.3077,18287.8798,21031.0617,23774.2437,1.003,1.5644,2.6634,Above,0.0,9125.7563
E02124,ES,ES · Barcelona,Customer Service,L3,D,F,1.0,40350,36000,30175.2075,33499.9471,40199.9366,46899.926,1.1208,1.0037,0.5112,Within,0.0,0.0
E02125,ES,ES · Barcelona,Customer Service,L2,C,F,1.0,29200,28100,30175.2075,26957.9177,31001.6053,35045.293,1.0391,0.9419,0.2772,Within,0.0,0.0
E02127,PL,PL · Kraków,Tech,L2,B,F,1.0,30100,32800,28111.3077,18287.8798,21031.0617,23774.2437,0.9177,1.4312,2.153,Above,0.0,6325.7563
E02128,IT,IT · Milan,Customer Service,L2,C,M,1.0,34350,29200,35427.3211,29850.9357,34328.5761,38806.2164,1.1764,1.0006,0.5024,Within,0.0,0.0
E02129,IT,IT · Milan,Customer Service,L3,D,M,1.0,39450,37400,35427.3211,37095.0301,44514.0361,51933.0421,1.0548,0.8862,0.1587,Within,0.0,0.0
E02130,PL,PL · Kraków,Tech,L4,E,M,1.0,51950,55100,34034.3671,32212.9392,38655.527,45098.1148,0.9428,1.3439,1.5318,Above,0.0,6851.8852
E02131,DE,DE · Munich,Tech,L4,E,F,1.0,98250,99800,83423.91,73574.3812,88289.2574,103004.1336,0.9845,1.1128,0.8385,Within,0.0,0.0
E02132,IT,IT · Milan,Operations,L2,C,M,0.8,30050,30900,32970.682,29850.9357,34328.5761,38806.2164,0.9725,0.8754,0.0222,Within,0.0,0.0
E02133,PL,PL · Kraków,HR,L2,B,F,1.0,23350,26200,28111.3077,18287.8798,21031.0617,23774.2437,0.8912,1.1103,0.9227,Within,0.0,0.0
E02134,PL,PL · Kraków,Operations,L5,F,F,1.0,51500,57900,50412.649,42706.1992,53382.7489,64059.2987,0.8895,0.9647,0.4118,Within,0.0,0.0
E02135,IT,IT · Milan,Sales,L2,C,M,1.0,32750,34100,44423.0257,29850.9357,34328.5761,38806.2164,0.9604,0.954,0.3237,Within,0.0,0.0
E02136,PL,PL · Kraków,Customer Service,L4,E,M,1.0,40250,39700,28111.3077,32212.9392,38655.527,45098.1148,1.0139,1.0412,0.6237,Within,0.0,0.0
E02137,DE,DE · Munich,Operations,L3,D,F,1.0,58800,57800,47695.8157,56058.4593,67270.1512,78481.843,1.0173,0.8741,0.1223,Within,0.0,0.0
E02138,ES,ES · Barcelona,Customer Service,L2,C,F,1.0,25350,28100,30175.2075,26957.9177,31001.6053,35045.293,0.9021,0.8177,-0.1988,Below,1607.9177,0.0
E02140,PL,PL · Kraków,Operations,L4,E,F,0.8,38800,41900,28111.3077,32212.9392,38655.527,45098.1148,0.926,1.0037,0.5112,Within,0.0,0.0
E02142,ES,ES · Barcelona,Sales,L2,C,M,1.0,28500,32800,38450.926,26957.9177,31001.6053,35045.293,0.8689,0.9193,0.1907,Within,0.0,0.0
E02143,DE,DE · Munich,Tech,L1,A,F,1.0,42900,47500,63763.1933,38675.4938,44476.8179,50278.142,0.9032,0.9645,0.3641,Within,0.0,0.0
E02144,DE,DE · Munich,HR,L2,B,M,1.0,42150,47500,63763.1933,41769.5333,48034.9633,54300.3934,0.8874,0.8775,0.0304,Within,0.0,0.0
E02146,DE,DE · Munich,Customer Service,L2,C,F,1.0,40800,42800,52281.637,45111.096,51877.7604,58644.4248,0.9533,0.7865,-0.3186,Below,4311.096,0.0
E02147,IT,IT · Milan,Operations,L1,B,M,1.0,28400,24700,26363.3765,27639.7553,31785.7186,35931.6819,1.1498,0.8935,0.0917,Within,0.0,0.0
E02148,PL,PL · Kraków,Operations,L3,D,M,1.0,35200,31900,23500.5671,24543.9746,29452.7695,34361.5644,1.1034,1.1951,1.0854,Above,0.0,838.4356
E02149,ES,ES · Barcelona,Operations,L4,E,M,1.0,51550,49900,38450.926,43967.2783,52760.7339,61554.1896,1.0331,0.9771,0.4312,Within,0.0,0.0
E02151,PL,PL · Kraków,Customer Service,L2,C,F,1.0,22850,23600,22098.6552,19750.9101,22713.5467,25676.1832,0.9682,1.006,0.523,Within,0.0,0.0
E02152,PL,PL · Kraków,Operations,L5,F,M,0.8,67300,57900,50412.649,42706.1992,53382.7489,64059.2987,1.1623,1.2607,1.1518,Above,0.0,2592.561
E02153,IT,IT · Milan,Operations,L4,E,M,1.0,46450,51900,44423.0257,48685.6742,58422.809,68159.9438,0.895,0.7951,-0.1148,Below,2235.6742,0.0
E02155,IT,IT · Milan,Operations,L2,C,F,1.0,34350,30900,32970.682,29850.9357,34328.5761,38806.2164,1.1117,1.0006,0.5024,Within,0.0,0.0
E02156,IT,IT · Milan,Operations,L2,C,M,1.0,30400,30900,32970.682,29850.9357,34328.5761,38806.2164,0.9838,0.8856,0.0613,Within,0.0,0.0
E02157,ES,ES · Barcelona,Customer Service,L3,D,F,1.0,36000,36000,30175.2075,33499.9471,40199.9366,46899.926,1.0,0.8955,0.1866,Within,0.0,0.0
E02158,ES,ES · Barcelona,Tech,L2,B,M,0.8,41750,39100,38450.926,24961.0349,28705.1901,32449.3454,1.0678,1.4544,2.242,Above,0.0,7440.5237
E02159,DE,DE · Munich,Finance,L3,D,M,1.0,66650,66900,83423.91,56058.4593,67270.1512,78481.843,0.9963,0.9908,0.4723,Within,0.0,0.0
E02160,IT,IT · Milan,Finance,L5,F,M,1.0,75100,82900,119149.3884,64544.8739,80681.0924,96817.3109,0.9059,0.9308,0.3271,Within,0.0,0.0
E02161,IT,IT · Milan,Customer Service,L2,C,F,1.0,28150,29200,35427.3211,29850.9357,34328.5761,38806.2164,0.964,0.82,-0.1899,Below,1700.9357,0.0
E02162,PL,PL · Kraków,HR,L4,E,M,1.0,47200,44100,34034.3671,32212.9392,38655.527,45098.1148,1.0703,1.221,1.1631,Above,0.0,2101.8852
E02163,PL,PL · Kraków,HR,L1,A,F,1.0,20000,21000,22098.6552,16933.222,19473.2053,22013.1886,0.9524,1.0271,0.6037,Within,0.0,0.0
E02164,IT,IT · Milan,Operations,L3,D,M,1.0,46900,39500,32970.682,37095.0301,44514.0361,51933.0421,1.1873,1.0536,0.6608,Within,0.0,0.0
E02166,PL,PL · Kraków,Tech,L1,A,F,1.0,26900,26200,28111.3077,16933.222,19473.2053,22013.1886,1.0267,1.3814,1.962,Above,0.0,4886.8114
E02167,PL,PL · Kraków,Customer Service,L1,B,F,1.0,17300,18900,22098.6552,18287.8798,21031.0617,23774.2437,0.9153,0.8226,-0.1801,Below,987.8798,0.0
E02168,ES,ES · Barcelona,Operations,L1,B,M,1.0,25350,23800,23130.047,24961.0349,28705.1901,32449.3454,1.0651,0.8831,0.0519,Within,0.0,0.0
E02169,ES,ES · Barcelona,Sales,L1,A,F,1.0,25550,26200,38450.926,23112.0694,26578.8798,30045.6902,0.9752,0.9613,0.3516,Within,0.0,0.0
E02170,DE,DE · Munich,Sales,L2,C,F,1.0,49800,49900,63763.1933,45111.096,51877.7604,58644.4248,0.998,0.9599,0.3465,Within,0.0,0.0
E02171,ES,ES · Barcelona,Sales,L4,E,M,1.0,58000,55100,38450.926,43967.2783,52760.7339,61554.1896,1.0526,1.0993,0.7979,Within,0.0,0.0
E02172,ES,ES · Barcelona,Operations,L3,D,F,1.0,38750,38000,30735.5619,33499.9471,40199.9366,46899.926,1.0197,0.9639,0.3918,Within,0.0,0.0
E02173,DE,DE · Munich,Customer Service,L2,C,F,1.0,38100,42800,52281.637,45111.096,51877.7604,58644.4248,0.8902,0.7344,-0.5181,Below,7011.096,0.0
E02174,PL,PL · Kraków,Finance,L2,B,F,1.0,29500,28900,28111.3077,18287.8798,21031.0617,23774.2437,1.0208,1.4027,2.0436,Above,0.0,5725.7563
E02175,PL,PL · Kraków,HR,L1,A,F,1.0,24400,21000,22098.6552,16933.222,19473.2053,22013.1886,1.1619,1.253,1.4698,Above,0.0,2386.8114
E02176,DE,DE · Munich,Customer Service,L1,B,F,1.0,26800,34200,52281.637,41769.5333,48034.9633,54300.3934,0.7836,0.5579,-1.1946,Below,14969.5333,0.0
E02177,PL,PL · Kraków,Tech,L1,A,M,1.0,26500,26200,28111.3077,16933.222,19473.2053,22013.1886,1.0115,1.3608,1.8832,Above,0.0,4486.8114
E02178,ES,ES · Barcelona,Customer Service,L3,D,F,1.0,33500,36000,30175.2075,33499.9471,40199.9366,46899.926,0.9306,0.8333,0.0,Within,0.0,0.0
E02179,IT,IT · Milan,Customer Service,L1,B,M,1.0,20250,23400,35427.3211,27639.7553,31785.7186,35931.6819,0.8654,0.6371,-0.8912,Below,7389.7553,0.0
E02180,IT,IT · Milan,Tech,L4,E,F,1.0,70200,68200,45051.5517,48685.6742,58422.809,68159.9438,1.0293,1.2016,1.1048,Above,0.0,2040.0562
E02181,IT,IT · Milan,Tech,L2,B,F,1.0,41200,40600,44423.0257,27639.7553,31785.7186,35931.6819,1.0148,1.2962,1.6354,Above,0.0,5268.3181
E02182,IT,IT · Milan,Finance,L2,B,M,1.0,34100,35800,44423.0257,27639.7553,31785.7186,35931.6819,0.9525,1.0728,0.7791,Within,0.0,0.0
E02183,PL,PL · Kraków,Customer Service,L3,D,F,0.8,28050,30200,22098.6552,24543.9746,29452.7695,34361.5644,0.9288,0.9524,0.3571,Within,0.0,0.0
E02184,PL,PL · Kraków,Customer Service,L4,E,M,1.0,37950,39700,28111.3077,32212.9392,38655.527,45098.1148,0.9559,0.9817,0.4452,Within,0.0,0.0
E02186,DE,DE · Munich,Customer Service,L3,D,M,1.0,55900,54700,52281.637,56058.4593,67270.1512,78481.843,1.0219,0.831,-0.0071,Below,158.4593,0.0
E02187,DE,DE · Munich,HR,L2,B,F,0.8,51450,47500,63763.1933,41769.5333,48034.9633,54300.3934,1.0832,1.0711,0.7725,Within,0.0,0.0
E02188,PL,PL · Kraków,Sales,L1,A,F,1.0,22700,22000,28111.3077,16933.222,19473.2053,22013.1886,1.0318,1.1657,1.1352,Above,0.0,686.8114
E02189,PL,PL · Kraków,Finance,L3,D,M,1.0,38000,37000,34034.3671,24543.9746,29452.7695,34361.5644,1.027,1.2902,1.3706,Above,0.0,3638.4356
E02190,IT,IT · Milan,HR,L2,B,M,1.0,33400,32500,44423.0257,27639.7553,31785.7186,35931.6819,1.0277,1.0508,0.6947,Within,0.0,0.0
E02191,IT,IT · Milan,Sales,L4,E,M,1.0,58150,57300,44423.0257,48685.6742,58422.809,68159.9438,1.0148,0.9953,0.486,Within,0.0,0.0
E02192,DE,DE · Munich,Sales,L5,F,M,1.0,117000,115700,123043.8439,97540.9961,121926.2452,146311.4942,1.0112,0.9596,0.399,Within,0.0,0.0
E02193,DE,DE · Munich,Operations,L1,B,F,1.0,34900,36100,36701.684,41769.5333,48034.9633,54300.3934,0.9668,0.7266,-0.5482,Below,6869.5333,0.0
E02194,DE,DE · Munich,Sales,L4,E,M,1.0,82800,83800,63763.1933,73574.3812,88289.2574,103004.1336,0.9881,0.9378,0.3135,Within,0.0,0.0
E02195,PL,PL · Kraków,Customer Service,L2,C,F,1.0,22350,23600,22098.6552,19750.9101,22713.5467,25676.1832,0.947,0.984,0.4386,Within,0.0,0.0
E02196,DE,DE · Munich,HR,L4,E,F,1.0,74250,79800,83423.91,73574.3812,88289.2574,103004.1336,0.9305,0.841,0.023,Within,0.0,0.0
E02197,DE,DE · Munich,Customer Service,L4,E,F,1.0,70900,71800,63763.1933,73574.3812,88289.2574,103004.1336,0.9875,0.803,-0.0909,Below,2674.3812,0.0
E02198,IT,IT · Milan,Customer Service,L3,D,M,0.8,37600,37400,35427.3211,37095.0301,44514.0361,51933.0421,1.0053,0.8447,0.034,Within,0.0,0.0
E02199,IT,IT · Milan,Tech,L3,D,M,1.0,60400,52000,45051.5517,37095.0301,44514.0361,51933.0421,1.1615,1.3569,1.5706,Above,0.0,8466.9579
E02200,PL,PL · Kraków,Sales,L1,A,M,1.0,23050,22000,28111.3077,16933.222,19473.2053,22013.1886,1.0477,1.1837,1.2041,Above,0.0,1036.8114
E02201,PL,PL · Kraków,Tech,L2,B,M,1.0,29750,32800,28111.3077,18287.8798,21031.0617,23774.2437,0.907,1.4146,2.0892,Above,0.0,5975.7563
E02202,PL,PL · Kraków,Customer Service,L5,F,M,1.0,59400,54800,50412.649,42706.1992,53382.7489,64059.2987,1.0839,1.1127,0.7818,Within,0.0,0.0
E02203,ES,ES · Barcelona,Operations,L3,D,M,1.0,39050,38000,30735.5619,33499.9471,40199.9366,46899.926,1.0276,0.9714,0.4142,Within,0.0,0.0
E02204,ES,ES · Barcelona,Operations,L1,B,M,1.0,25400,23800,23130.047,24961.0349,28705.1901,32449.3454,1.0672,0.8849,0.0586,Within,0.0,0.0
E02205,DE,DE · Munich,Operations,L2,C,M,1.0,48800,45100,47695.8157,45111.096,51877.7604,58644.4248,1.082,0.9407,0.2726,Within,0.0,0.0
E02206,IT,IT · Milan,Sales,L3,D,F,1.0,35800,43700,44423.0257,37095.0301,44514.0361,51933.0421,0.8192,0.8042,-0.0873,Below,1295.0301,0.0
E02207,ES,ES · Barcelona,Tech,L6,G,F,1.0,115200,125000,67142.552,77717.419,101032.6447,124347.8705,0.9216,1.1402,0.8038,Within,0.0,0.0
E02208,DE,DE · Munich,Sales,L1,A,F,1.0,40950,39900,63763.1933,38675.4938,44476.8179,50278.142,1.0263,0.9207,0.196,Within,0.0,0.0
E02209,IT,IT · Milan,Finance,L1,A,M,1.0,24650,28600,35427.3211,25592.366,29431.2209,33270.0758,0.8619,0.8375,-0.1227,Below,942.366,0.0
E02211,IT,IT · Milan,Finance,L1,A,F,1.0,28450,28600,35427.3211,25592.366,29431.2209,33270.0758,0.9948,0.9667,0.3722,Within,0.0,0.0
E02212,IT,IT · Milan,Customer Service,L6,G,M,1.0,88300,93600,119149.3884,86057.7477,111875.072,137692.3963,0.9434,0.7893,0.0434,Within,0.0,0.0
E02213,ES,ES · Barcelona,Operations,L3,D,F,0.8,30550,38000,30735.5619,33499.9471,40199.9366,46899.926,0.8039,0.76,-0.2201,Below,2359.9577,0.0
E02214,ES,ES · Barcelona,Finance,L2,B,M,1.0,36350,34400,38450.926,24961.0349,28705.1901,32449.3454,1.0567,1.2663,1.5209,Above,0.0,3900.6546
E02215,IT,IT · Milan,Finance,L2,B,F,1.0,34000,35800,44423.0257,27639.7553,31785.7186,35931.6819,0.9497,1.0697,0.767,Within,0.0,0.0
E02217,PL,PL · Kraków,Customer Service,L3,D,F,1.0,33450,30200,22098.6552,24543.9746,29452.7695,34361.5644,1.1076,1.1357,0.9071,Within,0.0,0.0
E02218,PL,PL · Kraków,Customer Service,L1,B,F,1.0,19650,18900,22098.6552,18287.8798,21031.0617,23774.2437,1.0397,0.9343,0.2483,Within,0.0,0.0
E02219,PL,PL · Kraków,Sales,L2,C,M,1.0,29000,27600,28111.3077,19750.9101,22713.5467,25676.1832,1.0507,1.2768,1.561,Above,0.0,3323.8168
E02220,ES,ES · Barcelona,Sales,L3,D,M,1.0,52200,42000,38450.926,33499.9471,40199.9366,46899.926,1.2429,1.2985,1.3955,Above,0.0,5300.074
E02221,DE,DE · Munich,HR,L2,B,F,1.0,45400,47500,63763.1933,41769.5333,48034.9633,54300.3934,0.9558,0.9451,0.2897,Within,0.0,0.0
E02222,IT,IT · Milan,Finance,L2,B,M,0.8,34200,35800,44423.0257,27639.7553,31785.7186,35931.6819,0.9553,1.076,0.7912,Within,0.0,0.0
E02223,IT,IT · Milan,Customer Service,L3,D,F,0.8,33100,37400,35427.3211,37095.0301,44514.0361,51933.0421,0.885,0.7436,-0.2692,Below,3196.0241,0.0
E02224,IT,IT · Milan,Customer Service,L2,C,F,1.0,30200,29200,35427.3211,29850.9357,34328.5761,38806.2164,1.0342,0.8797,0.039,Within,0.0,0.0
E02225,PL,PL · Kraków,Customer Service,L2,C,F,1.0,21950,23600,22098.6552,19750.9101,22713.5467,25676.1832,0.9301,0.9664,0.3711,Within,0.0,0.0
E02227,ES,ES · Barcelona,HR,L3,D,M,1.0,34500,40000,49137.1558,33499.9471,40199.9366,46899.926,0.8625,0.8582,0.0746,Within,0.0,0.0
E02228,ES,ES · Barcelona,Customer Service,L2,C,M,1.0,26400,28100,30175.2075,26957.9177,31001.6053,35045.293,0.9395,0.8516,-0.069,Below,557.9177,0.0
E02229,ES,ES · Barcelona,Finance,L4,E,M,1.0,65150,57800,49137.1558,43967.2783,52760.7339,61554.1896,1.1272,1.2348,1.2045,Above,0.0,3595.8104
E02230,DE,DE · Munich,Customer Service,L4,E,M,1.0,74250,71800,63763.1933,73574.3812,88289.2574,103004.1336,1.0341,0.841,0.023,Within,0.0,0.0
E02231,DE,DE · Munich,Tech,L4,E,M,1.0,104500,99800,83423.91,73574.3812,88289.2574,103004.1336,1.0471,1.1836,1.0508,Above,0.0,1495.8664
E02232,IT,IT · Milan,Customer Service,L1,B,F,1.0,22850,23400,35427.3211,27639.7553,31785.7186,35931.6819,0.9765,0.7189,-0.5776,Below,4789.7553,0.0
E02233,IT,IT · Milan,Operations,L2,C,F,1.0,31600,30900,32970.682,29850.9357,34328.5761,38806.2164,1.0227,0.9205,0.1953,Within,0.0,0.0
E02234,IT,IT · Milan,Tech,L4,E,M,1.0,55950,68200,45051.5517,48685.6742,58422.809,68159.9438,0.8204,0.9577,0.373,Within,0.0,0.0
E02235,IT,IT · Milan,Sales,L4,E,M,1.0,51500,57300,44423.0257,48685.6742,58422.809,68159.9438,0.8988,0.8815,0.1445,Within,0.0,0.0
E02236,ES,ES · Barcelona,Operations,L4,E,F,1.0,43550,49900,38450.926,43967.2783,52760.7339,61554.1896,0.8727,0.8254,-0.0237,Below,417.2783,0.0
E02238,DE,DE · Munich,Customer Service,L2,C,F,1.0,39400,42800,52281.637,45111.096,51877.7604,58644.4248,0.9206,0.7595,-0.422,Below,5711.096,0.0
E02239,DE,DE · Munich,Tech,L4,E,F,1.0,116950,99800,83423.91,73574.3812,88289.2574,103004.1336,1.1718,1.3246,1.4739,Above,0.0,13945.8664
E02240,DE,DE · Munich,Operations,L1,B,F,1.0,36600,36100,36701.684,41769.5333,48034.9633,54300.3934,1.0139,0.7619,-0.4125,Below,5169.5333,0.0
E02241,DE,DE · Munich,Sales,L2,C,F,1.0,40900,49900,63763.1933,45111.096,51877.7604,58644.4248,0.8196,0.7884,-0.3112,Below,4211.096,0.0
E02242,DE,DE · Munich,Finance,L3,D,F,1.0,66900,66900,83423.91,56058.4593,67270.1512,78481.843,1.0,0.9945,0.4835,Within,0.0,0.0
E02243,PL,PL · Kraków,Operations,L3,D,F,1.0,31750,31900,23500.5671,24543.9746,29452.7695,34361.5644,0.9953,1.078,0.734,Within,0.0,0.0
E02244,PL,PL · Kraków,Operations,L5,F,M,1.0,44650,57900,50412.649,42706.1992,53382.7489,64059.2987,0.7712,0.8364,0.091,Within,0.0,0.0
E02245,ES,ES · Barcelona,Finance,L2,B,F,1.0,34600,34400,38450.926,24961.0349,28705.1901,32449.3454,1.0058,1.2054,1.2872,Above,0.0,2150.6546
E02246,PL,PL · Kraków,Sales,L1,A,M,1.0,14750,22000,28111.3077,16933.222,19473.2053,22013.1886,0.6705,0.7575,-0.4298,Below,2183.222,0.0
E02247,PL,PL · Kraków,Customer Service,L4,E,M,1.0,39650,39700,28111.3077,32212.9392,38655.527,45098.1148,0.9987,1.0257,0.5772,Within,0.0,0.0
E02248,IT,IT · Milan,Tech,L4,E,M,1.0,80450,68200,45051.5517,48685.6742,58422.809,68159.9438,1.1796,1.377,1.6311,Above,0.0,12290.0562
E02249,PL,PL · Kraków,Finance,L5,F,M,1.0,63800,67000,50412.649,42706.1992,53382.7489,64059.2987,0.9522,1.1951,0.9879,Within,0.0,0.0
E02251,IT,IT · Milan,Customer Service,L4,E,M,1.0,50050,49100,44423.0257,48685.6742,58422.809,68159.9438,1.0193,0.8567,0.0701,Within,0.0,0.0
E02252,PL,PL · Kraków,Customer Service,L5,F,F,1.0,52750,54800,50412.649,42706.1992,53382.7489,64059.2987,0.9626,0.9881,0.4704,Within,0.0,0.0
E02253,IT,IT · Milan,Finance,L4,E,F,0.8,64900,60100,45051.5517,48685.6742,58422.809,68159.9438,1.0799,1.1109,0.8326,Within,0.0,0.0
E02256,IT,IT · Milan,HR,L2,B,F,1.0,28400,32500,44423.0257,27639.7553,31785.7186,35931.6819,0.8738,0.8935,0.0917,Within,0.0,0.0
E02257,PL,PL · Kraków,Operations,L4,E,F,1.0,38900,41900,28111.3077,32212.9392,38655.527,45098.1148,0.9284,1.0063,0.519,Within,0.0,0.0
E02258,PL,PL · Kraków,Operations,L2,C,M,1.0,26200,24900,23500.5671,19750.9101,22713.5467,25676.1832,1.0522,1.1535,1.0884,Above,0.0,523.8168
E02259,PL,PL · Kraków,Tech,L4,E,M,1.0,62900,55100,34034.3671,32212.9392,38655.527,45098.1148,1.1416,1.6272,2.3816,Above,0.0,17801.8852
E02260,IT,IT · Milan,Operations,L1,B,F,1.0,21950,24700,26363.3765,27639.7553,31785.7186,35931.6819,0.8887,0.6906,-0.6862,Below,5689.7553,0.0
E02261,DE,DE · Munich,Customer Service,L1,B,M,1.0,31700,34200,52281.637,41769.5333,48034.9633,54300.3934,0.9269,0.6599,-0.8036,Below,10069.5333,0.0
E02262,DE,DE · Munich,Operations,L2,C,F,1.0,40600,45100,47695.8157,45111.096,51877.7604,58644.4248,0.9002,0.7826,-0.3333,Below,4511.096,0.0
E02263,ES,ES · Barcelona,Customer Service,L2,C,F,1.0,27600,28100,30175.2075,26957.9177,31001.6053,35045.293,0.9822,0.8903,0.0794,Within,0.0,0.0
E02264,PL,PL · Kraków,Customer Service,L3,D,F,1.0,29400,30200,22098.6552,24543.9746,29452.7695,34361.5644,0.9735,0.9982,0.4946,Within,0.0,0.0
E02265,IT,IT · Milan,Operations,L3,D,F,1.0,35050,39500,32970.682,37095.0301,44514.0361,51933.0421,0.8873,0.7874,-0.1378,Below,2045.0301,0.0
E02267,DE,DE · Munich,Operations,L1,B,F,1.0,36950,36100,36701.684,41769.5333,48034.9633,54300.3934,1.0235,0.7692,-0.3846,Below,4819.5333,0.0
E02268,PL,PL · Kraków,Finance,L1,A,M,1.0,23000,23100,22098.6552,16933.222,19473.2053,22013.1886,0.9957,1.1811,1.1943,Above,0.0,986.8114
E02269,ES,ES · Barcelona,Operations,L2,C,M,1.0,29650,29700,30735.5619,26957.9177,31001.6053,35045.293,0.9983,0.9564,0.3329,Within,0.0,0.0
E02270,ES,ES · Barcelona,Tech,L2,B,F,1.0,31150,39100,38450.926,24961.0349,28705.1901,32449.3454,0.7967,1.0852,0.8265,Within,0.0,0.0
E02271,DE,DE · Munich,Customer Service,L2,C,M,1.0,41250,42800,52281.637,45111.096,51877.7604,58644.4248,0.9638,0.7951,-0.2853,Below,3861.096,0.0
E02272,PL,PL · Kraków,Tech,L1,A,F,1.0,25350,26200,28111.3077,16933.222,19473.2053,22013.1886,0.9676,1.3018,1.6569,Above,0.0,3336.8114
E02273,IT,IT · Milan,Finance,L4,E,M,1.0,68100,60100,45051.5517,48685.6742,58422.809,68159.9438,1.1331,1.1656,0.9969,Within,0.0,0.0
E02274,DE,DE · Munich,Operations,L2,C,F,1.0,43600,45100,47695.8157,45111.096,51877.7604,58644.4248,0.9667,0.8404,-0.1117,Below,1511.096,0.0
E02275,DE,DE · Munich,HR,L2,B,M,1.0,48300,47500,63763.1933,41769.5333,48034.9633,54300.3934,1.0168,1.0055,0.5212,Within,0.0,0.0
E02276,ES,ES · Barcelona,Customer Service,L1,B,M,1.0,24300,22500,30175.2075,24961.0349,28705.1901,32449.3454,1.08,0.8465,-0.0883,Below,661.0349,0.0
E02277,ES,ES · Barcelona,Tech,L2,B,M,1.0,38400,39100,38450.926,24961.0349,28705.1901,32449.3454,0.9821,1.3377,1.7947,Above,0.0,5950.6546
E02278,DE,DE · Munich,Finance,L1,A,F,1.0,40750,41800,52281.637,38675.4938,44476.8179,50278.142,0.9749,0.9162,0.1788,Within,0.0,0.0
E02279,PL,PL · Kraków,Sales,L1,A,F,1.0,26750,22000,28111.3077,16933.222,19473.2053,22013.1886,1.2159,1.3737,1.9324,Above,0.0,4736.8114
E02280,DE,DE · Munich,Sales,L5,F,F,1.0,108600,115700,123043.8439,97540.9961,121926.2452,146311.4942,0.9386,0.8907,0.2268,Within,0.0,0.0
E02281,DE,DE · Munich,Operations,L3,D,F,1.0,53350,57800,47695.8157,56058.4593,67270.1512,78481.843,0.923,0.7931,-0.1208,Below,2708.4593,0.0
E02282,ES,ES · Barcelona,Operations,L2,C,F,1.0,30600,29700,30735.5619,26957.9177,31001.6053,35045.293,1.0303,0.987,0.4503,Within,0.0,0.0
E02283,IT,IT · Milan,Tech,L2,B,M,1.0,39800,40600,44423.0257,27639.7553,31785.7186,35931.6819,0.9803,1.2521,1.4665,Above,0.0,3868.3181
E02285,DE,DE · Munich,Finance,L4,E,M,1.0,93950,87800,83423.91,73574.3812,88289.2574,103004.1336,1.07,1.0641,0.6923,Within,0.0,0.0
E02286,PL,PL · Kraków,Customer Service,L3,D,F,1.0,31200,30200,22098.6552,24543.9746,29452.7695,34361.5644,1.0331,1.0593,0.678,Within,0.0,0.0
E02288,DE,DE · Munich,Operations,L1,B,M,1.0,32250,36100,36701.684,41769.5333,48034.9633,54300.3934,0.8934,0.6714,-0.7597,Below,9519.5333,0.0
E02289,IT,IT · Milan,Operations,L5,F,M,1.0,78300,71600,119149.3884,64544.8739,80681.0924,96817.3109,1.0936,0.9705,0.4262,Within,0.0,0.0
E02290,PL,PL · Kraków,Tech,L1,A,M,1.0,23750,26200,28111.3077,16933.222,19473.2053,22013.1886,0.9065,1.2196,1.3419,Above,0.0,1736.8114
E02291,IT,IT · Milan,HR,L1,A,F,0.8,26900,26000,35427.3211,25592.366,29431.2209,33270.0758,1.0346,0.914,0.1703,Within,0.0,0.0
E02292,IT,IT · Milan,Operations,L2,C,M,1.0,24600,30900,32970.682,29850.9357,34328.5761,38806.2164,0.7961,0.7166,-0.5864,Below,5250.9357,0.0
E02293,PL,PL · Kraków,Tech,L3,D,F,1.0,40950,42000,34034.3671,24543.9746,29452.7695,34361.5644,0.975,1.3904,1.6711,Above,0.0,6588.4356
E02294,PL,PL · Kraków,Tech,L2,B,M,1.0,30400,32800,28111.3077,18287.8798,21031.0617,23774.2437,0.9268,1.4455,2.2077,Above,0.0,6625.7563
E02295,ES,ES · Barcelona,Customer Service,L2,C,F,1.0,29900,28100,30175.2075,26957.9177,31001.6053,35045.293,1.0641,0.9645,0.3638,Within,0.0,0.0
E02296,IT,IT · Milan,Sales,L1,A,F,1.0,26300,27300,44423.0257,25592.366,29431.2209,33270.0758,0.9634,0.8936,0.0922,Within,0.0,0.0
E02297,DE,DE · Munich,Finance,L2,B,M,1.0,47950,52300,63763.1933,41769.5333,48034.9633,54300.3934,0.9168,0.9982,0.4932,Within,0.0,0.0
E02298,IT,IT · Milan,Tech,L1,A,M,1.0,29550,32500,44423.0257,25592.366,29431.2209,33270.0758,0.9092,1.004,0.5155,Within,0.0,0.0
E02299,PL,PL · Kraków,Finance,L1,A,F,1.0,23700,23100,22098.6552,16933.222,19473.2053,22013.1886,1.026,1.2171,1.3321,Above,0.0,1686.8114
E02300,IT,IT · Milan,Operations,L2,C,M,1.0,27800,30900,32970.682,29850.9357,34328.5761,38806.2164,0.8997,0.8098,-0.229,Below,2050.9357,0.0
E02301,DE,DE · Munich,Customer Service,L6,G,F,1.0,116700,136800,123043.8439,130051.5118,169066.9654,208082.4189,0.8531,0.6903,-0.1711,Below,13351.5118,0.0
E02302,ES,ES · Barcelona,Customer Service,L2,C,F,1.0,22400,28100,30175.2075,26957.9177,31001.6053,35045.293,0.7972,0.7225,-0.5636,Below,4557.9177,0.0
E02303,IT,IT · Milan,HR,L1,A,M,1.0,30200,26000,35427.3211,25592.366,29431.2209,33270.0758,1.1615,1.0261,0.6001,Within,0.0,0.0
E02304,DE,DE · Munich,Sales,L4,E,F,1.0,75400,83800,63763.1933,73574.3812,88289.2574,103004.1336,0.8998,0.854,0.062,Within,0.0,0.0
E02305,IT,IT · Milan,Sales,L2,C,M,1.0,33500,34100,44423.0257,29850.9357,34328.5761,38806.2164,0.9824,0.9759,0.4075,Within,0.0,0.0
E02306,PL,PL · Kraków,Operations,L2,C,M,1.0,28400,24900,23500.5671,19750.9101,22713.5467,25676.1832,1.1406,1.2504,1.4597,Above,0.0,2723.8168
E02307,IT,IT · Milan,Tech,L2,B,F,1.0,43550,40600,44423.0257,27639.7553,31785.7186,35931.6819,1.0727,1.3701,1.9188,Above,0.0,7618.3181
E02308,IT,IT · Milan,Operations,L3,D,F,1.0,42800,39500,32970.682,37095.0301,44514.0361,51933.0421,1.0835,0.9615,0.3845,Within,0.0,0.0
E02309,IT,IT · Milan,Operations,L3,D,F,0.8,39950,39500,32970.682,37095.0301,44514.0361,51933.0421,1.0114,0.8975,0.1924,Within,0.0,0.0
E02310,PL,PL · Kraków,Tech,L1,A,F,1.0,25500,26200,28111.3077,16933.222,19473.2053,22013.1886,0.9733,1.3095,1.6864,Above,0.0,3486.8114
E02311,PL,PL · Kraków,Customer Service,L2,C,F,1.0,25450,23600,22098.6552,19750.9101,22713.5467,25676.1832,1.0784,1.1205,0.9618,Within,0.0,0.0
E02312,DE,DE · Munich,Operations,L4,E,M,1.0,65750,75800,63763.1933,73574.3812,88289.2574,103004.1336,0.8674,0.7447,-0.2659,Below,7824.3812,0.0
E02313,DE,DE · Munich,Sales,L1,A,F,1.0,43850,39900,63763.1933,38675.4938,44476.8179,50278.142,1.099,0.9859,0.446,Within,0.0,0.0
E02315,PL,PL · Kraków,Customer Service,L4,E,M,1.0,35950,39700,28111.3077,32212.9392,38655.527,45098.1148,0.9055,0.93,0.29,Within,0.0,0.0
E02316,PL,PL · Kraków,HR,L1,A,M,1.0,19300,21000,22098.6552,16933.222,19473.2053,22013.1886,0.919,0.9911,0.4659,Within,0.0,0.0
E02318,DE,DE · Munich,Customer Service,L2,C,M,1.0,43050,42800,52281.637,45111.096,51877.7604,58644.4248,1.0058,0.8298,-0.1523,Below,2061.096,0.0
E02319,IT,IT · Milan,HR,L3,D,M,1.0,45600,41600,45051.5517,37095.0301,44514.0361,51933.0421,1.0962,1.0244,0.5732,Within,0.0,0.0
E02320,ES,ES · Barcelona,Customer Service,L3,D,M,1.0,31500,36000,30175.2075,33499.9471,40199.9366,46899.926,0.875,0.7836,-0.1493,Below,1999.9471,0.0
E02321,ES,ES · Barcelona,Operations,L3,D,F,1.0,39900,38000,30735.5619,33499.9471,40199.9366,46899.926,1.05,0.9925,0.4776,Within,0.0,0.0
E02323,DE,DE · Munich,Operations,L2,C,M,1.0,37600,45100,47695.8157,45111.096,51877.7604,58644.4248,0.8337,0.7248,-0.555,Below,7511.096,0.0
E02324,PL,PL · Kraków,Customer Service,L2,C,F,0.8,22350,23600,22098.6552,19750.9101,22713.5467,25676.1832,0.947,0.984,0.4386,Within,0.0,0.0
E02326,DE,DE · Munich,Operations,L2,C,F,1.0,37650,45100,47695.8157,45111.096,51877.7604,58644.4248,0.8348,0.7257,-0.5513,Below,7461.096,0.0
E02327,DE,DE · Munich,Tech,L2,B,F,1.0,52700,59400,63763.1933,41769.5333,48034.9633,54300.3934,0.8872,1.0971,0.8723,Within,0.0,0.0
E02328,IT,IT · Milan,Customer Service,L2,C,F,0.8,36000,29200,35427.3211,29850.9357,34328.5761,38806.2164,1.2329,1.0487,0.6866,Within,0.0,0.0
E02329,PL,PL · Kraków,Operations,L2,C,M,1.0,21450,24900,23500.5671,19750.9101,22713.5467,25676.1832,0.8614,0.9444,0.2868,Within,0.0,0.0
E02330,IT,IT · Milan,Operations,L4,E,F,1.0,43300,51900,44423.0257,48685.6742,58422.809,68159.9438,0.8343,0.7411,-0.2766,Below,5385.6742,0.0
E02331,PL,PL · Kraków,Tech,L4,E,M,1.0,54850,55100,34034.3671,32212.9392,38655.527,45098.1148,0.9955,1.4189,1.7568,Above,0.0,9751.8852
E02332,PL,PL · Kraków,Customer Service,L2,C,F,1.0,24500,23600,22098.6552,19750.9101,22713.5467,25676.1832,1.0381,1.0787,0.8015,Within,0.0,0.0
E02333,ES,ES · Barcelona,HR,L3,D,M,1.0,40950,40000,49137.1558,33499.9471,40199.9366,46899.926,1.0238,1.0187,0.556,Within,0.0,0.0
E02334,DE,DE · Munich,Operations,L1,B,M,1.0,32050,36100,36701.684,41769.5333,48034.9633,54300.3934,0.8878,0.6672,-0.7756,Below,9719.5333,0.0
E02335,PL,PL · Kraków,HR,L2,B,F,1.0,23550,26200,28111.3077,18287.8798,21031.0617,23774.2437,0.8989,1.1198,0.9591,Within,0.0,0.0
E02336,IT,IT · Milan,Sales,L4,E,F,1.0,58950,57300,44423.0257,48685.6742,58422.809,68159.9438,1.0288,1.009,0.5271,Within,0.0,0.0
E02337,PL,PL · Kraków,Operations,L1,B,M,1.0,16050,20000,17581.1795,18287.8798,21031.0617,23774.2437,0.8025,0.7632,-0.4079,Below,2237.8798,0.0
E02338,DE,DE · Munich,Customer Service,L2,C,F,1.0,40300,42800,52281.637,45111.096,51877.7604,58644.4248,0.9416,0.7768,-0.3555,Below,4811.096,0.0
E02339,IT,IT · Milan,Operations,L4,E,M,1.0,51950,51900,44423.0257,48685.6742,58422.809,68159.9438,1.001,0.8892,0.1676,Within,0.0,0.0
E02340,PL,PL · Kraków,Customer Service,L3,D,M,1.0,34750,30200,22098.6552,24543.9746,29452.7695,34361.5644,1.1507,1.1799,1.0396,Above,0.0,388.4356
E02341,PL,PL · Kraków,Tech,L2,B,M,1.0,30700,32800,28111.3077,18287.8798,21031.0617,23774.2437,0.936,1.4597,2.2624,Above,0.0,6925.7563
E02343,PL,PL · Kraków,Operations,L1,B,F,0.8,18550,20000,17581.1795,18287.8798,21031.0617,23774.2437,0.9275,0.882,0.0478,Within,0.0,0.0
E02344,PL,PL · Kraków,Finance,L3,D,F,1.0,37050,37000,34034.3671,24543.9746,29452.7695,34361.5644,1.0014,1.2579,1.2738,Above,0.0,2688.4356
E02345,DE,DE · Munich,Customer Service,L2,C,F,1.0,41500,42800,52281.637,45111.096,51877.7604,58644.4248,0.9696,0.8,-0.2668,Below,3611.096,0.0
E02346,DE,DE · Munich,Sales,L3,D,M,1.0,72950,63800,63763.1933,56058.4593,67270.1512,78481.843,1.1434,1.0844,0.7533,Within,0.0,0.0
E02347,PL,PL · Kraków,Operations,L5,F,F,1.0,49200,57900,50412.649,42706.1992,53382.7489,64059.2987,0.8497,0.9216,0.3041,Within,0.0,0.0
E02348,PL,PL · Kraków,Tech,L4,E,M,1.0,62800,55100,34034.3671,32212.9392,38655.527,45098.1148,1.1397,1.6246,2.3738,Above,0.0,17701.8852
E02349,IT,IT · Milan,Customer Service,L3,D,M,1.0,39700,37400,35427.3211,37095.0301,44514.0361,51933.0421,1.0615,0.8919,0.1756,Within,0.0,0.0
E02350,DE,DE · Munich,Tech,L2,B,F,1.0,61500,59400,63763.1933,41769.5333,48034.9633,54300.3934,1.0354,1.2803,1.5746,Above,0.0,7199.6066
E02353,ES,ES · Barcelona,Sales,L1,A,M,1.0,23300,26200,38450.926,23112.0694,26578.8798,30045.6902,0.8893,0.8766,0.0271,Within,0.0,0.0
E02354,PL,PL · Kraków,Tech,L5,F,F,1.0,70850,76100,50412.649,42706.1992,53382.7489,64059.2987,0.931,1.3272,1.318,Above,0.0,6790.7013
E02355,IT,IT · Milan,Customer Service,L3,D,F,1.0,33950,37400,35427.3211,37095.0301,44514.0361,51933.0421,0.9078,0.7627,-0.212,Below,3145.0301,0.0
E02356,PL,PL · Kraków,Customer Service,L2,C,F,1.0,24000,23600,22098.6552,19750.9101,22713.5467,25676.1832,1.0169,1.0566,0.7171,Within,0.0,0.0
E02357,PL,PL · Kraków,Tech,L1,A,F,1.0,24550,26200,28111.3077,16933.222,19473.2053,22013.1886,0.937,1.2607,1.4994,Above,0.0,2536.8114
E02359,DE,DE · Munich,Tech,L2,B,F,1.0,62950,59400,63763.1933,41769.5333,48034.9633,54300.3934,1.0598,1.3105,1.6903,Above,0.0,8649.6066
E02361,DE,DE · Munich,Finance,L1,A,M,1.0,40300,41800,52281.637,38675.4938,44476.8179,50278.142,0.9641,0.9061,0.14,Within,0.0,0.0
E02362,PL,PL · Kraków,Customer Service,L3,D,M,1.0,30700,30200,22098.6552,24543.9746,29452.7695,34361.5644,1.0166,1.0423,0.627,Within,0.0,0.0
E02363,IT,IT · Milan,Operations,L5,F,M,1.0,76500,71600,119149.3884,64544.8739,80681.0924,96817.3109,1.0684,0.9482,0.3704,Within,0.0,0.0
E02364,IT,IT · Milan,Tech,L3,D,F,1.0,45900,52000,45051.5517,37095.0301,44514.0361,51933.0421,0.8827,1.0311,0.5934,Within,0.0,0.0
E02365,PL,PL · Kraków,Finance,L3,D,M,1.0,35050,37000,34034.3671,24543.9746,29452.7695,34361.5644,0.9473,1.19,1.0701,Above,0.0,688.4356
E02366,ES,ES · Barcelona,Sales,L3,D,F,1.0,38200,42000,38450.926,33499.9471,40199.9366,46899.926,0.9095,0.9503,0.3508,Within,0.0,0.0
E02368,IT,IT · Milan,Customer Service,L3,D,F,1.0,37300,37400,35427.3211,37095.0301,44514.0361,51933.0421,0.9973,0.8379,0.0138,Within,0.0,0.0
E02369,DE,DE · Munich,Tech,L3,D,F,1.0,70550,76000,83423.91,56058.4593,67270.1512,78481.843,0.9283,1.0488,0.6463,Within,0.0,0.0
E02370,PL,PL · Kraków,Operations,L1,B,F,1.0,23050,20000,17581.1795,18287.8798,21031.0617,23774.2437,1.1525,1.096,0.868,Within,0.0,0.0
E02371,ES,ES · Barcelona,Operations,L5,F,M,1.0,64600,68900,67142.552,58289.4759,72861.8449,87434.2139,0.9376,0.8866,0.2165,Within,0.0,0.0
E02372,DE,DE · Munich,Tech,L4,E,F,1.0,94400,99800,83423.91,73574.3812,88289.2574,103004.1336,0.9459,1.0692,0.7076,Within,0.0,0.0
E02374,DE,DE · Munich,Tech,L3,D,F,1.0,76400,76000,83423.91,56058.4593,67270.1512,78481.843,1.0053,1.1357,0.9072,Within,0.0,0.0
E02375,PL,PL · Kraków,Operations,L1,B,F,1.0,22050,20000,17581.1795,18287.8798,21031.0617,23774.2437,1.1025,1.0484,0.6857,Within,0.0,0.0
E02376,IT,IT · Milan,Tech,L6,G,F,1.0,119650,130000,119149.3884,86057.7477,111875.072,137692.3963,0.9204,1.0695,0.6506,Within,0.0,0.0
E02377,PL,PL · Kraków,Sales,L3,D,M,1.0,36400,35300,28111.3077,24543.9746,29452.7695,34361.5644,1.0312,1.2359,1.2076,Above,0.0,2038.4356
E02378,ES,ES · Barcelona,Customer Service,L4,E,M,1.0,49800,47200,38450.926,43967.2783,52760.7339,61554.1896,1.0551,0.9439,0.3317,Within,0.0,0.0
E02379,PL,PL · Kraków,Operations,L2,C,M,1.0,28950,24900,23500.5671,19750.9101,22713.5467,25676.1832,1.1627,1.2746,1.5525,Above,0.0,3273.8168
E02380,DE,DE · Munich,Customer Service,L2,C,M,1.0,46450,42800,52281.637,45111.096,51877.7604,58644.4248,1.0853,0.8954,0.0989,Within,0.0,0.0
E02381,PL,PL · Kraków,Tech,L3,D,F,1.0,40950,42000,34034.3671,24543.9746,29452.7695,34361.5644,0.975,1.3904,1.6711,Above,0.0,6588.4356
E02382,IT,IT · Milan,Customer Service,L1,B,F,1.0,21850,23400,35427.3211,27639.7553,31785.7186,35931.6819,0.9338,0.6874,-0.6982,Below,5789.7553,0.0
E02384,IT,IT · Milan,Operations,L2,C,M,1.0,31350,30900,32970.682,29850.9357,34328.5761,38806.2164,1.0146,0.9132,0.1674,Within,0.0,0.0
E02385,PL,PL · Kraków,HR,L1,A,F,1.0,19450,21000,22098.6552,16933.222,19473.2053,22013.1886,0.9262,0.9988,0.4954,Within,0.0,0.0
E02386,DE,DE · Munich,Tech,L4,E,M,1.0,98000,99800,83423.91,73574.3812,88289.2574,103004.1336,0.982,1.11,0.83,Within,0.0,0.0
E02387,ES,ES · Barcelona,Sales,L3,D,F,1.0,48500,42000,38450.926,33499.9471,40199.9366,46899.926,1.1548,1.2065,1.1194,Above,0.0,1600.074
E02388,IT,IT · Milan,Customer Service,L2,C,F,1.0,33450,29200,35427.3211,29850.9357,34328.5761,38806.2164,1.1455,0.9744,0.4019,Within,0.0,0.0
E02389,PL,PL · Kraków,Finance,L3,D,F,1.0,39000,37000,34034.3671,24543.9746,29452.7695,34361.5644,1.0541,1.3242,1.4725,Above,0.0,4638.4356
E02390,PL,PL · Kraków,Customer Service,L2,C,F,1.0,21550,23600,22098.6552,19750.9101,22713.5467,25676.1832,0.9131,0.9488,0.3036,Within,0.0,0.0
E02391,PL,PL · Kraków,Customer Service,L3,D,F,1.0,27450,30200,22098.6552,24543.9746,29452.7695,34361.5644,0.9089,0.932,0.296,Within,0.0,0.0
E02392,PL,PL · Kraków,Customer Service,L2,C,M,1.0,23650,23600,22098.6552,19750.9101,22713.5467,25676.1832,1.0021,1.0412,0.658,Within,0.0,0.0
E02393,DE,DE · Munich,Sales,L1,A,M,1.0,38600,39900,63763.1933,38675.4938,44476.8179,50278.142,0.9674,0.8679,-0.0065,Below,75.4938,0.0
E02394,IT,IT · Milan,Operations,L6,G,M,1.0,101900,98800,119149.3884,86057.7477,111875.072,137692.3963,1.0314,0.9108,0.3068,Within,0.0,0.0
E02397,PL,PL · Kraków,Sales,L4,E,F,1.0,44850,46300,28111.3077,32212.9392,38655.527,45098.1148,0.9687,1.1602,0.9807,Within,0.0,0.0
E02398,DE,DE · Munich,Finance,L2,B,F,1.0,45000,52300,63763.1933,41769.5333,48034.9633,54300.3934,0.8604,0.9368,0.2578,Within,0.0,0.0
E02399,IT,IT · Milan,Operations,L1,B,F,1.0,23200,24700,26363.3765,27639.7553,31785.7186,35931.6819,0.9393,0.7299,-0.5354,Below,4439.7553,0.0
E02400,DE,DE · Munich,HR,L2,B,F,1.0,40500,47500,63763.1933,41769.5333,48034.9633,54300.3934,0.8526,0.8431,-0.1013,Below,1269.5333,0.0
E02401,IT,IT · Milan,Operations,L1,B,F,1.0,25850,24700,26363.3765,27639.7553,31785.7186,35931.6819,1.0466,0.8133,-0.2158,Below,1789.7553,0.0
E02403,DE,DE · Munich,HR,L4,E,F,1.0,83100,79800,83423.91,73574.3812,88289.2574,103004.1336,1.0414,0.9412,0.3237,Within,0.0,0.0
E02404,PL,PL · Kraków,Customer Service,L1,B,M,0.8,20750,18900,22098.6552,18287.8798,21031.0617,23774.2437,1.0979,0.9866,0.4488,Within,0.0,0.0
E02405,IT,IT · Milan,Finance,L2,B,M,0.8,35800,35800,44423.0257,27639.7553,31785.7186,35931.6819,1.0,1.1263,0.9841,Within,0.0,0.0
E02406,IT,IT · Milan,Tech,L1,A,M,1.0,36950,32500,44423.0257,25592.366,29431.2209,33270.0758,1.1369,1.2555,1.4793,Above,0.0,3679.9242
E02407,ES,ES · Barcelona,Customer Service,L1,B,M,1.0,22300,22500,30175.2075,24961.0349,28705.1901,32449.3454,0.9911,0.7769,-0.3554,Below,2661.0349,0.0
E02408,DE,DE · Munich,Finance,L2,B,F,1.0,56250,52300,63763.1933,41769.5333,48034.9633,54300.3934,1.0755,1.171,1.1556,Above,0.0,1949.6066
E02409,PL,PL · Kraków,Operations,L2,C,F,1.0,20850,24900,23500.5671,19750.9101,22713.5467,25676.1832,0.8373,0.918,0.1855,Within,0.0,0.0
E02410,DE,DE · Munich,Tech,L1,A,F,1.0,45600,47500,63763.1933,38675.4938,44476.8179,50278.142,0.96,1.0253,0.5968,Within,0.0,0.0
E02411,PL,PL · Kraków,Customer Service,L1,B,M,1.0,16950,18900,22098.6552,18287.8798,21031.0617,23774.2437,0.8968,0.806,-0.2439,Below,1337.8798,0.0
E02413,IT,IT · Milan,Tech,L1,A,M,1.0,32500,32500,44423.0257,25592.366,29431.2209,33270.0758,1.0,1.1043,0.8997,Within,0.0,0.0
E02416,IT,IT · Milan,Operations,L2,C,M,1.0,29100,30900,32970.682,29850.9357,34328.5761,38806.2164,0.9417,0.8477,-0.0839,Below,750.9357,0.0
E02418,PL,PL · Kraków,Operations,L1,B,F,1.0,17750,20000,17581.1795,18287.8798,21031.0617,23774.2437,0.8875,0.844,-0.098,Below,537.8798,0.0
E02421,ES,ES · Barcelona,Sales,L1,A,M,1.0,27250,26200,38450.926,23112.0694,26578.8798,30045.6902,1.0401,1.0253,0.5968,Within,0.0,0.0
E02422,IT,IT · Milan,Tech,L4,E,M,1.0,75100,68200,45051.5517,48685.6742,58422.809,68159.9438,1.1012,1.2855,1.3564,Above,0.0,6940.0562
E02423,IT,IT · Milan,Tech,L2,B,M,1.0,36200,40600,44423.0257,27639.7553,31785.7186,35931.6819,0.8916,1.1389,1.0324,Above,0.0,268.3181
E02424,DE,DE · Munich,Customer Service,L3,D,M,1.0,58950,54700,52281.637,56058.4593,67270.1512,78481.843,1.0777,0.8763,0.129,Within,0.0,0.0
E02425,DE,DE · Munich,Sales,L1,A,M,1.0,41300,39900,63763.1933,38675.4938,44476.8179,50278.142,1.0351,0.9286,0.2262,Within,0.0,0.0
E02426,IT,IT · Milan,Sales,L3,D,M,1.0,42350,43700,44423.0257,37095.0301,44514.0361,51933.0421,0.9691,0.9514,0.3542,Within,0.0,0.0
E02427,PL,PL · Kraków,Customer Service,L2,C,F,1.0,22000,23600,22098.6552,19750.9101,22713.5467,25676.1832,0.9322,0.9686,0.3796,Within,0.0,0.0
E02428,PL,PL · Kraków,HR,L3,D,F,0.8,37750,33600,34034.3671,24543.9746,29452.7695,34361.5644,1.1235,1.2817,1.3451,Above,0.0,2710.7485
E02430,DE,DE · Munich,Sales,L2,C,F,1.0,50150,49900,63763.1933,45111.096,51877.7604,58644.4248,1.005,0.9667,0.3723,Within,0.0,0.0
E02431,PL,PL · Kraków,Sales,L1,A,F,1.0,23800,22000,28111.3077,16933.222,19473.2053,22013.1886,1.0818,1.2222,1.3517,Above,0.0,1786.8114
E02433,PL,PL · Kraków,Customer Service,L4,E,F,1.0,33750,39700,28111.3077,32212.9392,38655.527,45098.1148,0.8501,0.8731,0.1193,Within,0.0,0.0
E02434,PL,PL · Kraków,Customer Service,L1,B,F,1.0,21050,18900,22098.6552,18287.8798,21031.0617,23774.2437,1.1138,1.0009,0.5035,Within,0.0,0.0
E02435,PL,PL · Kraków,Operations,L3,D,F,0.8,34700,31900,23500.5671,24543.9746,29452.7695,34361.5644,1.0878,1.1782,1.0345,Above,0.0,270.7485
E02437,PL,PL · Kraków,HR,L2,B,F,1.0,25000,26200,28111.3077,18287.8798,21031.0617,23774.2437,0.9542,1.1887,1.2234,Above,0.0,1225.7563
E02439,IT,IT · Milan,Finance,L1,A,F,1.0,18850,28600,35427.3211,25592.366,29431.2209,33270.0758,0.6591,0.6405,-0.8782,Below,6742.366,0.0
E02440,PL,PL · Kraków,Finance,L1,A,F,0.8,21850,23100,22098.6552,16933.222,19473.2053,22013.1886,0.9459,1.1221,0.9679,Within,0.0,0.0
E02441,PL,PL · Kraków,Operations,L2,C,M,1.0,22800,24900,23500.5671,19750.9101,22713.5467,25676.1832,0.9157,1.0038,0.5146,Within,0.0,0.0
E02442,ES,ES · Barcelona,Sales,L5,F,M,1.0,70000,76100,67142.552,58289.4759,72861.8449,87434.2139,0.9198,0.9607,0.4018,Within,0.0,0.0
E02443,IT,IT · Milan,Customer Service,L2,C,F,1.0,27200,29200,35427.3211,29850.9357,34328.5761,38806.2164,0.9315,0.7923,-0.296,Below,2650.9357,0.0
E02444,DE,DE · Munich,Sales,L2,C,F,1.0,52000,49900,63763.1933,45111.096,51877.7604,58644.4248,1.0421,1.0024,0.509,Within,0.0,0.0
E02445,DE,DE · Munich,Customer Service,L2,C,F,1.0,33800,42800,52281.637,45111.096,51877.7604,58644.4248,0.7897,0.6515,-0.8358,Below,11311.096,0.0
E02446,DE,DE · Munich,Finance,L1,A,F,1.0,43700,41800,52281.637,38675.4938,44476.8179,50278.142,1.0455,0.9825,0.433,Within,0.0,0.0
E02447,IT,IT · Milan,Tech,L4,E,M,1.0,68200,68200,45051.5517,48685.6742,58422.809,68159.9438,1.0,1.1674,1.0021,Above,0.0,40.0562
E02448,IT,IT · Milan,Operations,L2,C,M,1.0,35600,30900,32970.682,29850.9357,34328.5761,38806.2164,1.1521,1.037,0.642,Within,0.0,0.0
E02449,IT,IT · Milan,Customer Service,L2,C,M,1.0,25650,29200,35427.3211,29850.9357,34328.5761,38806.2164,0.8784,0.7472,-0.4691,Below,4200.9357,0.0
E02450,ES,ES · Barcelona,Tech,L3,D,M,1.0,40800,50000,49137.1558,33499.9471,40199.9366,46899.926,0.816,1.0149,0.5448,Within,0.0,0.0
E02451,PL,PL · Kraków,Tech,L3,D,F,1.0,33850,42000,34034.3671,24543.9746,29452.7695,34361.5644,0.806,1.1493,0.9479,Within,0.0,0.0
E02452,DE,DE · Munich,Operations,L2,C,F,0.8,44100,45100,47695.8157,45111.096,51877.7604,58644.4248,0.9778,0.8501,-0.0747,Below,808.8768,0.0
E02453,DE,DE · Munich,Finance,L1,A,M,1.0,51100,41800,52281.637,38675.4938,44476.8179,50278.142,1.2225,1.1489,1.0708,Above,0.0,821.858
E02455,IT,IT · Milan,Tech,L1,A,M,1.0,32950,32500,44423.0257,25592.366,29431.2209,33270.0758,1.0138,1.1196,0.9583,Within,0.0,0.0
E02456,IT,IT · Milan,Customer Service,L2,C,F,1.0,29950,29200,35427.3211,29850.9357,34328.5761,38806.2164,1.0257,0.8725,0.0111,Within,0.0,0.0
E02457,ES,ES · Barcelona,Customer Service,L5,F,M,1.0,68100,65200,67142.552,58289.4759,72861.8449,87434.2139,1.0445,0.9346,0.3366,Within,0.0,0.0
E02458,PL,PL · Kraków,Tech,L3,D,F,1.0,44000,42000,34034.3671,24543.9746,29452.7695,34361.5644,1.0476,1.4939,1.9818,Above,0.0,9638.4356
E02459,PL,PL · Kraków,Customer Service,L1,B,M,1.0,16650,18900,22098.6552,18287.8798,21031.0617,23774.2437,0.881,0.7917,-0.2985,Below,1637.8798,0.0
E02460,DE,DE · Munich,Tech,L1,A,M,1.0,51600,47500,63763.1933,38675.4938,44476.8179,50278.142,1.0863,1.1602,1.1139,Above,0.0,1321.858
E02462,IT,IT · Milan,Operations,L1,B,M,1.0,25400,24700,26363.3765,27639.7553,31785.7186,35931.6819,1.0283,0.7991,-0.2701,Below,2239.7553,0.0
E02463,IT,IT · Milan,Operations,L3,D,F,0.8,43500,39500,32970.682,37095.0301,44514.0361,51933.0421,1.1013,0.9772,0.4317,Within,0.0,0.0
E02465,IT,IT · Milan,Tech,L1,A,M,1.0,33450,32500,44423.0257,25592.366,29431.2209,33270.0758,1.0292,1.1365,1.0234,Above,0.0,179.9242
E02466,DE,DE · Munich,Finance,L1,A,M,1.0,42050,41800,52281.637,38675.4938,44476.8179,50278.142,1.006,0.9454,0.2908,Within,0.0,0.0
E02468,DE,DE · Munich,Customer Service,L2,C,F,1.0,39700,42800,52281.637,45111.096,51877.7604,58644.4248,0.9276,0.7653,-0.3998,Below,5411.096,0.0
E02469,IT,IT · Milan,Customer Service,L3,D,F,1.0,37200,37400,35427.3211,37095.0301,44514.0361,51933.0421,0.9947,0.8357,0.0071,Within,0.0,0.0
E02470,DE,DE · Munich,Customer Service,L2,C,M,1.0,43100,42800,52281.637,45111.096,51877.7604,58644.4248,1.007,0.8308,-0.1486,Below,2011.096,0.0
E02472,IT,IT · Milan,Tech,L2,B,F,1.0,47600,40600,44423.0257,27639.7553,31785.7186,35931.6819,1.1724,1.4975,2.4072,Above,0.0,11668.3181
E02473,DE,DE · Munich,HR,L2,B,F,1.0,47500,47500,63763.1933,41769.5333,48034.9633,54300.3934,1.0,0.9889,0.4573,Within,0.0,0.0
E02474,PL,PL · Kraków,Customer Service,L4,E,F,1.0,36100,39700,28111.3077,32212.9392,38655.527,45098.1148,0.9093,0.9339,0.3017,Within,0.0,0.0
E02475,DE,DE · Munich,Customer Service,L4,E,F,1.0,65750,71800,63763.1933,73574.3812,88289.2574,103004.1336,0.9157,0.7447,-0.2659,Below,7824.3812,0.0
E02476,ES,ES · Barcelona,Operations,L2,C,F,1.0,27100,29700,30735.5619,26957.9177,31001.6053,35045.293,0.9125,0.8741,0.0176,Within,0.0,0.0
E02477,PL,PL · Kraków,Tech,L3,D,M,1.0,35850,42000,34034.3671,24543.9746,29452.7695,34361.5644,0.8536,1.2172,1.1516,Above,0.0,1488.4356
E02478,IT,IT · Milan,Tech,L1,A,F,1.0,37450,32500,44423.0257,25592.366,29431.2209,33270.0758,1.1523,1.2725,1.5444,Above,0.0,4179.9242
E02479,DE,DE · Munich,Operations,L2,C,F,1.0,39100,45100,47695.8157,45111.096,51877.7604,58644.4248,0.867,0.7537,-0.4442,Below,6011.096,0.0
E02480,IT,IT · Milan,Customer Service,L2,C,F,1.0,26300,29200,35427.3211,29850.9357,34328.5761,38806.2164,0.9007,0.7661,-0.3965,Below,3550.9357,0.0
E02482,PL,PL · Kraków,Customer Service,L1,B,F,1.0,18050,18900,22098.6552,18287.8798,21031.0617,23774.2437,0.955,0.8583,-0.0434,Below,237.8798,0.0
E02483,DE,DE · Munich,Operations,L5,F,F,1.0,84950,104700,123043.8439,97540.9961,121926.2452,146311.4942,0.8114,0.6967,-0.2582,Below,12590.9961,0.0
E02484,IT,IT · Milan,Tech,L3,D,F,1.0,54650,52000,45051.5517,37095.0301,44514.0361,51933.0421,1.051,1.2277,1.1831,Above,0.0,2716.9579
E02485,IT,IT · Milan,Customer Service,L1,B,F,1.0,24450,23400,35427.3211,27639.7553,31785.7186,35931.6819,1.0449,0.7692,-0.3847,Below,3189.7553,0.0
E02486,DE,DE · Munich,Customer Service,L1,B,M,1.0,32750,34200,52281.637,41769.5333,48034.9633,54300.3934,0.9576,0.6818,-0.7198,Below,9019.5333,0.0
E02487,IT,IT · Milan,Operations,L1,B,M,1.0,22000,24700,26363.3765,27639.7553,31785.7186,35931.6819,0.8907,0.6921,-0.6802,Below,5639.7553,0.0
E02488,PL,PL · Kraków,Operations,L5,F,F,1.0,40750,57900,50412.649,42706.1992,53382.7489,64059.2987,0.7038,0.7634,-0.0916,Below,1956.1992,0.0
E02489,IT,IT · Milan,Operations,L1,B,F,1.0,24300,24700,26363.3765,27639.7553,31785.7186,35931.6819,0.9838,0.7645,-0.4028,Below,3339.7553,0.0
E02490,IT,IT · Milan,Tech,L5,F,M,1.0,109450,94200,119149.3884,64544.8739,80681.0924,96817.3109,1.1619,1.3566,1.3914,Above,0.0,12632.6891
E02491,DE,DE · Munich,Customer Service,L3,D,M,1.0,54200,54700,52281.637,56058.4593,67270.1512,78481.843,0.9909,0.8057,-0.0829,Below,1858.4593,0.0
E02492,PL,PL · Kraków,Sales,L4,E,M,1.0,53900,46300,28111.3077,32212.9392,38655.527,45098.1148,1.1641,1.3944,1.6831,Above,0.0,8801.8852
E02493,IT,IT · Milan,Customer Service,L2,C,M,1.0,31750,29200,35427.3211,29850.9357,34328.5761,38806.2164,1.0873,0.9249,0.2121,Within,0.0,0.0
E02494,PL,PL · Kraków,HR,L2,B,F,1.0,27950,26200,28111.3077,18287.8798,21031.0617,23774.2437,1.0668,1.329,1.7611,Above,0.0,4175.7563
E02495,DE,DE · Munich,Customer Service,L4,E,F,1.0,75800,71800,63763.1933,73574.3812,88289.2574,103004.1336,1.0557,0.8585,0.0756,Within,0.0,0.0
E02497,IT,IT · Milan,Customer Service,L1,B,F,1.0,21100,23400,35427.3211,27639.7553,31785.7186,35931.6819,0.9017,0.6638,-0.7887,Below,6539.7553,0.0
E02498,DE,DE · Munich,Sales,L1,A,F,0.8,41350,39900,63763.1933,38675.4938,44476.8179,50278.142,1.0363,0.9297,0.2305,Within,0.0,0.0
E02499,DE,DE · Munich,Tech,L5,F,M,1.0,136850,137800,123043.8439,97540.9961,121926.2452,146311.4942,0.9931,1.1224,0.806,Within,0.0,0.0
E02500,DE,DE · Munich,Customer Service,L3,D,F,1.0,53450,54700,52281.637,56058.4593,67270.1512,78481.843,0.9771,0.7946,-0.1163,Below,2608.4593,0.0
E02501,DE,DE · Munich,Operations,L2,C,F,0.8,41900,45100,47695.8157,45111.096,51877.7604,58644.4248,0.929,0.8077,-0.2373,Below,2568.8768,0.0
E02503,PL,PL · Kraków,Customer Service,L4,E,M,1.0,39400,39700,28111.3077,32212.9392,38655.527,45098.1148,0.9924,1.0193,0.5578,Within,0.0,0.0
E02504,ES,ES · Barcelona,Finance,L1,A,M,1.0,27200,27500,30175.2075,23112.0694,26578.8798,30045.6902,0.9891,1.0234,0.5896,Within,0.0,0.0
E02506,DE,DE · Munich,Operations,L2,C,M,1.0,45600,45100,47695.8157,45111.096,51877.7604,58644.4248,1.0111,0.879,0.0361,Within,0.0,0.0
E02507,DE,DE · Munich,Operations,L3,D,M,1.0,60050,57800,47695.8157,56058.4593,67270.1512,78481.843,1.0389,0.8927,0.178,Within,0.0,0.0
E02508,ES,ES · Barcelona,Operations,L4,E,F,1.0,46950,49900,38450.926,43967.2783,52760.7339,61554.1896,0.9409,0.8899,0.1696,Within,0.0,0.0
E02509,DE,DE · Munich,Sales,L1,A,M,1.0,40450,39900,63763.1933,38675.4938,44476.8179,50278.142,1.0138,0.9095,0.1529,Within,0.0,0.0
E02510,DE,DE · Munich,Operations,L1,B,M,1.0,33300,36100,36701.684,41769.5333,48034.9633,54300.3934,0.9224,0.6932,-0.6759,Below,8469.5333,0.0
E02512,DE,DE · Munich,HR,L1,A,F,1.0,36800,38000,52281.637,38675.4938,44476.8179,50278.142,0.9684,0.8274,-0.1616,Below,1875.4938,0.0
E02513,ES,ES · Barcelona,Sales,L1,A,F,1.0,25750,26200,38450.926,23112.0694,26578.8798,30045.6902,0.9828,0.9688,0.3805,Within,0.0,0.0
E02514,PL,PL · Kraków,Sales,L3,D,F,1.0,36750,35300,28111.3077,24543.9746,29452.7695,34361.5644,1.0411,1.2478,1.2433,Above,0.0,2388.4356
E02515,PL,PL · Kraków,Customer Service,L1,B,F,1.0,16650,18900,22098.6552,18287.8798,21031.0617,23774.2437,0.881,0.7917,-0.2985,Below,1637.8798,0.0
E02516,IT,IT · Milan,Customer Service,L1,B,F,1.0,24350,23400,35427.3211,27639.7553,31785.7186,35931.6819,1.0406,0.7661,-0.3967,Below,3289.7553,0.0
E02517,IT,IT · Milan,Finance,L1,A,F,1.0,29300,28600,35427.3211,25592.366,29431.2209,33270.0758,1.0245,0.9955,0.4829,Within,0.0,0.0
E02518,PL,PL · Kraków,Customer Service,L2,C,M,0.8,27850,23600,22098.6552,19750.9101,22713.5467,25676.1832,1.1801,1.2261,1.3669,Above,0.0,1739.0534
E02519,IT,IT · Milan,Operations,L1,B,F,1.0,21000,24700,26363.3765,27639.7553,31785.7186,35931.6819,0.8502,0.6607,-0.8007,Below,6639.7553,0.0
E02520,ES,ES · Barcelona,HR,L1,A,F,0.8,27500,25000,30175.2075,23112.0694,26578.8798,30045.6902,1.1,1.0347,0.6328,Within,0.0,0.0
E02521,DE,DE · Munich,Operations,L4,E,M,1.0,62800,75800,63763.1933,73574.3812,88289.2574,103004.1336,0.8285,0.7113,-0.3661,Below,10774.3812,0.0
E02522,DE,DE · Munich,Tech,L1,A,F,1.0,49300,47500,63763.1933,38675.4938,44476.8179,50278.142,1.0379,1.1084,0.9157,Within,0.0,0.0
E02523,DE,DE · Munich,Customer Service,L3,D,M,1.0,47500,54700,52281.637,56058.4593,67270.1512,78481.843,0.8684,0.7061,-0.3817,Below,8558.4593,0.0
E02525,IT,IT · Milan,Finance,L1,A,F,1.0,25000,28600,35427.3211,25592.366,29431.2209,33270.0758,0.8741,0.8494,-0.0772,Below,592.366,0.0
E02526,DE,DE · Munich,Tech,L1,A,M,1.0,53100,47500,63763.1933,38675.4938,44476.8179,50278.142,1.1179,1.1939,1.2432,Above,0.0,2821.858
E02527,IT,IT · Milan,Operations,L5,F,F,1.0,80200,71600,119149.3884,64544.8739,80681.0924,96817.3109,1.1201,0.994,0.4851,Within,0.0,0.0
E02528,ES,ES · Barcelona,Tech,L1,A,F,1.0,26850,31200,38450.926,23112.0694,26578.8798,30045.6902,0.8606,1.0102,0.5391,Within,0.0,0.0
E02529,PL,PL · Kraków,HR,L1,A,F,1.0,19300,21000,22098.6552,16933.222,19473.2053,22013.1886,0.919,0.9911,0.4659,Within,0.0,0.0
E02530,IT,IT · Milan,Tech,L1,A,F,0.8,32050,32500,44423.0257,25592.366,29431.2209,33270.0758,0.9862,1.089,0.8411,Within,0.0,0.0
E02531,IT,IT · Milan,Customer Service,L1,B,F,1.0,17900,23400,35427.3211,27639.7553,31785.7186,35931.6819,0.765,0.5631,-1.1746,Below,9739.7553,0.0
E02532,IT,IT · Milan,Operations,L2,C,F,1.0,26000,30900,32970.682,29850.9357,34328.5761,38806.2164,0.8414,0.7574,-0.43,Below,3850.9357,0.0
E02533,DE,DE · Munich,Customer Service,L4,E,F,1.0,75400,71800,63763.1933,73574.3812,88289.2574,103004.1336,1.0501,0.854,0.062,Within,0.0,0.0
E02534,IT,IT · Milan,Customer Service,L3,D,F,1.0,35300,37400,35427.3211,37095.0301,44514.0361,51933.0421,0.9439,0.793,-0.121,Below,1795.0301,0.0
E02536,DE,DE · Munich,Customer Service,L1,B,M,1.0,35100,34200,52281.637,41769.5333,48034.9633,54300.3934,1.0263,0.7307,-0.5322,Below,6669.5333,0.0
E02537,IT,IT · Milan,Tech,L2,B,M,1.0,41650,40600,44423.0257,27639.7553,31785.7186,35931.6819,1.0259,1.3103,1.6896,Above,0.0,5718.3181
E02538,DE,DE · Munich,Finance,L1,A,M,1.0,35450,41800,52281.637,38675.4938,44476.8179,50278.142,0.8481,0.797,-0.278,Below,3225.4938,0.0
E02540,DE,DE · Munich,Finance,L3,D,M,1.0,61350,66900,83423.91,56058.4593,67270.1512,78481.843,0.917,0.912,0.236,Within,0.0,0.0
E02541,IT,IT · Milan,Sales,L3,D,F,1.0,47800,43700,44423.0257,37095.0301,44514.0361,51933.0421,1.0938,1.0738,0.7215,Within,0.0,0.0
E02542,ES,ES · Barcelona,Customer Service,L3,D,F,1.0,35600,36000,30175.2075,33499.9471,40199.9366,46899.926,0.9889,0.8856,0.1567,Within,0.0,0.0
E02543,DE,DE · Munich,Finance,L2,B,F,1.0,51800,52300,63763.1933,41769.5333,48034.9633,54300.3934,0.9904,1.0784,0.8005,Within,0.0,0.0
E02544,ES,ES · Barcelona,Sales,L2,C,M,1.0,36850,32800,38450.926,26957.9177,31001.6053,35045.293,1.1235,1.1886,1.2232,Above,0.0,1804.707
E02545,IT,IT · Milan,Customer Service,L3,D,F,1.0,38300,37400,35427.3211,37095.0301,44514.0361,51933.0421,1.0241,0.8604,0.0812,Within,0.0,0.0
E02546,DE,DE · Munich,Finance,L1,A,M,1.0,39950,41800,52281.637,38675.4938,44476.8179,50278.142,0.9557,0.8982,0.1098,Within,0.0,0.0
E02547,DE,DE · Munich,Sales,L3,D,F,1.0,60150,63800,63763.1933,56058.4593,67270.1512,78481.843,0.9428,0.8942,0.1825,Within,0.0,0.0
E02548,PL,PL · Kraków,Customer Service,L3,D,F,1.0,28900,30200,22098.6552,24543.9746,29452.7695,34361.5644,0.957,0.9812,0.4437,Within,0.0,0.0
E02549,IT,IT · Milan,HR,L3,D,F,1.0,41700,41600,45051.5517,37095.0301,44514.0361,51933.0421,1.0024,0.9368,0.3103,Within,0.0,0.0
E02550,PL,PL · Kraków,Operations,L1,B,F,1.0,20250,20000,17581.1795,18287.8798,21031.0617,23774.2437,1.0125,0.9629,0.3576,Within,0.0,0.0
E02551,IT,IT · Milan,Sales,L1,A,F,1.0,26050,27300,44423.0257,25592.366,29431.2209,33270.0758,0.9542,0.8851,0.0596,Within,0.0,0.0
E02553,PL,PL · Kraków,Tech,L5,F,M,1.0,84800,76100,50412.649,42706.1992,53382.7489,64059.2987,1.1143,1.5885,1.9713,Above,0.0,20740.7013
E02554,PL,PL · Kraków,Operations,L2,C,F,1.0,25700,24900,23500.5671,19750.9101,22713.5467,25676.1832,1.0321,1.1315,1.004,Above,0.0,23.8168
E02555,DE,DE · Munich,HR,L1,A,F,1.0,41350,38000,52281.637,38675.4938,44476.8179,50278.142,1.0882,0.9297,0.2305,Within,0.0,0.0
E02556,PL,PL · Kraków,Tech,L1,A,M,1.0,25300,26200,28111.3077,16933.222,19473.2053,22013.1886,0.9656,1.2992,1.647,Above,0.0,3286.8114
E02557,ES,ES · Barcelona,Sales,L4,E,M,1.0,40950,55100,38450.926,43967.2783,52760.7339,61554.1896,0.7432,0.7761,-0.1716,Below,3017.2783,0.0
E02558,ES,ES · Barcelona,Customer Service,L1,B,F,1.0,25450,22500,30175.2075,24961.0349,28705.1901,32449.3454,1.1311,0.8866,0.0653,Within,0.0,0.0
E02559,PL,PL · Kraków,Operations,L1,B,M,1.0,19700,20000,17581.1795,18287.8798,21031.0617,23774.2437,0.985,0.9367,0.2574,Within,0.0,0.0
E02561,IT,IT · Milan,Operations,L5,F,M,1.0,75650,71600,119149.3884,64544.8739,80681.0924,96817.3109,1.0566,0.9376,0.3441,Within,0.0,0.0
E02563,IT,IT · Milan,Finance,L2,B,F,1.0,35450,35800,44423.0257,27639.7553,31785.7186,35931.6819,0.9902,1.1153,0.9419,Within,0.0,0.0
E02564,DE,DE · Munich,Customer Service,L1,B,M,1.0,40950,34200,52281.637,41769.5333,48034.9633,54300.3934,1.1974,0.8525,-0.0654,Below,819.5333,0.0
E02565,DE,DE · Munich,HR,L4,E,F,1.0,75450,79800,83423.91,73574.3812,88289.2574,103004.1336,0.9455,0.8546,0.0637,Within,0.0,0.0
E02568,ES,ES · Barcelona,Sales,L4,E,M,1.0,49350,55100,38450.926,43967.2783,52760.7339,61554.1896,0.8956,0.9354,0.3061,Within,0.0,0.0
E02569,IT,IT · Milan,Operations,L5,F,M,1.0,75100,71600,119149.3884,64544.8739,80681.0924,96817.3109,1.0489,0.9308,0.3271,Within,0.0,0.0
E02570,IT,IT · Milan,Customer Service,L3,D,F,1.0,37000,37400,35427.3211,37095.0301,44514.0361,51933.0421,0.9893,0.8312,-0.0064,Below,95.0301,0.0
E02571,IT,IT · Milan,Tech,L3,D,M,1.0,44950,52000,45051.5517,37095.0301,44514.0361,51933.0421,0.8644,1.0098,0.5294,Within,0.0,0.0
E02573,PL,PL · Kraków,Sales,L2,C,M,0.8,26950,27600,28111.3077,19750.9101,22713.5467,25676.1832,0.9764,1.1865,1.215,Above,0.0,1019.0534
E02575,IT,IT · Milan,Operations,L1,B,F,1.0,24050,24700,26363.3765,27639.7553,31785.7186,35931.6819,0.9737,0.7566,-0.4329,Below,3589.7553,0.0
E02576,ES,ES · Barcelona,Sales,L2,C,F,1.0,40900,32800,38450.926,26957.9177,31001.6053,35045.293,1.247,1.3193,1.7239,Above,0.0,5854.707
E02577,PL,PL · Kraków,Customer Service,L2,C,F,1.0,23200,23600,22098.6552,19750.9101,22713.5467,25676.1832,0.9831,1.0214,0.5821,Within,0.0,0.0
E02579,IT,IT · Milan,Operations,L4,E,M,1.0,50750,51900,44423.0257,48685.6742,58422.809,68159.9438,0.9778,0.8687,0.106,Within,0.0,0.0
E02580,PL,PL · Kraków,Finance,L2,B,M,1.0,29600,28900,28111.3077,18287.8798,21031.0617,23774.2437,1.0242,1.4074,2.0619,Above,0.0,5825.7563
E02581,PL,PL · Kraków,Tech,L2,B,F,1.0,30100,32800,28111.3077,18287.8798,21031.0617,23774.2437,0.9177,1.4312,2.153,Above,0.0,6325.7563
E02582,IT,IT · Milan,Sales,L3,D,F,0.8,48750,43700,44423.0257,37095.0301,44514.0361,51933.0421,1.1156,1.0952,0.7855,Within,0.0,0.0
E02584,PL,PL · Kraków,Customer Service,L5,F,F,0.8,55600,54800,50412.649,42706.1992,53382.7489,64059.2987,1.0146,1.0415,0.6038,Within,0.0,0.0
E02585,PL,PL · Kraków,Operations,L3,D,M,1.0,22900,31900,23500.5671,24543.9746,29452.7695,34361.5644,0.7179,0.7775,-0.1675,Below,1643.9746,0.0
E02587,IT,IT · Milan,Finance,L1,A,F,1.0,30350,28600,35427.3211,25592.366,29431.2209,33270.0758,1.0612,1.0312,0.6197,Within,0.0,0.0
E02588,ES,ES · Barcelona,HR,L1,A,F,1.0,25100,25000,30175.2075,23112.0694,26578.8798,30045.6902,1.004,0.9444,0.2867,Within,0.0,0.0
E02589,PL,PL · Kraków,Customer Service,L5,F,F,1.0,53350,54800,50412.649,42706.1992,53382.7489,64059.2987,0.9735,0.9994,0.4985,Within,0.0,0.0
E02590,IT,IT · Milan,Tech,L1,A,F,1.0,29200,32500,44423.0257,25592.366,29431.2209,33270.0758,0.8985,0.9921,0.4699,Within,0.0,0.0
E02591,IT,IT · Milan,Operations,L1,B,M,1.0,23300,24700,26363.3765,27639.7553,31785.7186,35931.6819,0.9433,0.733,-0.5234,Below,4339.7553,0.0
E02592,IT,IT · Milan,Customer Service,L4,E,F,1.0,45150,49100,44423.0257,48685.6742,58422.809,68159.9438,0.9196,0.7728,-0.1816,Below,3535.6742,0.0
E02593,PL,PL · Kraków,Tech,L3,D,M,1.0,44100,42000,34034.3671,24543.9746,29452.7695,34361.5644,1.05,1.4973,1.9919,Above,0.0,9738.4356
E02594,IT,IT · Milan,Operations,L3,D,M,1.0,39200,39500,32970.682,37095.0301,44514.0361,51933.0421,0.9924,0.8806,0.1419,Within,0.0,0.0
E02595,ES,ES · Barcelona,Operations,L5,F,M,1.0,69300,68900,67142.552,58289.4759,72861.8449,87434.2139,1.0058,0.9511,0.3778,Within,0.0,0.0
E02596,IT,IT · Milan,Sales,L5,F,M,1.0,72350,79200,119149.3884,64544.8739,80681.0924,96817.3109,0.9135,0.8967,0.2419,Within,0.0,0.0
E02597,PL,PL · Kraków,Tech,L5,F,M,1.0,76650,76100,50412.649,42706.1992,53382.7489,64059.2987,1.0072,1.4359,1.5896,Above,0.0,12590.7013
E02599,DE,DE · Munich,Finance,L2,B,M,1.0,53550,52300,63763.1933,41769.5333,48034.9633,54300.3934,1.0239,1.1148,0.9401,Within,0.0,0.0
E02600,PL,PL · Kraków,Customer Service,L1,B,F,1.0,18900,18900,22098.6552,18287.8798,21031.0617,23774.2437,1.0,0.8987,0.1116,Within,0.0,0.0
E02601,IT,IT · Milan,Operations,L2,C,M,1.0,29200,30900,32970.682,29850.9357,34328.5761,38806.2164,0.945,0.8506,-0.0727,Below,650.9357,0.0
E02602,DE,DE · Munich,Tech,L3,D,M,1.0,75700,76000,83423.91,56058.4593,67270.1512,78481.843,0.9961,1.1253,0.8759,Within,0.0,0.0
E02603,IT,IT · Milan,Operations,L4,E,F,1.0,49300,51900,44423.0257,48685.6742,58422.809,68159.9438,0.9499,0.8438,0.0315,Within,0.0,0.0
E02604,IT,IT · Milan,Operations,L1,B,M,1.0,25950,24700,26363.3765,27639.7553,31785.7186,35931.6819,1.0506,0.8164,-0.2038,Below,1689.7553,0.0
E02605,PL,PL · Kraków,Operations,L5,F,M,1.0,60700,57900,50412.649,42706.1992,53382.7489,64059.2987,1.0484,1.1371,0.8427,Within,0.0,0.0
E02607,IT,IT · Milan,Tech,L2,B,M,1.0,41850,40600,44423.0257,27639.7553,31785.7186,35931.6819,1.0308,1.3166,1.7137,Above,0.0,5918.3181
E02608,PL,PL · Kraków,Customer Service,L3,D,F,0.8,29350,30200,22098.6552,24543.9746,29452.7695,34361.5644,0.9719,0.9965,0.4895,Within,0.0,0.0
E02609,IT,IT · Milan,Sales,L1,A,M,1.0,25450,27300,44423.0257,25592.366,29431.2209,33270.0758,0.9322,0.8647,-0.0185,Below,142.366,0.0
E02610,IT,IT · Milan,Sales,L2,C,F,1.0,29900,34100,44423.0257,29850.9357,34328.5761,38806.2164,0.8768,0.871,0.0055,Within,0.0,0.0
E02612,IT,IT · Milan,Customer Service,L3,D,F,1.0,43950,37400,35427.3211,37095.0301,44514.0361,51933.0421,1.1751,0.9873,0.462,Within,0.0,0.0
E02613,IT,IT · Milan,Customer Service,L2,C,M,1.0,32850,29200,35427.3211,29850.9357,34328.5761,38806.2164,1.125,0.9569,0.3349,Within,0.0,0.0
E02614,PL,PL · Kraków,Operations,L1,B,M,1.0,16900,20000,17581.1795,18287.8798,21031.0617,23774.2437,0.845,0.8036,-0.253,Below,1387.8798,0.0
E02615,DE,DE · Munich,Operations,L2,C,M,1.0,39900,45100,47695.8157,45111.096,51877.7604,58644.4248,0.8847,0.7691,-0.3851,Below,5211.096,0.0
E02616,ES,ES · Barcelona,Sales,L6,G,M,1.0,122650,105000,67142.552,77717.419,101032.6447,124347.8705,1.1681,1.214,0.9636,Within,0.0,0.0
E02619,DE,DE · Munich,Finance,L2,B,M,1.0,64750,52300,63763.1933,41769.5333,48034.9633,54300.3934,1.238,1.348,1.8339,Above,0.0,10449.6066
E02620,IT,IT · Milan,Finance,L3,D,M,1.0,45750,45800,45051.5517,37095.0301,44514.0361,51933.0421,0.9989,1.0278,0.5833,Within,0.0,0.0
E02621,IT,IT · Milan,Customer Service,L2,C,M,1.0,29800,29200,35427.3211,29850.9357,34328.5761,38806.2164,1.0205,0.8681,-0.0057,Below,50.9357,0.0
E02622,PL,PL · Kraków,Tech,L3,D,M,1.0,47850,42000,34034.3671,24543.9746,29452.7695,34361.5644,1.1393,1.6246,2.3739,Above,0.0,13488.4356
E02623,ES,ES · Barcelona,Sales,L4,E,M,1.0,45950,55100,38450.926,43967.2783,52760.7339,61554.1896,0.8339,0.8709,0.1127,Within,0.0,0.0
E02624,IT,IT · Milan,Sales,L4,E,F,1.0,62500,57300,44423.0257,48685.6742,58422.809,68159.9438,1.0908,1.0698,0.7094,Within,0.0,0.0
E02625,IT,IT · Milan,Operations,L1,B,F,1.0,27950,24700,26363.3765,27639.7553,31785.7186,35931.6819,1.1316,0.8793,0.0374,Within,0.0,0.0
E02626,ES,ES · Barcelona,Tech,L4,E,F,1.0,50450,65600,49137.1558,43967.2783,52760.7339,61554.1896,0.7691,0.9562,0.3686,Within,0.0,0.0
E02627,IT,IT · Milan,Customer Service,L2,C,M,1.0,27950,29200,35427.3211,29850.9357,34328.5761,38806.2164,0.9572,0.8142,-0.2123,Below,1900.9357,0.0
E02628,ES,ES · Barcelona,Tech,L2,B,F,1.0,38950,39100,38450.926,24961.0349,28705.1901,32449.3454,0.9962,1.3569,1.8681,Above,0.0,6500.6546
E02632,DE,DE · Munich,Customer Service,L1,B,F,0.8,29500,34200,52281.637,41769.5333,48034.9633,54300.3934,0.8626,0.6141,-0.9791,Below,9815.6267,0.0
E02633,PL,PL · Kraków,Sales,L2,C,M,1.0,19350,27600,28111.3077,19750.9101,22713.5467,25676.1832,0.7011,0.8519,-0.0677,Below,400.9101,0.0
E02634,IT,IT · Milan,Sales,L3,D,F,1.0,43950,43700,44423.0257,37095.0301,44514.0361,51933.0421,1.0057,0.9873,0.462,Within,0.0,0.0
E02638,IT,IT · Milan,Tech,L5,F,M,1.0,86600,94200,119149.3884,64544.8739,80681.0924,96817.3109,0.9193,1.0734,0.6834,Within,0.0,0.0
E02639,ES,ES · Barcelona,Finance,L2,B,M,1.0,33800,34400,38450.926,24961.0349,28705.1901,32449.3454,0.9826,1.1775,1.1804,Above,0.0,1350.6546
E02640,IT,IT · Milan,Finance,L4,E,M,1.0,57300,60100,45051.5517,48685.6742,58422.809,68159.9438,0.9534,0.9808,0.4423,Within,0.0,0.0
E02641,IT,IT · Milan,Customer Service,L4,E,F,1.0,42450,49100,44423.0257,48685.6742,58422.809,68159.9438,0.8646,0.7266,-0.3202,Below,6235.6742,0.0
E02642,PL,PL · Kraków,Sales,L1,A,F,1.0,21950,22000,28111.3077,16933.222,19473.2053,22013.1886,0.9977,1.1272,0.9876,Within,0.0,0.0
E02643,DE,DE · Munich,Operations,L3,D,M,1.0,68200,57800,47695.8157,56058.4593,67270.1512,78481.843,1.1799,1.0138,0.5415,Within,0.0,0.0
E02644,DE,DE · Munich,Customer Service,L2,C,F,0.8,41550,42800,52281.637,45111.096,51877.7604,58644.4248,0.9708,0.8009,-0.2631,Below,2848.8768,0.0
E02645,DE,DE · Munich,Operations,L2,C,M,1.0,36850,45100,47695.8157,45111.096,51877.7604,58644.4248,0.8171,0.7103,-0.6104,Below,8261.096,0.0
E02647,PL,PL · Kraków,Customer Service,L2,C,M,1.0,17800,23600,22098.6552,19750.9101,22713.5467,25676.1832,0.7542,0.7837,-0.3293,Below,1950.9101,0.0
E02648,IT,IT · Milan,Operations,L5,F,M,1.0,67400,71600,119149.3884,64544.8739,80681.0924,96817.3109,0.9413,0.8354,0.0885,Within,0.0,0.0
E02649,DE,DE · Munich,Customer Service,L5,F,M,1.0,98350,99200,123043.8439,97540.9961,121926.2452,146311.4942,0.9914,0.8066,0.0166,Within,0.0,0.0
E02650,IT,IT · Milan,Customer Service,L3,D,F,1.0,32250,37400,35427.3211,37095.0301,44514.0361,51933.0421,0.8623,0.7245,-0.3265,Below,4845.0301,0.0
E02651,IT,IT · Milan,Tech,L5,F,M,1.0,101250,94200,119149.3884,64544.8739,80681.0924,96817.3109,1.0748,1.2549,1.1374,Above,0.0,4432.6891
E02653,IT,IT · Milan,Tech,L1,A,M,1.0,35650,32500,44423.0257,25592.366,29431.2209,33270.0758,1.0969,1.2113,1.31,Above,0.0,2379.9242
E02654,IT,IT · Milan,Sales,L4,E,M,1.0,59200,57300,44423.0257,48685.6742,58422.809,68159.9438,1.0332,1.0133,0.5399,Within,0.0,0.0
E02655,IT,IT · Milan,HR,L2,B,M,1.0,34300,32500,44423.0257,27639.7553,31785.7186,35931.6819,1.0554,1.0791,0.8032,Within,0.0,0.0
E02656,ES,ES · Barcelona,Sales,L1,A,M,1.0,28500,26200,38450.926,23112.0694,26578.8798,30045.6902,1.0878,1.0723,0.7771,Within,0.0,0.0
E02657,PL,PL · Kraków,Tech,L3,D,F,1.0,30600,42000,34034.3671,24543.9746,29452.7695,34361.5644,0.7286,1.039,0.6169,Within,0.0,0.0
E02658,IT,IT · Milan,Customer Service,L3,D,M,1.0,38850,37400,35427.3211,37095.0301,44514.0361,51933.0421,1.0388,0.8728,0.1183,Within,0.0,0.0
E02659,IT,IT · Milan,Operations,L6,G,M,1.0,108150,98800,119149.3884,86057.7477,111875.072,137692.3963,1.0946,0.9667,0.4279,Within,0.0,0.0
E02660,IT,IT · Milan,Customer Service,L3,D,F,1.0,33400,37400,35427.3211,37095.0301,44514.0361,51933.0421,0.893,0.7503,-0.249,Below,3695.0301,0.0
E02661,DE,DE · Munich,Sales,L4,E,M,1.0,79900,83800,63763.1933,73574.3812,88289.2574,103004.1336,0.9535,0.905,0.2149,Within,0.0,0.0
E02662,IT,IT · Milan,Customer Service,L5,F,F,1.0,57350,67900,119149.3884,64544.8739,80681.0924,96817.3109,0.8446,0.7108,-0.2229,Below,7194.8739,0.0
E02663,PL,PL · Kraków,Operations,L5,F,F,1.0,48250,57900,50412.649,42706.1992,53382.7489,64059.2987,0.8333,0.9039,0.2596,Within,0.0,0.0
E02665,IT,IT · Milan,Tech,L1,A,M,1.0,29750,32500,44423.0257,25592.366,29431.2209,33270.0758,0.9154,1.0108,0.5415,Within,0.0,0.0
E02666,DE,DE · Munich,Finance,L5,F,F,1.0,116200,121200,123043.8439,97540.9961,121926.2452,146311.4942,0.9587,0.953,0.3826,Within,0.0,0.0
E02667,PL,PL · Kraków,Finance,L5,F,F,1.0,72700,67000,50412.649,42706.1992,53382.7489,64059.2987,1.0851,1.3619,1.4047,Above,0.0,8640.7013
E02668,PL,PL · Kraków,Operations,L1,B,F,1.0,19650,20000,17581.1795,18287.8798,21031.0617,23774.2437,0.9825,0.9343,0.2483,Within,0.0,0.0
E02669,DE,DE · Munich,Finance,L2,B,F,1.0,49750,52300,63763.1933,41769.5333,48034.9633,54300.3934,0.9512,1.0357,0.6369,Within,0.0,0.0
E02671,IT,IT · Milan,Tech,L5,F,M,1.0,95400,94200,119149.3884,64544.8739,80681.0924,96817.3109,1.0127,1.1824,0.9561,Within,0.0,0.0
E02673,IT,IT · Milan,Customer Service,L3,D,M,0.8,36450,37400,35427.3211,37095.0301,44514.0361,51933.0421,0.9746,0.8188,-0.0435,Below,516.0241,0.0
E02675,DE,DE · Munich,Customer Service,L1,B,F,1.0,29050,34200,52281.637,41769.5333,48034.9633,54300.3934,0.8494,0.6048,-1.0151,Below,12719.5333,0.0
E02676,DE,DE · Munich,Operations,L2,C,M,1.0,47850,45100,47695.8157,45111.096,51877.7604,58644.4248,1.061,0.9224,0.2024,Within,0.0,0.0
E02677,PL,PL · Kraków,Finance,L2,B,F,1.0,25700,28900,28111.3077,18287.8798,21031.0617,23774.2437,0.8893,1.222,1.351,Above,0.0,1925.7563
E02678,PL,PL · Kraków,Sales,L3,D,M,1.0,31750,35300,28111.3077,24543.9746,29452.7695,34361.5644,0.8994,1.078,0.734,Within,0.0,0.0
E02679,PL,PL · Kraków,Customer Service,L1,B,F,1.0,17850,18900,22098.6552,18287.8798,21031.0617,23774.2437,0.9444,0.8487,-0.0798,Below,437.8798,0.0
E02680,PL,PL · Kraków,Finance,L3,D,M,1.0,34500,37000,34034.3671,24543.9746,29452.7695,34361.5644,0.9324,1.1714,1.0141,Above,0.0,138.4356
E02681,IT,IT · Milan,Tech,L1,A,M,1.0,38350,32500,44423.0257,25592.366,29431.2209,33270.0758,1.18,1.303,1.6616,Above,0.0,5079.9242
E02682,PL,PL · Kraków,Tech,L4,E,M,1.0,59300,55100,34034.3671,32212.9392,38655.527,45098.1148,1.0762,1.5341,2.1022,Above,0.0,14201.8852
E02683,IT,IT · Milan,Operations,L1,B,M,1.0,25950,24700,26363.3765,27639.7553,31785.7186,35931.6819,1.0506,0.8164,-0.2038,Below,1689.7553,0.0
E02684,DE,DE · Munich,HR,L3,D,F,1.0,56800,60800,83423.91,56058.4593,67270.1512,78481.843,0.9342,0.8444,0.0331,Within,0.0,0.0
E02685,ES,ES · Barcelona,Customer Service,L3,D,F,1.0,42650,36000,30175.2075,33499.9471,40199.9366,46899.926,1.1847,1.0609,0.6828,Within,0.0,0.0
E02686,IT,IT · Milan,Operations,L1,B,F,1.0,23550,24700,26363.3765,27639.7553,31785.7186,35931.6819,0.9534,0.7409,-0.4932,Below,4089.7553,0.0
E02687,PL,PL · Kraków,Tech,L2,B,F,1.0,30850,32800,28111.3077,18287.8798,21031.0617,23774.2437,0.9405,1.4669,2.2897,Above,0.0,7075.7563
E02688,DE,DE · Munich,Customer Service,L3,D,F,1.0,51600,54700,52281.637,56058.4593,67270.1512,78481.843,0.9433,0.7671,-0.1988,Below,4458.4593,0.0
E02689,IT,IT · Milan,HR,L5,F,F,1.0,70100,75400,119149.3884,64544.8739,80681.0924,96817.3109,0.9297,0.8689,0.1721,Within,0.0,0.0
E02690,DE,DE · Munich,Operations,L2,C,F,1.0,48800,45100,47695.8157,45111.096,51877.7604,58644.4248,1.082,0.9407,0.2726,Within,0.0,0.0
E02691,PL,PL · Kraków,Operations,L3,D,M,1.0,33300,31900,23500.5671,24543.9746,29452.7695,34361.5644,1.0439,1.1306,0.8919,Within,0.0,0.0
E02692,IT,IT · Milan,HR,L1,A,M,1.0,26250,26000,35427.3211,25592.366,29431.2209,33270.0758,1.0096,0.8919,0.0857,Within,0.0,0.0
E02693,IT,IT · Milan,Customer Service,L1,B,F,0.8,23400,23400,35427.3211,27639.7553,31785.7186,35931.6819,1.0,0.7362,-0.5113,Below,3391.8042,0.0
E02694,IT,IT · Milan,Customer Service,L2,C,F,1.0,31250,29200,35427.3211,29850.9357,34328.5761,38806.2164,1.0702,0.9103,0.1562,Within,0.0,0.0
E02695,IT,IT · Milan,Customer Service,L2,C,F,1.0,28200,29200,35427.3211,29850.9357,34328.5761,38806.2164,0.9658,0.8215,-0.1844,Below,1650.9357,0.0
E02696,DE,DE · Munich,Finance,L3,D,M,1.0,65050,66900,83423.91,56058.4593,67270.1512,78481.843,0.9723,0.967,0.401,Within,0.0,0.0
E02697,DE,DE · Munich,Sales,L1,A,F,1.0,37500,39900,63763.1933,38675.4938,44476.8179,50278.142,0.9398,0.8431,-0.1013,Below,1175.4938,0.0
E02699,IT,IT · Milan,Sales,L3,D,F,0.8,42450,43700,44423.0257,37095.0301,44514.0361,51933.0421,0.9714,0.9536,0.3609,Within,0.0,0.0
E02700,PL,PL · Kraków,Finance,L1,A,M,1.0,24100,23100,22098.6552,16933.222,19473.2053,22013.1886,1.0433,1.2376,1.4108,Above,0.0,2086.8114
E02701,ES,ES · Barcelona,Customer Service,L3,D,F,1.0,32750,36000,30175.2075,33499.9471,40199.9366,46899.926,0.9097,0.8147,-0.056,Below,749.9471,0.0
E02702,PL,PL · Kraków,Finance,L5,F,M,1.0,54800,67000,50412.649,42706.1992,53382.7489,64059.2987,0.8179,1.0265,0.5664,Within,0.0,0.0
E02704,DE,DE · Munich,Customer Service,L4,E,M,1.0,79050,71800,63763.1933,73574.3812,88289.2574,103004.1336,1.101,0.8954,0.1861,Within,0.0,0.0
E02705,IT,IT · Milan,Tech,L2,B,F,1.0,42600,40600,44423.0257,27639.7553,31785.7186,35931.6819,1.0493,1.3402,1.8042,Above,0.0,6668.3181
E02706,PL,PL · Kraków,Finance,L1,A,F,1.0,19400,23100,22098.6552,16933.222,19473.2053,22013.1886,0.8398,0.9962,0.4856,Within,0.0,0.0
E02707,IT,IT · Milan,Operations,L1,B,M,1.0,26650,24700,26363.3765,27639.7553,31785.7186,35931.6819,1.0789,0.8384,-0.1194,Below,989.7553,0.0
E02709,PL,PL · Kraków,Operations,L2,C,F,1.0,23450,24900,23500.5671,19750.9101,22713.5467,25676.1832,0.9418,1.0324,0.6243,Within,0.0,0.0
E02711,DE,DE · Munich,Operations,L5,F,F,1.0,105050,104700,123043.8439,97540.9961,121926.2452,146311.4942,1.0033,0.8616,0.154,Within,0.0,0.0
E02712,IT,IT · Milan,Tech,L2,B,M,1.0,46000,40600,44423.0257,27639.7553,31785.7186,35931.6819,1.133,1.4472,2.2142,Above,0.0,10068.3181
E02713,PL,PL · Kraków,Operations,L1,B,M,1.0,19400,20000,17581.1795,18287.8798,21031.0617,23774.2437,0.97,0.9224,0.2027,Within,0.0,0.0
E02714,PL,PL · Kraków,Customer Service,L4,E,M,1.0,45000,39700,28111.3077,32212.9392,38655.527,45098.1148,1.1335,1.1641,0.9924,Within,0.0,0.0
E02715,PL,PL · Kraków,Tech,L2,B,F,1.0,28500,32800,28111.3077,18287.8798,21031.0617,23774.2437,0.8689,1.3551,1.8614,Above,0.0,4725.7563
E02716,IT,IT · Milan,Customer Service,L1,B,F,1.0,22400,23400,35427.3211,27639.7553,31785.7186,35931.6819,0.9573,0.7047,-0.6319,Below,5239.7553,0.0
E02717,DE,DE · Munich,Customer Service,L2,C,F,0.8,32150,42800,52281.637,45111.096,51877.7604,58644.4248,0.7512,0.6197,-0.9577,Below,10368.8768,0.0
E02718,IT,IT · Milan,Sales,L1,A,F,1.0,26700,27300,44423.0257,25592.366,29431.2209,33270.0758,0.978,0.9072,0.1443,Within,0.0,0.0
E02719,IT,IT · Milan,Operations,L5,F,F,1.0,57300,71600,119149.3884,64544.8739,80681.0924,96817.3109,0.8003,0.7102,-0.2245,Below,7244.8739,0.0
E02721,DE,DE · Munich,Tech,L1,A,M,1.0,56200,47500,63763.1933,38675.4938,44476.8179,50278.142,1.1832,1.2636,1.5104,Above,0.0,5921.858
E02722,IT,IT · Milan,Operations,L2,C,M,1.0,34150,30900,32970.682,29850.9357,34328.5761,38806.2164,1.1052,0.9948,0.4801,Within,0.0,0.0
E02724,PL,PL · Kraków,Operations,L1,B,F,1.0,18500,20000,17581.1795,18287.8798,21031.0617,23774.2437,0.925,0.8797,0.0387,Within,0.0,0.0
E02725,ES,ES · Barcelona,Customer Service,L4,E,F,1.0,51500,47200,38450.926,43967.2783,52760.7339,61554.1896,1.0911,0.9761,0.4283,Within,0.0,0.0
E02726,IT,IT · Milan,Customer Service,L2,C,M,1.0,27550,29200,35427.3211,29850.9357,34328.5761,38806.2164,0.9435,0.8025,-0.2569,Below,2300.9357,0.0
E02727,IT,IT · Milan,Finance,L3,D,F,1.0,38050,45800,45051.5517,37095.0301,44514.0361,51933.0421,0.8308,0.8548,0.0644,Within,0.0,0.0
E02728,PL,PL · Kraków,Operations,L3,D,M,1.0,29800,31900,23500.5671,24543.9746,29452.7695,34361.5644,0.9342,1.0118,0.5354,Within,0.0,0.0
E02729,IT,IT · Milan,Operations,L2,C,F,1.0,30250,30900,32970.682,29850.9357,34328.5761,38806.2164,0.979,0.8812,0.0446,Within,0.0,0.0
E02730,IT,IT · Milan,HR,L3,D,M,1.0,37900,41600,45051.5517,37095.0301,44514.0361,51933.0421,0.9111,0.8514,0.0543,Within,0.0,0.0
E02731,DE,DE · Munich,Customer Service,L3,D,M,1.0,54650,54700,52281.637,56058.4593,67270.1512,78481.843,0.9991,0.8124,-0.0628,Below,1408.4593,0.0
E02732,ES,ES · Barcelona,Operations,L5,F,M,1.0,64500,68900,67142.552,58289.4759,72861.8449,87434.2139,0.9361,0.8852,0.2131,Within,0.0,0.0
E02733,IT,IT · Milan,Customer Service,L4,E,F,1.0,45200,49100,44423.0257,48685.6742,58422.809,68159.9438,0.9206,0.7737,-0.179,Below,3485.6742,0.0
E02734,PL,PL · Kraków,Customer Service,L5,F,F,1.0,59500,54800,50412.649,42706.1992,53382.7489,64059.2987,1.0858,1.1146,0.7865,Within,0.0,0.0
E02735,IT,IT · Milan,Sales,L2,C,M,1.0,36750,34100,44423.0257,29850.9357,34328.5761,38806.2164,1.0777,1.0705,0.7704,Within,0.0,0.0
E02736,DE,DE · Munich,Customer Service,L3,D,M,1.0,60100,54700,52281.637,56058.4593,67270.1512,78481.843,1.0987,0.8934,0.1802,Within,0.0,0.0
E02737,PL,PL · Kraków,Operations,L1,B,F,1.0,19000,20000,17581.1795,18287.8798,21031.0617,23774.2437,0.95,0.9034,0.1298,Within,0.0,0.0
E02739,ES,ES · Barcelona,Operations,L3,D,F,1.0,34900,38000,30735.5619,33499.9471,40199.9366,46899.926,0.9184,0.8682,0.1045,Within,0.0,0.0
E02740,PL,PL · Kraków,Sales,L5,F,M,0.8,67650,63900,50412.649,42706.1992,53382.7489,64059.2987,1.0587,1.2673,1.1682,Above,0.0,2872.561
E02741,DE,DE · Munich,Customer Service,L1,B,F,1.0,27150,34200,52281.637,41769.5333,48034.9633,54300.3934,0.7939,0.5652,-1.1667,Below,14619.5333,0.0
E02742,PL,PL · Kraków,Operations,L5,F,M,1.0,54500,57900,50412.649,42706.1992,53382.7489,64059.2987,0.9413,1.0209,0.5523,Within,0.0,0.0
E02743,PL,PL · Kraków,Customer Service,L2,C,M,0.8,22350,23600,22098.6552,19750.9101,22713.5467,25676.1832,0.947,0.984,0.4386,Within,0.0,0.0
E02744,IT,IT · Milan,Customer Service,L4,E,F,1.0,46050,49100,44423.0257,48685.6742,58422.809,68159.9438,0.9379,0.7882,-0.1353,Below,2635.6742,0.0
E02746,PL,PL · Kraków,Customer Service,L4,E,F,1.0,36200,39700,28111.3077,32212.9392,38655.527,45098.1148,0.9118,0.9365,0.3094,Within,0.0,0.0
E02747,PL,PL · Kraków,Customer Service,L3,D,F,1.0,30100,30200,22098.6552,24543.9746,29452.7695,34361.5644,0.9967,1.022,0.5659,Within,0.0,0.0
E02748,IT,IT · Milan,Sales,L2,C,M,1.0,35200,34100,44423.0257,29850.9357,34328.5761,38806.2164,1.0323,1.0254,0.5973,Within,0.0,0.0
E02750,PL,PL · Kraków,Customer Service,L4,E,F,1.0,31600,39700,28111.3077,32212.9392,38655.527,45098.1148,0.796,0.8175,-0.0476,Below,612.9392,0.0
E02751,IT,IT · Milan,Customer Service,L3,D,M,1.0,39050,37400,35427.3211,37095.0301,44514.0361,51933.0421,1.0441,0.8773,0.1318,Within,0.0,0.0
E02752,PL,PL · Kraków,Customer Service,L1,B,F,1.0,20450,18900,22098.6552,18287.8798,21031.0617,23774.2437,1.082,0.9724,0.3941,Within,0.0,0.0
E02753,ES,ES · Barcelona,Customer Service,L3,D,F,1.0,38900,36000,30175.2075,33499.9471,40199.9366,46899.926,1.0806,0.9677,0.403,Within,0.0,0.0
E02754,DE,DE · Munich,Customer Service,L2,C,M,1.0,46200,42800,52281.637,45111.096,51877.7604,58644.4248,1.0794,0.8906,0.0805,Within,0.0,0.0
E02755,PL,PL · Kraków,Sales,L1,A,F,1.0,19750,22000,28111.3077,16933.222,19473.2053,22013.1886,0.8977,1.0142,0.5545,Within,0.0,0.0
E02756,PL,PL · Kraków,Operations,L3,D,F,0.8,31200,31900,23500.5671,24543.9746,29452.7695,34361.5644,0.9781,1.0593,0.678,Within,0.0,0.0
E02757,PL,PL · Kraków,HR,L2,B,F,1.0,30100,26200,28111.3077,18287.8798,21031.0617,23774.2437,1.1489,1.4312,2.153,Above,0.0,6325.7563
E02758,PL,PL · Kraków,Sales,L2,C,F,1.0,25000,27600,28111.3077,19750.9101,22713.5467,25676.1832,0.9058,1.1007,0.8859,Within,0.0,0.0
E02759,IT,IT · Milan,Sales,L2,C,F,1.0,34250,34100,44423.0257,29850.9357,34328.5761,38806.2164,1.0044,0.9977,0.4912,Within,0.0,0.0
E02760,DE,DE · Munich,Customer Service,L3,D,F,1.0,59350,54700,52281.637,56058.4593,67270.1512,78481.843,1.085,0.8823,0.1468,Within,0.0,0.0
E02761,PL,PL · Kraków,Operations,L2,C,M,1.0,27100,24900,23500.5671,19750.9101,22713.5467,25676.1832,1.0884,1.1931,1.2403,Above,0.0,1423.8168
E02762,PL,PL · Kraków,Operations,L2,C,F,1.0,25900,24900,23500.5671,19750.9101,22713.5467,25676.1832,1.0402,1.1403,1.0378,Above,0.0,223.8168
E02763,PL,PL · Kraków,Operations,L3,D,M,1.0,34400,31900,23500.5671,24543.9746,29452.7695,34361.5644,1.0784,1.168,1.0039,Above,0.0,38.4356
E02764,IT,IT · Milan,Operations,L2,C,M,1.0,33050,30900,32970.682,29850.9357,34328.5761,38806.2164,1.0696,0.9628,0.3572,Within,0.0,0.0
E02765,PL,PL · Kraków,Customer Service,L2,C,M,1.0,20950,23600,22098.6552,19750.9101,22713.5467,25676.1832,0.8877,0.9224,0.2024,Within,0.0,0.0
E02766,IT,IT · Milan,Customer Service,L3,D,M,1.0,34100,37400,35427.3211,37095.0301,44514.0361,51933.0421,0.9118,0.7661,-0.2018,Below,2995.0301,0.0
E02767,DE,DE · Munich,Operations,L2,C,M,1.0,47500,45100,47695.8157,45111.096,51877.7604,58644.4248,1.0532,0.9156,0.1765,Within,0.0,0.0
E02768,DE,DE · Munich,Tech,L4,E,M,1.0,112600,99800,83423.91,73574.3812,88289.2574,103004.1336,1.1283,1.2754,1.3261,Above,0.0,9595.8664
E02771,DE,DE · Munich,HR,L1,A,F,1.0,40000,38000,52281.637,38675.4938,44476.8179,50278.142,1.0526,0.8993,0.1142,Within,0.0,0.0
E02772,PL,PL · Kraków,Sales,L3,D,F,1.0,36600,35300,28111.3077,24543.9746,29452.7695,34361.5644,1.0368,1.2427,1.228,Above,0.0,2238.4356
E02773,PL,PL · Kraków,Sales,L6,G,M,1.0,83100,88200,50412.649,56940.2199,74022.2858,91104.3518,0.9422,1.1226,0.7657,Within,0.0,0.0
E02774,ES,ES · Barcelona,Customer Service,L6,G,F,1.0,90500,90000,67142.552,77717.419,101032.6447,124347.8705,1.0056,0.8958,0.2741,Within,0.0,0.0
E02776,DE,DE · Munich,Sales,L2,C,F,1.0,51750,49900,63763.1933,45111.096,51877.7604,58644.4248,1.0371,0.9975,0.4906,Within,0.0,0.0
E02777,ES,ES · Barcelona,Sales,L2,C,M,1.0,27300,32800,38450.926,26957.9177,31001.6053,35045.293,0.8323,0.8806,0.0423,Within,0.0,0.0
E02778,PL,PL · Kraków,Operations,L2,C,F,1.0,24500,24900,23500.5671,19750.9101,22713.5467,25676.1832,0.9839,1.0787,0.8015,Within,0.0,0.0
E02779,IT,IT · Milan,Finance,L2,B,F,0.8,32700,35800,44423.0257,27639.7553,31785.7186,35931.6819,0.9134,1.0288,0.6103,Within,0.0,0.0
E02780,IT,IT · Milan,Operations,L4,E,M,0.8,53250,51900,44423.0257,48685.6742,58422.809,68159.9438,1.026,0.9115,0.2344,Within,0.0,0.0
E02781,ES,ES · Barcelona,HR,L2,B,M,1.0,28850,31200,38450.926,24961.0349,28705.1901,32449.3454,0.9247,1.005,0.5193,Within,0.0,0.0
E02782,IT,IT · Milan,Customer Service,L3,D,F,1.0,36000,37400,35427.3211,37095.0301,44514.0361,51933.0421,0.9626,0.8087,-0.0738,Below,1095.0301,0.0
E02783,ES,ES · Barcelona,Finance,L1,A,F,1.0,25650,27500,30175.2075,23112.0694,26578.8798,30045.6902,0.9327,0.9651,0.366,Within,0.0,0.0
E02784,IT,IT · Milan,Sales,L3,D,F,1.0,38750,43700,44423.0257,37095.0301,44514.0361,51933.0421,0.8867,0.8705,0.1115,Within,0.0,0.0
E02785,PL,PL · Kraków,Operations,L1,B,M,1.0,20850,20000,17581.1795,18287.8798,21031.0617,23774.2437,1.0425,0.9914,0.467,Within,0.0,0.0
E02786,IT,IT · Milan,Tech,L2,B,M,1.0,45550,40600,44423.0257,27639.7553,31785.7186,35931.6819,1.1219,1.433,2.16,Above,0.0,9618.3181
E02787,DE,DE · Munich,Operations,L4,E,F,1.0,59950,75800,63763.1933,73574.3812,88289.2574,103004.1336,0.7909,0.679,-0.4629,Below,13624.3812,0.0
E02788,PL,PL · Kraków,Finance,L3,D,F,1.0,40400,37000,34034.3671,24543.9746,29452.7695,34361.5644,1.0919,1.3717,1.6151,Above,0.0,6038.4356
E02789,IT,IT · Milan,Tech,L4,E,M,1.0,61700,68200,45051.5517,48685.6742,58422.809,68159.9438,0.9047,1.0561,0.6683,Within,0.0,0.0
E02790,DE,DE · Munich,Operations,L2,C,F,1.0,45200,45100,47695.8157,45111.096,51877.7604,58644.4248,1.0022,0.8713,0.0066,Within,0.0,0.0
E02791,IT,IT · Milan,Customer Service,L2,C,F,1.0,29950,29200,35427.3211,29850.9357,34328.5761,38806.2164,1.0257,0.8725,0.0111,Within,0.0,0.0
E02792,IT,IT · Milan,Operations,L2,C,F,1.0,26550,30900,32970.682,29850.9357,34328.5761,38806.2164,0.8592,0.7734,-0.3686,Below,3300.9357,0.0
E02793,DE,DE · Munich,Operations,L1,B,F,1.0,36200,36100,36701.684,41769.5333,48034.9633,54300.3934,1.0028,0.7536,-0.4445,Below,5569.5333,0.0
E02794,DE,DE · Munich,Sales,L1,A,M,1.0,38250,39900,63763.1933,38675.4938,44476.8179,50278.142,0.9586,0.86,-0.0367,Below,425.4938,0.0
E02795,DE,DE · Munich,HR,L2,B,M,1.0,50700,47500,63763.1933,41769.5333,48034.9633,54300.3934,1.0674,1.0555,0.7127,Within,0.0,0.0
E02796,DE,DE · Munich,Customer Service,L6,G,M,1.0,144400,136800,123043.8439,130051.5118,169066.9654,208082.4189,1.0556,0.8541,0.1839,Within,0.0,0.0
E02797,PL,PL · Kraków,Tech,L4,E,M,1.0,54500,55100,34034.3671,32212.9392,38655.527,45098.1148,0.9891,1.4099,1.7297,Above,0.0,9401.8852
E02799,PL,PL · Kraków,Customer Service,L1,B,F,0.8,20200,18900,22098.6552,18287.8798,21031.0617,23774.2437,1.0688,0.9605,0.3485,Within,0.0,0.0
E02800,PL,PL · Kraków,Operations,L3,D,M,1.0,25050,31900,23500.5671,24543.9746,29452.7695,34361.5644,0.7853,0.8505,0.0515,Within,0.0,0.0
E02801,PL,PL · Kraków,Operations,L1,B,M,1.0,20850,20000,17581.1795,18287.8798,21031.0617,23774.2437,1.0425,0.9914,0.467,Within,0.0,0.0
E02802,PL,PL · Kraków,Sales,L4,E,M,1.0,43800,46300,28111.3077,32212.9392,38655.527,45098.1148,0.946,1.1331,0.8993,Within,0.0,0.0
E02804,DE,DE · Munich,Operations,L2,C,F,1.0,48500,45100,47695.8157,45111.096,51877.7604,58644.4248,1.0754,0.9349,0.2504,Within,0.0,0.0
E02805,DE,DE · Munich,Finance,L2,B,F,1.0,53200,52300,63763.1933,41769.5333,48034.9633,54300.3934,1.0172,1.1075,0.9122,Within,0.0,0.0
E02807,ES,ES · Barcelona,Tech,L5,F,M,1.0,88550,90600,67142.552,58289.4759,72861.8449,87434.2139,0.9774,1.2153,1.0383,Above,0.0,1115.7861
E02808,IT,IT · Milan,Operations,L4,E,M,1.0,50600,51900,44423.0257,48685.6742,58422.809,68159.9438,0.975,0.8661,0.0983,Within,0.0,0.0
E02809,PL,PL · Kraków,HR,L5,F,F,1.0,53800,60900,50412.649,42706.1992,53382.7489,64059.2987,0.8834,1.0078,0.5195,Within,0.0,0.0
E02810,IT,IT · Milan,Customer Service,L4,E,M,0.8,51950,49100,44423.0257,48685.6742,58422.809,68159.9438,1.058,0.8892,0.1676,Within,0.0,0.0
E02811,PL,PL · Kraków,Tech,L3,D,M,1.0,37050,42000,34034.3671,24543.9746,29452.7695,34361.5644,0.8821,1.2579,1.2738,Above,0.0,2688.4356
E02813,DE,DE · Munich,Customer Service,L2,C,F,1.0,39800,42800,52281.637,45111.096,51877.7604,58644.4248,0.9299,0.7672,-0.3924,Below,5311.096,0.0
E02814,PL,PL · Kraków,Customer Service,L4,E,M,1.0,38500,39700,28111.3077,32212.9392,38655.527,45098.1148,0.9698,0.996,0.4879,Within,0.0,0.0
E02815,DE,DE · Munich,Customer Service,L4,E,M,1.0,85700,71800,63763.1933,73574.3812,88289.2574,103004.1336,1.1936,0.9707,0.412,Within,0.0,0.0
E02818,IT,IT · Milan,Operations,L2,C,M,1.0,34400,30900,32970.682,29850.9357,34328.5761,38806.2164,1.1133,1.0021,0.508,Within,0.0,0.0
E02819,IT,IT · Milan,Operations,L3,D,F,0.8,36600,39500,32970.682,37095.0301,44514.0361,51933.0421,0.9266,0.8222,-0.0334,Below,396.0241,0.0
E02820,PL,PL · Kraków,Operations,L1,B,M,0.8,20450,20000,17581.1795,18287.8798,21031.0617,23774.2437,1.0225,0.9724,0.3941,Within,0.0,0.0
E02821,DE,DE · Munich,Tech,L1,A,M,1.0,44250,47500,63763.1933,38675.4938,44476.8179,50278.142,0.9316,0.9949,0.4805,Within,0.0,0.0
E02822,ES,ES · Barcelona,HR,L2,B,F,1.0,27700,31200,38450.926,24961.0349,28705.1901,32449.3454,0.8878,0.965,0.3658,Within,0.0,0.0
E02823,DE,DE · Munich,Tech,L2,B,F,1.0,52050,59400,63763.1933,41769.5333,48034.9633,54300.3934,0.8763,1.0836,0.8204,Within,0.0,0.0
E02824,PL,PL · Kraków,Customer Service,L4,E,F,1.0,40600,39700,28111.3077,32212.9392,38655.527,45098.1148,1.0227,1.0503,0.6509,Within,0.0,0.0
E02825,DE,DE · Munich,Sales,L2,C,F,0.8,43950,49900,63763.1933,45111.096,51877.7604,58644.4248,0.8808,0.8472,-0.0858,Below,928.8768,0.0
E02826,PL,PL · Kraków,Finance,L1,A,M,0.8,23900,23100,22098.6552,16933.222,19473.2053,22013.1886,1.0346,1.2273,1.3714,Above,0.0,1509.4491
E02827,PL,PL · Kraków,Customer Service,L1,B,F,1.0,18400,18900,22098.6552,18287.8798,21031.0617,23774.2437,0.9735,0.8749,0.0204,Within,0.0,0.0
E02828,PL,PL · Kraków,Operations,L1,B,M,1.0,21200,20000,17581.1795,18287.8798,21031.0617,23774.2437,1.06,1.008,0.5308,Within,0.0,0.0
E02829,IT,IT · Milan,Sales,L1,A,M,1.0,27600,27300,44423.0257,25592.366,29431.2209,33270.0758,1.011,0.9378,0.2615,Within,0.0,0.0
E02830,ES,ES · Barcelona,Customer Service,L1,B,F,1.0,24100,22500,30175.2075,24961.0349,28705.1901,32449.3454,1.0711,0.8396,-0.115,Below,861.0349,0.0
E02831,ES,ES · Barcelona,Tech,L1,A,F,1.0,34350,31200,38450.926,23112.0694,26578.8798,30045.6902,1.101,1.2924,1.6208,Above,0.0,4304.3098
E02832,DE,DE · Munich,HR,L1,A,F,1.0,43450,38000,52281.637,38675.4938,44476.8179,50278.142,1.1434,0.9769,0.4115,Within,0.0,0.0
E02834,ES,ES · Barcelona,HR,L3,D,F,1.0,30850,40000,49137.1558,33499.9471,40199.9366,46899.926,0.7712,0.7674,-0.1978,Below,2649.9471,0.0
E02836,PL,PL · Kraków,Tech,L1,A,M,1.0,28950,26200,28111.3077,16933.222,19473.2053,22013.1886,1.105,1.4867,2.3655,Above,0.0,6936.8114
E02837,IT,IT · Milan,Customer Service,L1,B,F,1.0,22650,23400,35427.3211,27639.7553,31785.7186,35931.6819,0.9679,0.7126,-0.6018,Below,4989.7553,0.0
E02838,PL,PL · Kraków,Operations,L2,C,M,1.0,27950,24900,23500.5671,19750.9101,22713.5467,25676.1832,1.1225,1.2305,1.3837,Above,0.0,2273.8168
E02839,PL,PL · Kraków,Customer Service,L3,D,F,1.0,28550,30200,22098.6552,24543.9746,29452.7695,34361.5644,0.9454,0.9693,0.408,Within,0.0,0.0
E02840,PL,PL · Kraków,Operations,L6,G,M,1.0,82350,79800,50412.649,56940.2199,74022.2858,91104.3518,1.032,1.1125,0.7438,Within,0.0,0.0
E02842,ES,ES · Barcelona,Tech,L2,B,M,1.0,45150,39100,38450.926,24961.0349,28705.1901,32449.3454,1.1547,1.5729,2.6961,Above,0.0,12700.6546
E02843,PL,PL · Kraków,Sales,L4,E,M,1.0,47000,46300,28111.3077,32212.9392,38655.527,45098.1148,1.0151,1.2159,1.1476,Above,0.0,1901.8852
E02844,DE,DE · Munich,Finance,L2,B,F,1.0,47950,52300,63763.1933,41769.5333,48034.9633,54300.3934,0.9168,0.9982,0.4932,Within,0.0,0.0
E02845,DE,DE · Munich,Customer Service,L1,B,F,1.0,34100,34200,52281.637,41769.5333,48034.9633,54300.3934,0.9971,0.7099,-0.6121,Below,7669.5333,0.0
E02846,DE,DE · Munich,Tech,L3,D,M,1.0,75850,76000,83423.91,56058.4593,67270.1512,78481.843,0.998,1.1275,0.8826,Within,0.0,0.0
E02847,PL,PL · Kraków,Customer Service,L1,B,M,1.0,17550,18900,22098.6552,18287.8798,21031.0617,23774.2437,0.9286,0.8345,-0.1345,Below,737.8798,0.0
E02848,DE,DE · Munich,Customer Service,L2,C,F,1.0,46550,42800,52281.637,45111.096,51877.7604,58644.4248,1.0876,0.8973,0.1063,Within,0.0,0.0
E02849,PL,PL · Kraków,Operations,L2,C,F,1.0,25650,24900,23500.5671,19750.9101,22713.5467,25676.1832,1.0301,1.1293,0.9956,Within,0.0,0.0
E02850,IT,IT · Milan,Tech,L5,F,M,1.0,106600,94200,119149.3884,64544.8739,80681.0924,96817.3109,1.1316,1.3213,1.3031,Above,0.0,9782.6891
E02851,IT,IT · Milan,Operations,L5,F,M,1.0,64450,71600,119149.3884,64544.8739,80681.0924,96817.3109,0.9001,0.7988,-0.0029,Below,94.8739,0.0
E02852,ES,ES · Barcelona,Customer Service,L4,E,F,1.0,43450,47200,38450.926,43967.2783,52760.7339,61554.1896,0.9206,0.8235,-0.0294,Below,517.2783,0.0
E02853,IT,IT · Milan,Sales,L5,F,M,1.0,82300,79200,119149.3884,64544.8739,80681.0924,96817.3109,1.0391,1.0201,0.5502,Within,0.0,0.0
E02854,PL,PL · Kraków,Operations,L1,B,M,1.0,20950,20000,17581.1795,18287.8798,21031.0617,23774.2437,1.0475,0.9961,0.4852,Within,0.0,0.0
E02855,IT,IT · Milan,Operations,L1,B,M,1.0,23950,24700,26363.3765,27639.7553,31785.7186,35931.6819,0.9696,0.7535,-0.445,Below,3689.7553,0.0
E02856,PL,PL · Kraków,Customer Service,L2,C,F,1.0,24950,23600,22098.6552,19750.9101,22713.5467,25676.1832,1.0572,1.0985,0.8774,Within,0.0,0.0
E02857,PL,PL · Kraków,Customer Service,L3,D,F,1.0,34300,30200,22098.6552,24543.9746,29452.7695,34361.5644,1.1358,1.1646,0.9937,Within,0.0,0.0
E02858,PL,PL · Kraków,Customer Service,L2,C,F,1.0,22750,23600,22098.6552,19750.9101,22713.5467,25676.1832,0.964,1.0016,0.5062,Within,0.0,0.0
E02860,ES,ES · Barcelona,Sales,L1,A,M,1.0,29450,26200,38450.926,23112.0694,26578.8798,30045.6902,1.124,1.108,0.9141,Within,0.0,0.0
E02863,IT,IT · Milan,HR,L5,F,F,1.0,65650,75400,119149.3884,64544.8739,80681.0924,96817.3109,0.8707,0.8137,0.0342,Within,0.0,0.0
E02864,DE,DE · Munich,Operations,L1,B,M,1.0,34900,36100,36701.684,41769.5333,48034.9633,54300.3934,0.9668,0.7266,-0.5482,Below,6869.5333,0.0
E02865,DE,DE · Munich,Operations,L4,E,M,1.0,78350,75800,63763.1933,73574.3812,88289.2574,103004.1336,1.0336,0.8874,0.1623,Within,0.0,0.0
E02866,PL,PL · Kraków,Finance,L1,A,M,1.0,24250,23100,22098.6552,16933.222,19473.2053,22013.1886,1.0498,1.2453,1.4403,Above,0.0,2236.8114
E02867,IT,IT · Milan,Customer Service,L3,D,M,0.8,35400,37400,35427.3211,37095.0301,44514.0361,51933.0421,0.9465,0.7953,-0.1142,Below,1356.0241,0.0
E02869,PL,PL · Kraków,Customer Service,L3,D,M,1.0,33250,30200,22098.6552,24543.9746,29452.7695,34361.5644,1.101,1.1289,0.8868,Within,0.0,0.0
E02870,ES,ES · Barcelona,Customer Service,L1,B,F,1.0,22600,22500,30175.2075,24961.0349,28705.1901,32449.3454,1.0044,0.7873,-0.3153,Below,2361.0349,0.0
E02871,PL,PL · Kraków,Operations,L4,E,F,1.0,39800,41900,28111.3077,32212.9392,38655.527,45098.1148,0.9499,1.0296,0.5888,Within,0.0,0.0
E02872,IT,IT · Milan,Sales,L1,A,F,1.0,26400,27300,44423.0257,25592.366,29431.2209,33270.0758,0.967,0.897,0.1052,Within,0.0,0.0
E02873,IT,IT · Milan,Operations,L5,F,M,1.0,75850,71600,119149.3884,64544.8739,80681.0924,96817.3109,1.0594,0.9401,0.3503,Within,0.0,0.0
E02874,DE,DE · Munich,Customer Service,L2,C,M,1.0,43050,42800,52281.637,45111.096,51877.7604,58644.4248,1.0058,0.8298,-0.1523,Below,2061.096,0.0
E02875,PL,PL · Kraków,Sales,L1,A,F,1.0,19850,22000,28111.3077,16933.222,19473.2053,22013.1886,0.9023,1.0193,0.5742,Within,0.0,0.0
E02876,IT,IT · Milan,Customer Service,L1,B,F,1.0,22500,23400,35427.3211,27639.7553,31785.7186,35931.6819,0.9615,0.7079,-0.6199,Below,5139.7553,0.0
E02877,IT,IT · Milan,Operations,L4,E,M,1.0,56950,51900,44423.0257,48685.6742,58422.809,68159.9438,1.0973,0.9748,0.4244,Within,0.0,0.0
E02878,PL,PL · Kraków,Finance,L1,A,M,1.0,22750,23100,22098.6552,16933.222,19473.2053,22013.1886,0.9848,1.1683,1.145,Above,0.0,736.8114
E02879,PL,PL · Kraków,HR,L1,A,M,1.0,21100,21000,22098.6552,16933.222,19473.2053,22013.1886,1.0048,1.0835,0.8202,Within,0.0,0.0
E02880,PL,PL · Kraków,Customer Service,L2,C,F,1.0,22900,23600,22098.6552,19750.9101,22713.5467,25676.1832,0.9703,1.0082,0.5315,Within,0.0,0.0
E02881,IT,IT · Milan,Customer Service,L3,D,F,1.0,37200,37400,35427.3211,37095.0301,44514.0361,51933.0421,0.9947,0.8357,0.0071,Within,0.0,0.0
E02882,DE,DE · Munich,Customer Service,L3,D,F,1.0,53900,54700,52281.637,56058.4593,67270.1512,78481.843,0.9854,0.8012,-0.0963,Below,2158.4593,0.0
E02884,DE,DE · Munich,Customer Service,L3,D,F,1.0,52750,54700,52281.637,56058.4593,67270.1512,78481.843,0.9644,0.7842,-0.1475,Below,3308.4593,0.0
E02885,PL,PL · Kraków,Customer Service,L2,C,F,1.0,27000,23600,22098.6552,19750.9101,22713.5467,25676.1832,1.1441,1.1887,1.2234,Above,0.0,1323.8168
E02886,ES,ES · Barcelona,Customer Service,L2,C,F,1.0,25600,28100,30175.2075,26957.9177,31001.6053,35045.293,0.911,0.8258,-0.1679,Below,1357.9177,0.0
E02887,IT,IT · Milan,HR,L1,A,F,1.0,24700,26000,35427.3211,25592.366,29431.2209,33270.0758,0.95,0.8392,-0.1162,Below,892.366,0.0
E02888,IT,IT · Milan,Operations,L1,B,F,1.0,22850,24700,26363.3765,27639.7553,31785.7186,35931.6819,0.9251,0.7189,-0.5776,Below,4789.7553,0.0
E02889,PL,PL · Kraków,Sales,L1,A,F,1.0,18850,22000,28111.3077,16933.222,19473.2053,22013.1886,0.8568,0.968,0.3773,Within,0.0,0.0
E02891,ES,ES · Barcelona,Operations,L3,D,F,1.0,32850,38000,30735.5619,33499.9471,40199.9366,46899.926,0.8645,0.8172,-0.0485,Below,649.9471,0.0
E02893,IT,IT · Milan,HR,L3,D,F,1.0,34650,41600,45051.5517,37095.0301,44514.0361,51933.0421,0.8329,0.7784,-0.1648,Below,2445.0301,0.0
E02894,PL,PL · Kraków,Tech,L5,F,M,1.0,82750,76100,50412.649,42706.1992,53382.7489,64059.2987,1.0874,1.5501,1.8753,Above,0.0,18690.7013
E02896,IT,IT · Milan,Tech,L5,F,F,1.0,102200,94200,119149.3884,64544.8739,80681.0924,96817.3109,1.0849,1.2667,1.1668,Above,0.0,5382.6891
E02897,DE,DE · Munich,Tech,L3,D,F,1.0,77800,76000,83423.91,56058.4593,67270.1512,78481.843,1.0237,1.1565,0.9696,Within,0.0,0.0
E02898,IT,IT · Milan,Operations,L3,D,F,1.0,44650,39500,32970.682,37095.0301,44514.0361,51933.0421,1.1304,1.0031,0.5092,Within,0.0,0.0
E02899,PL,PL · Kraków,Customer Service,L2,C,M,1.0,22550,23600,22098.6552,19750.9101,22713.5467,25676.1832,0.9555,0.9928,0.4724,Within,0.0,0.0
E02900,DE,DE · Munich,Finance,L2,B,F,1.0,49450,52300,63763.1933,41769.5333,48034.9633,54300.3934,0.9455,1.0295,0.6129,Within,0.0,0.0
E02902,IT,IT · Milan,Finance,L3,D,M,1.0,46600,45800,45051.5517,37095.0301,44514.0361,51933.0421,1.0175,1.0469,0.6406,Within,0.0,0.0
E02903,IT,IT · Milan,Sales,L3,D,M,1.0,45200,43700,44423.0257,37095.0301,44514.0361,51933.0421,1.0343,1.0154,0.5462,Within,0.0,0.0
E02904,PL,PL · Kraków,Operations,L2,C,M,1.0,25300,24900,23500.5671,19750.9101,22713.5467,25676.1832,1.0161,1.1139,0.9365,Within,0.0,0.0
E02905,IT,IT · Milan,Operations,L2,C,M,1.0,29300,30900,32970.682,29850.9357,34328.5761,38806.2164,0.9482,0.8535,-0.0615,Below,550.9357,0.0
E02906,IT,IT · Milan,Operations,L3,D,M,1.0,42450,39500,32970.682,37095.0301,44514.0361,51933.0421,1.0747,0.9536,0.3609,Within,0.0,0.0
E02907,IT,IT · Milan,Tech,L2,B,M,1.0,43050,40600,44423.0257,27639.7553,31785.7186,35931.6819,1.0603,1.3544,1.8585,Above,0.0,7118.3181
E02908,ES,ES · Barcelona,Finance,L2,B,M,1.0,34150,34400,38450.926,24961.0349,28705.1901,32449.3454,0.9927,1.1897,1.2271,Above,0.0,1700.6546
E02909,DE,DE · Munich,Finance,L2,B,M,1.0,56550,52300,63763.1933,41769.5333,48034.9633,54300.3934,1.0813,1.1773,1.1795,Above,0.0,2249.6066
E02912,PL,PL · Kraków,Tech,L5,F,M,1.0,83700,76100,50412.649,42706.1992,53382.7489,64059.2987,1.0999,1.5679,1.9198,Above,0.0,19640.7013
E02913,IT,IT · Milan,Tech,L2,B,F,1.0,27200,40600,44423.0257,27639.7553,31785.7186,35931.6819,0.67,0.8557,-0.053,Below,439.7553,0.0
E02914,DE,DE · Munich,Customer Service,L3,D,F,1.0,58550,54700,52281.637,56058.4593,67270.1512,78481.843,1.0704,0.8704,0.1111,Within,0.0,0.0
E02915,IT,IT · Milan,Customer Service,L3,D,M,1.0,40700,37400,35427.3211,37095.0301,44514.0361,51933.0421,1.0882,0.9143,0.243,Within,0.0,0.0
E02916,IT,IT · Milan,Finance,L2,B,F,1.0,40950,35800,44423.0257,27639.7553,31785.7186,35931.6819,1.1439,1.2883,1.6052,Above,0.0,5018.3181
E02917,DE,DE · Munich,Operations,L4,E,M,1.0,91450,75800,63763.1933,73574.3812,88289.2574,103004.1336,1.2065,1.0358,0.6074,Within,0.0,0.0
E02918,PL,PL · Kraków,Tech,L3,D,M,1.0,45400,42000,34034.3671,24543.9746,29452.7695,34361.5644,1.081,1.5415,2.1244,Above,0.0,11038.4356
E02919,PL,PL · Kraków,Finance,L3,D,M,0.8,33050,37000,34034.3671,24543.9746,29452.7695,34361.5644,0.8932,1.1221,0.8664,Within,0.0,0.0
E02920,IT,IT · Milan,Sales,L2,C,M,1.0,34850,34100,44423.0257,29850.9357,34328.5761,38806.2164,1.022,1.0152,0.5582,Within,0.0,0.0
E02921,DE,DE · Munich,Sales,L1,A,M,1.0,39850,39900,63763.1933,38675.4938,44476.8179,50278.142,0.9987,0.896,0.1012,Within,0.0,0.0
E02923,PL,PL · Kraków,Tech,L2,B,F,1.0,28050,32800,28111.3077,18287.8798,21031.0617,23774.2437,0.8552,1.3337,1.7793,Above,0.0,4275.7563
E02924,PL,PL · Kraków,Tech,L2,B,F,1.0,34850,32800,28111.3077,18287.8798,21031.0617,23774.2437,1.0625,1.6571,3.0188,Above,0.0,11075.7563
E02925,DE,DE · Munich,Finance,L3,D,F,1.0,66550,66900,83423.91,56058.4593,67270.1512,78481.843,0.9948,0.9893,0.4679,Within,0.0,0.0
E02926,DE,DE · Munich,Sales,L2,C,F,1.0,48250,49900,63763.1933,45111.096,51877.7604,58644.4248,0.9669,0.9301,0.2319,Within,0.0,0.0
E02927,IT,IT · Milan,Customer Service,L5,F,M,1.0,70150,67900,119149.3884,64544.8739,80681.0924,96817.3109,1.0331,0.8695,0.1737,Within,0.0,0.0
E02929,ES,ES · Barcelona,Customer Service,L6,G,M,1.0,79700,90000,67142.552,77717.419,101032.6447,124347.8705,0.8856,0.7889,0.0425,Within,0.0,0.0
E02931,DE,DE · Munich,Operations,L3,D,M,1.0,56550,57800,47695.8157,56058.4593,67270.1512,78481.843,0.9784,0.8406,0.0219,Within,0.0,0.0
E02932,PL,PL · Kraków,Finance,L1,A,M,1.0,19800,23100,22098.6552,16933.222,19473.2053,22013.1886,0.8571,1.0168,0.5643,Within,0.0,0.0
E02933,PL,PL · Kraków,Tech,L3,D,M,1.0,39750,42000,34034.3671,24543.9746,29452.7695,34361.5644,0.9464,1.3496,1.5489,Above,0.0,5388.4356
E02934,PL,PL · Kraków,Customer Service,L3,D,F,1.0,32550,30200,22098.6552,24543.9746,29452.7695,34361.5644,1.0778,1.1052,0.8155,Within,0.0,0.0
E02935,IT,IT · Milan,HR,L3,D,F,1.0,39150,41600,45051.5517,37095.0301,44514.0361,51933.0421,0.9411,0.8795,0.1385,Within,0.0,0.0
E02936,ES,ES · Barcelona,Customer Service,L4,E,F,1.0,57350,47200,38450.926,43967.2783,52760.7339,61554.1896,1.215,1.087,0.7609,Within,0.0,0.0
E02937,ES,ES · Barcelona,Customer Service,L5,F,M,1.0,65000,65200,67142.552,58289.4759,72861.8449,87434.2139,0.9969,0.8921,0.2302,Within,0.0,0.0
E02938,DE,DE · Munich,Tech,L5,F,M,1.0,138200,137800,123043.8439,97540.9961,121926.2452,146311.4942,1.0029,1.1335,0.8337,Within,0.0,0.0
E02939,IT,IT · Milan,HR,L1,A,F,0.8,28000,26000,35427.3211,25592.366,29431.2209,33270.0758,1.0769,0.9514,0.3136,Within,0.0,0.0
E02940,PL,PL · Kraków,Operations,L2,C,M,1.0,28600,24900,23500.5671,19750.9101,22713.5467,25676.1832,1.1486,1.2592,1.4934,Above,0.0,2923.8168
E02941,DE,DE · Munich,Tech,L3,D,F,1.0,75850,76000,83423.91,56058.4593,67270.1512,78481.843,0.998,1.1275,0.8826,Within,0.0,0.0
E02942,ES,ES · Barcelona,Sales,L6,G,M,1.0,106800,105000,67142.552,77717.419,101032.6447,124347.8705,1.0171,1.0571,0.6237,Within,0.0,0.0
E02943,PL,PL · Kraków,Tech,L6,G,F,1.0,111800,105000,50412.649,56940.2199,74022.2858,91104.3518,1.0648,1.5104,1.6058,Above,0.0,20695.6482
E02944,IT,IT · Milan,Operations,L4,E,M,1.0,52850,51900,44423.0257,48685.6742,58422.809,68159.9438,1.0183,0.9046,0.2138,Within,0.0,0.0
E02945,PL,PL · Kraków,HR,L1,A,M,1.0,21250,21000,22098.6552,16933.222,19473.2053,22013.1886,1.0119,1.0912,0.8498,Within,0.0,0.0
E02946,ES,ES · Barcelona,HR,L4,E,M,1.0,50500,52500,49137.1558,43967.2783,52760.7339,61554.1896,0.9619,0.9572,0.3715,Within,0.0,0.0
E02947,PL,PL · Kraków,Tech,L1,A,F,1.0,24150,26200,28111.3077,16933.222,19473.2053,22013.1886,0.9218,1.2402,1.4206,Above,0.0,2136.8114
E02948,IT,IT · Milan,Sales,L1,A,F,1.0,26250,27300,44423.0257,25592.366,29431.2209,33270.0758,0.9615,0.8919,0.0857,Within,0.0,0.0
E02949,DE,DE · Munich,Tech,L1,A,F,1.0,48900,47500,63763.1933,38675.4938,44476.8179,50278.142,1.0295,1.0994,0.8812,Within,0.0,0.0
E02950,DE,DE · Munich,Finance,L2,B,M,1.0,46300,52300,63763.1933,41769.5333,48034.9633,54300.3934,0.8853,0.9639,0.3615,Within,0.0,0.0
E02951,IT,IT · Milan,Operations,L6,G,F,1.0,91350,98800,119149.3884,86057.7477,111875.072,137692.3963,0.9246,0.8165,0.1025,Within,0.0,0.0
E02953,DE,DE · Munich,Operations,L2,C,M,0.8,41650,45100,47695.8157,45111.096,51877.7604,58644.4248,0.9235,0.8028,-0.2557,Below,2768.8768,0.0
E02954,ES,ES · Barcelona,Operations,L3,D,F,1.0,41700,38000,30735.5619,33499.9471,40199.9366,46899.926,1.0974,1.0373,0.6119,Within,0.0,0.0
E02955,PL,PL · Kraków,Operations,L1,B,F,0.8,21800,20000,17581.1795,18287.8798,21031.0617,23774.2437,1.09,1.0366,0.6402,Within,0.0,0.0
E02956,PL,PL · Kraków,Sales,L3,D,M,1.0,35800,35300,28111.3077,24543.9746,29452.7695,34361.5644,1.0142,1.2155,1.1465,Above,0.0,1438.4356
E02957,IT,IT · Milan,Operations,L1,B,M,1.0,19850,24700,26363.3765,27639.7553,31785.7186,35931.6819,0.8036,0.6245,-0.9394,Below,7789.7553,0.0
E02958,IT,IT · Milan,Customer Service,L4,E,F,1.0,56250,49100,44423.0257,48685.6742,58422.809,68159.9438,1.1456,0.9628,0.3884,Within,0.0,0.0
E02959,IT,IT · Milan,Customer Service,L2,C,M,1.0,30750,29200,35427.3211,29850.9357,34328.5761,38806.2164,1.0531,0.8958,0.1004,Within,0.0,0.0
E02960,PL,PL · Kraków,Operations,L1,B,M,1.0,18800,20000,17581.1795,18287.8798,21031.0617,23774.2437,0.94,0.8939,0.0933,Within,0.0,0.0
E02961,DE,DE · Munich,Customer Service,L4,E,M,1.0,65100,71800,63763.1933,73574.3812,88289.2574,103004.1336,0.9067,0.7373,-0.288,Below,8474.3812,0.0
E02962,PL,PL · Kraków,Customer Service,L5,F,F,1.0,52650,54800,50412.649,42706.1992,53382.7489,64059.2987,0.9608,0.9863,0.4657,Within,0.0,0.0
E02963,ES,ES · Barcelona,Operations,L1,B,M,0.8,25200,23800,23130.047,24961.0349,28705.1901,32449.3454,1.0588,0.8779,0.0319,Within,0.0,0.0
E02964,PL,PL · Kraków,Customer Service,L1,B,F,1.0,18400,18900,22098.6552,18287.8798,21031.0617,23774.2437,0.9735,0.8749,0.0204,Within,0.0,0.0
E02965,DE,DE · Munich,Operations,L2,C,F,1.0,53050,45100,47695.8157,45111.096,51877.7604,58644.4248,1.1763,1.0226,0.5866,Within,0.0,0.0
E02966,IT,IT · Milan,Customer Service,L2,C,M,1.0,29300,29200,35427.3211,29850.9357,34328.5761,38806.2164,1.0034,0.8535,-0.0615,Below,550.9357,0.0
E02967,PL,PL · Kraków,Customer Service,L2,C,M,1.0,20750,23600,22098.6552,19750.9101,22713.5467,25676.1832,0.8792,0.9136,0.1686,Within,0.0,0.0
E02968,DE,DE · Munich,Operations,L5,F,F,1.0,96800,104700,123043.8439,97540.9961,121926.2452,146311.4942,0.9245,0.7939,-0.0152,Below,740.9961,0.0
E02969,PL,PL · Kraków,Sales,L1,A,M,1.0,21650,22000,28111.3077,16933.222,19473.2053,22013.1886,0.9841,1.1118,0.9285,Within,0.0,0.0
E02970,IT,IT · Milan,Customer Service,L5,F,M,1.0,67200,67900,119149.3884,64544.8739,80681.0924,96817.3109,0.9897,0.8329,0.0823,Within,0.0,0.0
E02971,ES,ES · Barcelona,Finance,L1,A,M,1.0,29050,27500,30175.2075,23112.0694,26578.8798,30045.6902,1.0564,1.093,0.8564,Within,0.0,0.0
E02972,ES,ES · Barcelona,Sales,L3,D,M,1.0,46050,42000,38450.926,33499.9471,40199.9366,46899.926,1.0964,1.1455,0.9366,Within,0.0,0.0
E02973,DE,DE · Munich,Customer Service,L2,C,F,1.0,43350,42800,52281.637,45111.096,51877.7604,58644.4248,1.0129,0.8356,-0.1301,Below,1761.096,0.0
E02974,IT,IT · Milan,Sales,L1,A,F,1.0,24450,27300,44423.0257,25592.366,29431.2209,33270.0758,0.8956,0.8308,-0.1488,Below,1142.366,0.0
E02975,PL,PL · Kraków,Operations,L4,E,F,0.8,36200,41900,28111.3077,32212.9392,38655.527,45098.1148,0.864,0.9365,0.3094,Within,0.0,0.0
E02977,DE,DE · Munich,Operations,L2,C,M,1.0,50200,45100,47695.8157,45111.096,51877.7604,58644.4248,1.1131,0.9677,0.376,Within,0.0,0.0
E02978,IT,IT · Milan,Customer Service,L4,E,M,1.0,46450,49100,44423.0257,48685.6742,58422.809,68159.9438,0.946,0.7951,-0.1148,Below,2235.6742,0.0
E02979,DE,DE · Munich,Customer Service,L3,D,M,0.8,56300,54700,52281.637,56058.4593,67270.1512,78481.843,1.0293,0.8369,0.0108,Within,0.0,0.0
E02981,ES,ES · Barcelona,Customer Service,L2,C,F,1.0,26750,28100,30175.2075,26957.9177,31001.6053,35045.293,0.952,0.8629,-0.0257,Below,207.9177,0.0
E02982,DE,DE · Munich,Sales,L1,A,F,1.0,43100,39900,63763.1933,38675.4938,44476.8179,50278.142,1.0802,0.969,0.3813,Within,0.0,0.0
E02983,IT,IT · Milan,Operations,L2,C,F,1.0,29950,30900,32970.682,29850.9357,34328.5761,38806.2164,0.9693,0.8725,0.0111,Within,0.0,0.0
E02984,ES,ES · Barcelona,HR,L1,A,F,1.0,26250,25000,30175.2075,23112.0694,26578.8798,30045.6902,1.05,0.9876,0.4526,Within,0.0,0.0
E02985,IT,IT · Milan,Customer Service,L2,C,M,1.0,28500,29200,35427.3211,29850.9357,34328.5761,38806.2164,0.976,0.8302,-0.1509,Below,1350.9357,0.0
E02986,PL,PL · Kraków,HR,L2,B,F,1.0,22250,26200,28111.3077,18287.8798,21031.0617,23774.2437,0.8492,1.058,0.7222,Within,0.0,0.0
E02987,PL,PL · Kraków,Sales,L2,C,M,1.0,27850,27600,28111.3077,19750.9101,22713.5467,25676.1832,1.0091,1.2261,1.3669,Above,0.0,2173.8168
E02988,PL,PL · Kraków,Customer Service,L5,F,F,1.0,56500,54800,50412.649,42706.1992,53382.7489,64059.2987,1.031,1.0584,0.646,Within,0.0,0.0
E02989,PL,PL · Kraków,Operations,L1,B,F,1.0,17450,20000,17581.1795,18287.8798,21031.0617,23774.2437,0.8725,0.8297,-0.1527,Below,837.8798,0.0
E02990,PL,PL · Kraków,Tech,L1,A,F,1.0,26550,26200,28111.3077,16933.222,19473.2053,22013.1886,1.0134,1.3634,1.8931,Above,0.0,4536.8114
E02991,ES,ES · Barcelona,Finance,L1,A,F,1.0,29550,27500,30175.2075,23112.0694,26578.8798,30045.6902,1.0745,1.1118,0.9285,Within,0.0,0.0
E02992,PL,PL · Kraków,Operations,L3,D,M,1.0,27300,31900,23500.5671,24543.9746,29452.7695,34361.5644,0.8558,0.9269,0.2807,Within,0.0,0.0
E02993,IT,IT · Milan,HR,L2,B,F,1.0,32900,32500,44423.0257,27639.7553,31785.7186,35931.6819,1.0123,1.0351,0.6344,Within,0.0,0.0
E02994,PL,PL · Kraków,HR,L1,A,M,0.8,18650,21000,22098.6552,16933.222,19473.2053,22013.1886,0.8881,0.9577,0.338,Within,0.0,0.0
E02995,PL,PL · Kraków,Customer Service,L1,B,M,1.0,16700,18900,22098.6552,18287.8798,21031.0617,23774.2437,0.8836,0.7941,-0.2894,Below,1587.8798,0.0
E02996,PL,PL · Kraków,Tech,L1,A,F,1.0,29300,26200,28111.3077,16933.222,19473.2053,22013.1886,1.1183,1.5046,2.4344,Above,0.0,7286.8114
E02997,IT,IT · Milan,Operations,L5,F,M,1.0,75850,71600,119149.3884,64544.8739,80681.0924,96817.3109,1.0594,0.9401,0.3503,Within,0.0,0.0
E02998,IT,IT · Milan,Sales,L2,C,M,1.0,34100,34100,44423.0257,29850.9357,34328.5761,38806.2164,1.0,0.9933,0.4745,Within,0.0,0.0
E03000,PL,PL · Kraków,Sales,L2,C,M,0.8,26150,27600,28111.3077,19750.9101,22713.5467,25676.1832,0.9475,1.1513,1.08,Above,0.0,379.0534
E03001,PL,PL · Kraków,Tech,L2,B,M,1.0,32800,32800,28111.3077,18287.8798,21031.0617,23774.2437,1.0,1.5596,2.6451,Above,0.0,9025.7563
E03002,ES,ES · Barcelona,Customer Service,L4,E,F,1.0,44150,47200,38450.926,43967.2783,52760.7339,61554.1896,0.9354,0.8368,0.0104,Within,0.0,0.0
E03003,PL,PL · Kraków,Tech,L1,A,F,1.0,26750,26200,28111.3077,16933.222,19473.2053,22013.1886,1.021,1.3737,1.9324,Above,0.0,4736.8114
E03004,DE,DE · Munich,Operations,L1,B,M,1.0,37200,36100,36701.684,41769.5333,48034.9633,54300.3934,1.0305,0.7744,-0.3647,Below,4569.5333,0.0
E03005,PL,PL · Kraków,Customer Service,L3,D,F,0.8,31250,30200,22098.6552,24543.9746,29452.7695,34361.5644,1.0348,1.061,0.6831,Within,0.0,0.0
E03006,PL,PL · Kraków,Finance,L1,A,F,1.0,23550,23100,22098.6552,16933.222,19473.2053,22013.1886,1.0195,1.2094,1.3025,Above,0.0,1536.8114
E03007,PL,PL · Kraków,Operations,L2,C,M,1.0,22250,24900,23500.5671,19750.9101,22713.5467,25676.1832,0.8936,0.9796,0.4218,Within,0.0,0.0
E03008,ES,ES · Barcelona,Tech,L1,A,M,0.8,28850,31200,38450.926,23112.0694,26578.8798,30045.6902,0.9247,1.0854,0.8276,Within,0.0,0.0
E03009,IT,IT · Milan,Operations,L4,E,F,1.0,53150,51900,44423.0257,48685.6742,58422.809,68159.9438,1.0241,0.9097,0.2292,Within,0.0,0.0
E03010,IT,IT · Milan,Finance,L1,A,F,1.0,27750,28600,35427.3211,25592.366,29431.2209,33270.0758,0.9703,0.9429,0.281,Within,0.0,0.0
E03011,DE,DE · Munich,Customer Service,L1,B,F,1.0,38800,34200,52281.637,41769.5333,48034.9633,54300.3934,1.1345,0.8077,-0.237,Below,2969.5333,0.0
E03012,PL,PL · Kraków,HR,L1,A,F,1.0,20800,21000,22098.6552,16933.222,19473.2053,22013.1886,0.9905,1.0681,0.7612,Within,0.0,0.0
E03013,DE,DE · Munich,Finance,L4,E,M,1.0,107300,87800,83423.91,73574.3812,88289.2574,103004.1336,1.2221,1.2153,1.146,Above,0.0,4295.8664
E03016,PL,PL · Kraków,Customer Service,L3,D,M,1.0,29050,30200,22098.6552,24543.9746,29452.7695,34361.5644,0.9619,0.9863,0.459,Within,0.0,0.0
E03017,PL,PL · Kraków,Sales,L2,C,F,1.0,26500,27600,28111.3077,19750.9101,22713.5467,25676.1832,0.9601,1.1667,1.139,Above,0.0,823.8168
E03018,IT,IT · Milan,Customer Service,L3,D,M,1.0,38250,37400,35427.3211,37095.0301,44514.0361,51933.0421,1.0227,0.8593,0.0778,Within,0.0,0.0
E03019,IT,IT · Milan,Tech,L2,B,F,1.0,45000,40600,44423.0257,27639.7553,31785.7186,35931.6819,1.1084,1.4157,2.0936,Above,0.0,9068.3181
E03020,PL,PL · Kraków,Tech,L3,D,F,1.0,39050,42000,34034.3671,24543.9746,29452.7695,34361.5644,0.9298,1.3259,1.4776,Above,0.0,4688.4356
E03022,IT,IT · Milan,Tech,L3,D,M,1.0,52650,52000,45051.5517,37095.0301,44514.0361,51933.0421,1.0125,1.1828,1.0483,Above,0.0,716.9579
E03024,PL,PL · Kraków,Operations,L1,B,F,1.0,20550,20000,17581.1795,18287.8798,21031.0617,23774.2437,1.0275,0.9771,0.4123,Within,0.0,0.0
E03025,IT,IT · Milan,Customer Service,L2,C,F,1.0,27400,29200,35427.3211,29850.9357,34328.5761,38806.2164,0.9384,0.7982,-0.2737,Below,2450.9357,0.0
E03026,IT,IT · Milan,Tech,L2,B,F,1.0,43100,40600,44423.0257,27639.7553,31785.7186,35931.6819,1.0616,1.356,1.8645,Above,0.0,7168.3181
E03027,ES,ES · Barcelona,Customer Service,L2,C,F,1.0,27100,28100,30175.2075,26957.9177,31001.6053,35045.293,0.9644,0.8741,0.0176,Within,0.0,0.0
E03028,PL,PL · Kraków,Finance,L5,F,M,1.0,76700,67000,50412.649,42706.1992,53382.7489,64059.2987,1.1448,1.4368,1.592,Above,0.0,12640.7013
E03029,DE,DE · Munich,Customer Service,L3,D,F,1.0,56550,54700,52281.637,56058.4593,67270.1512,78481.843,1.0338,0.8406,0.0219,Within,0.0,0.0
E03031,DE,DE · Munich,Operations,L1,B,M,1.0,29700,36100,36701.684,41769.5333,48034.9633,54300.3934,0.8227,0.6183,-0.9632,Below,12069.5333,0.0
E03032,DE,DE · Munich,Tech,L4,E,F,1.0,101800,99800,83423.91,73574.3812,88289.2574,103004.1336,1.02,1.153,0.9591,Within,0.0,0.0
E03033,ES,ES · Barcelona,Sales,L3,D,M,0.8,40850,42000,38450.926,33499.9471,40199.9366,46899.926,0.9726,1.0162,0.5485,Within,0.0,0.0
E03034,IT,IT · Milan,Customer Service,L6,G,F,1.0,68950,93600,119149.3884,86057.7477,111875.072,137692.3963,0.7366,0.6163,-0.3313,Below,17107.7477,0.0
E03035,DE,DE · Munich,Finance,L1,A,M,1.0,40900,41800,52281.637,38675.4938,44476.8179,50278.142,0.9785,0.9196,0.1917,Within,0.0,0.0
E03036,DE,DE · Munich,Customer Service,L2,C,F,1.0,44250,42800,52281.637,45111.096,51877.7604,58644.4248,1.0339,0.853,-0.0636,Below,861.096,0.0
E03037,PL,PL · Kraków,Tech,L2,B,M,1.0,35800,32800,28111.3077,18287.8798,21031.0617,23774.2437,1.0915,1.7022,3.1919,Above,0.0,12025.7563
E03038,PL,PL · Kraków,Operations,L2,C,F,1.0,19400,24900,23500.5671,19750.9101,22713.5467,25676.1832,0.7791,0.8541,-0.0592,Below,350.9101,0.0
E03039,IT,IT · Milan,Finance,L6,G,M,1.0,110100,114400,119149.3884,86057.7477,111875.072,137692.3963,0.9624,0.9841,0.4656,Within,0.0,0.0
E03041,PL,PL · Kraków,Customer Service,L3,D,F,1.0,23050,30200,22098.6552,24543.9746,29452.7695,34361.5644,0.7632,0.7826,-0.1522,Below,1493.9746,0.0
E03042,DE,DE · Munich,Customer Service,L1,B,F,1.0,35400,34200,52281.637,41769.5333,48034.9633,54300.3934,1.0351,0.737,-0.5083,Below,6369.5333,0.0
E03043,IT,IT · Milan,Operations,L3,D,F,1.0,40450,39500,32970.682,37095.0301,44514.0361,51933.0421,1.0241,0.9087,0.2261,Within,0.0,0.0
E03046,PL,PL · Kraków,Tech,L3,D,M,1.0,39950,42000,34034.3671,24543.9746,29452.7695,34361.5644,0.9512,1.3564,1.5692,Above,0.0,5588.4356
E03049,PL,PL · Kraków,Tech,L2,B,M,1.0,32550,32800,28111.3077,18287.8798,21031.0617,23774.2437,0.9924,1.5477,2.5996,Above,0.0,8775.7563
E03051,PL,PL · Kraków,Tech,L3,D,M,1.0,39600,42000,34034.3671,24543.9746,29452.7695,34361.5644,0.9429,1.3445,1.5336,Above,0.0,5238.4356
E03053,IT,IT · Milan,Customer Service,L2,C,F,1.0,25400,29200,35427.3211,29850.9357,34328.5761,38806.2164,0.8699,0.7399,-0.497,Below,4450.9357,0.0
E03054,PL,PL · Kraków,Sales,L3,D,M,1.0,37100,35300,28111.3077,24543.9746,29452.7695,34361.5644,1.051,1.2596,1.2789,Above,0.0,2738.4356
E03055,PL,PL · Kraków,Operations,L1,B,F,1.0,21800,20000,17581.1795,18287.8798,21031.0617,23774.2437,1.09,1.0366,0.6402,Within,0.0,0.0
E03057,IT,IT · Milan,Tech,L2,B,M,1.0,43000,40600,44423.0257,27639.7553,31785.7186,35931.6819,1.0591,1.3528,1.8524,Above,0.0,7068.3181
E03058,PL,PL · Kraków,Customer Service,L2,C,F,1.0,20050,23600,22098.6552,19750.9101,22713.5467,25676.1832,0.8496,0.8827,0.0505,Within,0.0,0.0
E03059,PL,PL · Kraków,Operations,L1,B,F,1.0,17250,20000,17581.1795,18287.8798,21031.0617,23774.2437,0.8625,0.8202,-0.1892,Below,1037.8798,0.0
E03060,DE,DE · Munich,Operations,L1,B,M,1.0,41700,36100,36701.684,41769.5333,48034.9633,54300.3934,1.1551,0.8681,-0.0055,Below,69.5333,0.0
E03061,PL,PL · Kraków,Operations,L3,D,M,1.0,36750,31900,23500.5671,24543.9746,29452.7695,34361.5644,1.152,1.2478,1.2433,Above,0.0,2388.4356
E03062,ES,ES · Barcelona,Tech,L4,E,F,1.0,64750,65600,49137.1558,43967.2783,52760.7339,61554.1896,0.987,1.2272,1.1817,Above,0.0,3195.8104
E03063,DE,DE · Munich,Customer Service,L4,E,M,1.0,65400,71800,63763.1933,73574.3812,88289.2574,103004.1336,0.9109,0.7407,-0.2778,Below,8174.3812,0.0
E03064,PL,PL · Kraków,Operations,L1,B,F,1.0,16900,20000,17581.1795,18287.8798,21031.0617,23774.2437,0.845,0.8036,-0.253,Below,1387.8798,0.0
E03065,IT,IT · Milan,Finance,L3,D,F,1.0,49600,45800,45051.5517,37095.0301,44514.0361,51933.0421,1.083,1.1143,0.8428,Within,0.0,0.0
E03069,PL,PL · Kraków,Operations,L2,C,M,1.0,25700,24900,23500.5671,19750.9101,22713.5467,25676.1832,1.0321,1.1315,1.004,Above,0.0,23.8168
E03070,IT,IT · Milan,Sales,L1,A,F,1.0,26800,27300,44423.0257,25592.366,29431.2209,33270.0758,0.9817,0.9106,0.1573,Within,0.0,0.0
E03072,PL,PL · Kraków,Tech,L1,A,F,0.8,23950,26200,28111.3077,16933.222,19473.2053,22013.1886,0.9141,1.2299,1.3813,Above,0.0,1549.4491
E03073,DE,DE · Munich,Customer Service,L2,C,M,1.0,42350,42800,52281.637,45111.096,51877.7604,58644.4248,0.9895,0.8163,-0.204,Below,2761.096,0.0
E03074,PL,PL · Kraków,Tech,L1,A,M,1.0,28300,26200,28111.3077,16933.222,19473.2053,22013.1886,1.0802,1.4533,2.2376,Above,0.0,6286.8114
E03075,DE,DE · Munich,Sales,L3,D,M,1.0,60100,63800,63763.1933,56058.4593,67270.1512,78481.843,0.942,0.8934,0.1802,Within,0.0,0.0
E03076,IT,IT · Milan,Customer Service,L4,E,F,1.0,44850,49100,44423.0257,48685.6742,58422.809,68159.9438,0.9134,0.7677,-0.197,Below,3835.6742,0.0
E03077,PL,PL · Kraków,Customer Service,L5,F,M,1.0,52700,54800,50412.649,42706.1992,53382.7489,64059.2987,0.9617,0.9872,0.468,Within,0.0,0.0
E03078,IT,IT · Milan,Tech,L2,B,M,1.0,46100,40600,44423.0257,27639.7553,31785.7186,35931.6819,1.1355,1.4503,2.2263,Above,0.0,10168.3181
E03079,IT,IT · Milan,Tech,L1,A,M,1.0,30700,32500,44423.0257,25592.366,29431.2209,33270.0758,0.9446,1.0431,0.6653,Within,0.0,0.0
E03080,ES,ES · Barcelona,Tech,L1,A,M,1.0,33400,31200,38450.926,23112.0694,26578.8798,30045.6902,1.0705,1.2566,1.4838,Above,0.0,3354.3098
E03082,PL,PL · Kraków,Tech,L5,F,M,1.0,79700,76100,50412.649,42706.1992,53382.7489,64059.2987,1.0473,1.493,1.7325,Above,0.0,15640.7013
E03083,IT,IT · Milan,HR,L1,A,F,1.0,24450,26000,35427.3211,25592.366,29431.2209,33270.0758,0.9404,0.8308,-0.1488,Below,1142.366,0.0
E03084,DE,DE · Munich,Operations,L2,C,M,1.0,43550,45100,47695.8157,45111.096,51877.7604,58644.4248,0.9656,0.8395,-0.1154,Below,1561.096,0.0
E03085,PL,PL · Kraków,Operations,L5,F,M,1.0,53550,57900,50412.649,42706.1992,53382.7489,64059.2987,0.9249,1.0031,0.5078,Within,0.0,0.0
E03086,PL,PL · Kraków,Tech,L1,A,F,1.0,24650,26200,28111.3077,16933.222,19473.2053,22013.1886,0.9408,1.2658,1.5191,Above,0.0,2636.8114
E03087,PL,PL · Kraków,Operations,L3,D,M,1.0,29100,31900,23500.5671,24543.9746,29452.7695,34361.5644,0.9122,0.988,0.4641,Within,0.0,0.0
E03088,PL,PL · Kraków,Customer Service,L2,C,M,1.0,24850,23600,22098.6552,19750.9101,22713.5467,25676.1832,1.053,1.0941,0.8606,Within,0.0,0.0
E03089,PL,PL · Kraków,Operations,L2,C,M,1.0,26900,24900,23500.5671,19750.9101,22713.5467,25676.1832,1.0803,1.1843,1.2065,Above,0.0,1223.8168
E03090,ES,ES · Barcelona,Customer Service,L4,E,F,1.0,51200,47200,38450.926,43967.2783,52760.7339,61554.1896,1.0847,0.9704,0.4113,Within,0.0,0.0
E03091,ES,ES · Barcelona,Tech,L1,A,M,1.0,27650,31200,38450.926,23112.0694,26578.8798,30045.6902,0.8862,1.0403,0.6545,Within,0.0,0.0
E03092,PL,PL · Kraków,Operations,L4,E,F,1.0,44750,41900,28111.3077,32212.9392,38655.527,45098.1148,1.068,1.1577,0.973,Within,0.0,0.0
E03093,ES,ES · Barcelona,Customer Service,L1,B,M,0.8,19750,22500,30175.2075,24961.0349,28705.1901,32449.3454,0.8778,0.688,-0.6959,Below,4168.8279,0.0
E03095,DE,DE · Munich,Sales,L2,C,F,1.0,51050,49900,63763.1933,45111.096,51877.7604,58644.4248,1.023,0.984,0.4388,Within,0.0,0.0
E03096,ES,ES · Barcelona,Customer Service,L2,C,M,1.0,30100,28100,30175.2075,26957.9177,31001.6053,35045.293,1.0712,0.9709,0.3885,Within,0.0,0.0
E03097,ES,ES · Barcelona,Customer Service,L2,C,M,1.0,31850,28100,30175.2075,26957.9177,31001.6053,35045.293,1.1335,1.0274,0.6049,Within,0.0,0.0
E03098,IT,IT · Milan,Customer Service,L1,B,F,1.0,25000,23400,35427.3211,27639.7553,31785.7186,35931.6819,1.0684,0.7865,-0.3184,Below,2639.7553,0.0
E03099,DE,DE · Munich,Operations,L2,C,M,1.0,48700,45100,47695.8157,45111.096,51877.7604,58644.4248,1.0798,0.9387,0.2652,Within,0.0,0.0
E03100,DE,DE · Munich,Operations,L4,E,F,1.0,77650,75800,63763.1933,73574.3812,88289.2574,103004.1336,1.0244,0.8795,0.1385,Within,0.0,0.0
E03101,ES,ES · Barcelona,Operations,L2,C,M,1.0,26650,29700,30735.5619,26957.9177,31001.6053,35045.293,0.8973,0.8596,-0.0381,Below,307.9177,0.0
E03102,DE,DE · Munich,Customer Service,L1,B,M,1.0,33100,34200,52281.637,41769.5333,48034.9633,54300.3934,0.9678,0.6891,-0.6919,Below,8669.5333,0.0
E03104,IT,IT · Milan,Customer Service,L3,D,F,1.0,40750,37400,35427.3211,37095.0301,44514.0361,51933.0421,1.0896,0.9154,0.2463,Within,0.0,0.0
E03105,PL,PL · Kraków,Customer Service,L2,C,M,1.0,23800,23600,22098.6552,19750.9101,22713.5467,25676.1832,1.0085,1.0478,0.6834,Within,0.0,0.0
E03106,ES,ES · Barcelona,Tech,L1,A,F,1.0,24900,31200,38450.926,23112.0694,26578.8798,30045.6902,0.7981,0.9368,0.2579,Within,0.0,0.0
E03107,PL,PL · Kraków,Tech,L1,A,M,1.0,28750,26200,28111.3077,16933.222,19473.2053,22013.1886,1.0973,1.4764,2.3262,Above,0.0,6736.8114
E03108,IT,IT · Milan,Customer Service,L5,F,F,1.0,71200,67900,119149.3884,64544.8739,80681.0924,96817.3109,1.0486,0.8825,0.2062,Within,0.0,0.0
E03109,IT,IT · Milan,Finance,L3,D,F,0.8,47500,45800,45051.5517,37095.0301,44514.0361,51933.0421,1.0371,1.0671,0.7012,Within,0.0,0.0
E03110,DE,DE · Munich,HR,L4,E,F,1.0,72450,79800,83423.91,73574.3812,88289.2574,103004.1336,0.9079,0.8206,-0.0382,Below,1124.3812,0.0
E03111,ES,ES · Barcelona,Tech,L2,B,F,0.8,29100,39100,38450.926,24961.0349,28705.1901,32449.3454,0.7442,1.0138,0.5527,Within,0.0,0.0
E03112,ES,ES · Barcelona,Operations,L1,B,M,1.0,27750,23800,23130.047,24961.0349,28705.1901,32449.3454,1.166,0.9667,0.3724,Within,0.0,0.0
E03113,IT,IT · Milan,Customer Service,L2,C,M,1.0,31250,29200,35427.3211,29850.9357,34328.5761,38806.2164,1.0702,0.9103,0.1562,Within,0.0,0.0
E03114,DE,DE · Munich,Operations,L5,F,M,1.0,114400,104700,123043.8439,97540.9961,121926.2452,146311.4942,1.0926,0.9383,0.3457,Within,0.0,0.0
E03115,IT,IT · Milan,Customer Service,L1,B,F,1.0,22200,23400,35427.3211,27639.7553,31785.7186,35931.6819,0.9487,0.6984,-0.656,Below,5439.7553,0.0
E03116,PL,PL · Kraków,Operations,L1,B,F,1.0,15000,20000,17581.1795,18287.8798,21031.0617,23774.2437,0.75,0.7132,-0.5993,Below,3287.8798,0.0
E03117,PL,PL · Kraków,Operations,L1,B,F,1.0,20100,20000,17581.1795,18287.8798,21031.0617,23774.2437,1.005,0.9557,0.3303,Within,0.0,0.0
E03118,PL,PL · Kraków,Tech,L2,B,F,1.0,32150,32800,28111.3077,18287.8798,21031.0617,23774.2437,0.9802,1.5287,2.5266,Above,0.0,8375.7563
E03119,DE,DE · Munich,Sales,L3,D,M,1.0,68700,63800,63763.1933,56058.4593,67270.1512,78481.843,1.0768,1.0213,0.5638,Within,0.0,0.0
E03120,DE,DE · Munich,Customer Service,L1,B,M,1.0,33100,34200,52281.637,41769.5333,48034.9633,54300.3934,0.9678,0.6891,-0.6919,Below,8669.5333,0.0
E03121,DE,DE · Munich,Customer Service,L1,B,M,1.0,31800,34200,52281.637,41769.5333,48034.9633,54300.3934,0.9298,0.662,-0.7956,Below,9969.5333,0.0
E03123,DE,DE · Munich,HR,L2,B,F,1.0,51200,47500,63763.1933,41769.5333,48034.9633,54300.3934,1.0779,1.0659,0.7526,Within,0.0,0.0
E03124,PL,PL · Kraków,HR,L1,A,F,1.0,17950,21000,22098.6552,16933.222,19473.2053,22013.1886,0.8548,0.9218,0.2002,Within,0.0,0.0
E03125,PL,PL · Kraków,Customer Service,L1,B,M,1.0,19300,18900,22098.6552,18287.8798,21031.0617,23774.2437,1.0212,0.9177,0.1845,Within,0.0,0.0
E03126,IT,IT · Milan,Customer Service,L4,E,F,1.0,48350,49100,44423.0257,48685.6742,58422.809,68159.9438,0.9847,0.8276,-0.0172,Below,335.6742,0.0
E03127,PL,PL · Kraków,Customer Service,L3,D,F,1.0,31100,30200,22098.6552,24543.9746,29452.7695,34361.5644,1.0298,1.0559,0.6678,Within,0.0,0.0
E03128,PL,PL · Kraków,Operations,L5,F,M,1.0,51550,57900,50412.649,42706.1992,53382.7489,64059.2987,0.8903,0.9657,0.4142,Within,0.0,0.0
E03129,IT,IT · Milan,Operations,L2,C,F,1.0,31350,30900,32970.682,29850.9357,34328.5761,38806.2164,1.0146,0.9132,0.1674,Within,0.0,0.0
E03131,IT,IT · Milan,Customer Service,L1,B,M,1.0,22450,23400,35427.3211,27639.7553,31785.7186,35931.6819,0.9594,0.7063,-0.6259,Below,5189.7553,0.0
E03132,DE,DE · Munich,Operations,L3,D,M,1.0,55850,57800,47695.8157,56058.4593,67270.1512,78481.843,0.9663,0.8302,-0.0093,Below,208.4593,0.0
E03133,IT,IT · Milan,Tech,L2,B,F,1.0,45550,40600,44423.0257,27639.7553,31785.7186,35931.6819,1.1219,1.433,2.16,Above,0.0,9618.3181
E03134,DE,DE · Munich,Operations,L3,D,M,1.0,54350,57800,47695.8157,56058.4593,67270.1512,78481.843,0.9403,0.8079,-0.0762,Below,1708.4593,0.0
E03135,ES,ES · Barcelona,Operations,L3,D,M,1.0,36300,38000,30735.5619,33499.9471,40199.9366,46899.926,0.9553,0.903,0.209,Within,0.0,0.0
E03137,IT,IT · Milan,Tech,L2,B,F,1.0,41350,40600,44423.0257,27639.7553,31785.7186,35931.6819,1.0185,1.3009,1.6534,Above,0.0,5418.3181
E03138,IT,IT · Milan,Tech,L5,F,M,1.0,102550,94200,119149.3884,64544.8739,80681.0924,96817.3109,1.0886,1.2711,1.1776,Above,0.0,5732.6891
E03139,DE,DE · Munich,Operations,L6,G,M,1.0,142050,144400,123043.8439,130051.5118,169066.9654,208082.4189,0.9837,0.8402,0.1538,Within,0.0,0.0
E03140,DE,DE · Munich,Operations,L3,D,M,1.0,56100,57800,47695.8157,56058.4593,67270.1512,78481.843,0.9706,0.834,0.0019,Within,0.0,0.0
E03141,IT,IT · Milan,Finance,L3,D,M,1.0,50950,45800,45051.5517,37095.0301,44514.0361,51933.0421,1.1124,1.1446,0.9337,Within,0.0,0.0
E03142,PL,PL · Kraków,Finance,L4,E,M,0.8,54450,48500,34034.3671,32212.9392,38655.527,45098.1148,1.1227,1.4086,1.7258,Above,0.0,7481.5081
E03143,DE,DE · Munich,Tech,L1,A,F,1.0,46950,47500,63763.1933,38675.4938,44476.8179,50278.142,0.9884,1.0556,0.7132,Within,0.0,0.0
E03144,DE,DE · Munich,Customer Service,L1,B,F,1.0,29650,34200,52281.637,41769.5333,48034.9633,54300.3934,0.867,0.6173,-0.9672,Below,12119.5333,0.0
E03145,IT,IT · Milan,Tech,L1,A,M,1.0,32000,32500,44423.0257,25592.366,29431.2209,33270.0758,0.9846,1.0873,0.8346,Within,0.0,0.0
E03146,ES,ES · Barcelona,Customer Service,L1,B,F,1.0,20200,22500,30175.2075,24961.0349,28705.1901,32449.3454,0.8978,0.7037,-0.6358,Below,4761.0349,0.0
E03147,IT,IT · Milan,Finance,L6,G,M,1.0,111500,114400,119149.3884,86057.7477,111875.072,137692.3963,0.9747,0.9966,0.4927,Within,0.0,0.0
E03148,PL,PL · Kraków,Customer Service,L1,B,F,1.0,17400,18900,22098.6552,18287.8798,21031.0617,23774.2437,0.9206,0.8273,-0.1618,Below,887.8798,0.0
E03149,PL,PL · Kraków,Tech,L1,A,F,1.0,28000,26200,28111.3077,16933.222,19473.2053,22013.1886,1.0687,1.4379,2.1785,Above,0.0,5986.8114
E03150,ES,ES · Barcelona,Sales,L6,G,M,1.0,106400,105000,67142.552,77717.419,101032.6447,124347.8705,1.0133,1.0531,0.6151,Within,0.0,0.0
E03151,PL,PL · Kraków,Tech,L2,B,M,1.0,28950,32800,28111.3077,18287.8798,21031.0617,23774.2437,0.8826,1.3765,1.9434,Above,0.0,5175.7563
E03152,IT,IT · Milan,Sales,L3,D,F,1.0,42400,43700,44423.0257,37095.0301,44514.0361,51933.0421,0.9703,0.9525,0.3575,Within,0.0,0.0
E03153,DE,DE · Munich,Finance,L2,B,F,1.0,54900,52300,63763.1933,41769.5333,48034.9633,54300.3934,1.0497,1.1429,1.0479,Above,0.0,599.6066
E03154,PL,PL · Kraków,Sales,L3,D,F,1.0,31350,35300,28111.3077,24543.9746,29452.7695,34361.5644,0.8881,1.0644,0.6932,Within,0.0,0.0
E03155,DE,DE · Munich,Finance,L1,A,M,1.0,40750,41800,52281.637,38675.4938,44476.8179,50278.142,0.9749,0.9162,0.1788,Within,0.0,0.0
E03157,PL,PL · Kraków,Customer Service,L5,F,F,1.0,52150,54800,50412.649,42706.1992,53382.7489,64059.2987,0.9516,0.9769,0.4423,Within,0.0,0.0
E03158,IT,IT · Milan,Finance,L4,E,M,1.0,56100,60100,45051.5517,48685.6742,58422.809,68159.9438,0.9334,0.9602,0.3807,Within,0.0,0.0
E03159,IT,IT · Milan,Finance,L1,A,M,1.0,29650,28600,35427.3211,25592.366,29431.2209,33270.0758,1.0367,1.0074,0.5285,Within,0.0,0.0
E03162,DE,DE · Munich,Customer Service,L5,F,M,1.0,101400,99200,123043.8439,97540.9961,121926.2452,146311.4942,1.0222,0.8317,0.0791,Within,0.0,0.0
E03163,IT,IT · Milan,Finance,L5,F,M,1.0,83550,82900,119149.3884,64544.8739,80681.0924,96817.3109,1.0078,1.0356,0.5889,Within,0.0,0.0
E03164,PL,PL · Kraków,Sales,L2,C,M,1.0,27900,27600,28111.3077,19750.9101,22713.5467,25676.1832,1.0109,1.2283,1.3753,Above,0.0,2223.8168
E03165,IT,IT · Milan,Operations,L1,B,M,1.0,23250,24700,26363.3765,27639.7553,31785.7186,35931.6819,0.9413,0.7315,-0.5294,Below,4389.7553,0.0
E03166,IT,IT · Milan,Operations,L3,D,M,1.0,39800,39500,32970.682,37095.0301,44514.0361,51933.0421,1.0076,0.8941,0.1823,Within,0.0,0.0
E03167,PL,PL · Kraków,HR,L2,B,F,0.8,29750,26200,28111.3077,18287.8798,21031.0617,23774.2437,1.1355,1.4146,2.0892,Above,0.0,4780.605
E03168,IT,IT · Milan,Finance,L2,B,F,1.0,35900,35800,44423.0257,27639.7553,31785.7186,35931.6819,1.0028,1.1294,0.9962,Within,0.0,0.0
E03169,PL,PL · Kraków,Customer Service,L6,G,M,1.0,68950,75600,50412.649,56940.2199,74022.2858,91104.3518,0.912,0.9315,0.3515,Within,0.0,0.0
E03170,PL,PL · Kraków,Customer Service,L2,C,F,1.0,23000,23600,22098.6552,19750.9101,22713.5467,25676.1832,0.9746,1.0126,0.5483,Within,0.0,0.0
E03171,PL,PL · Kraków,Operations,L4,E,M,1.0,44400,41900,28111.3077,32212.9392,38655.527,45098.1148,1.0597,1.1486,0.9458,Within,0.0,0.0
E03172,ES,ES · Barcelona,Customer Service,L1,B,M,0.8,19400,22500,30175.2075,24961.0349,28705.1901,32449.3454,0.8622,0.6758,-0.7426,Below,4448.8279,0.0
E03173,PL,PL · Kraków,Operations,L2,C,F,1.0,22950,24900,23500.5671,19750.9101,22713.5467,25676.1832,0.9217,1.0104,0.5399,Within,0.0,0.0
E03175,PL,PL · Kraków,Customer Service,L1,B,M,1.0,18150,18900,22098.6552,18287.8798,21031.0617,23774.2437,0.9603,0.863,-0.0251,Below,137.8798,0.0
E03176,PL,PL · Kraków,Operations,L5,F,F,0.8,54150,57900,50412.649,42706.1992,53382.7489,64059.2987,0.9352,1.0144,0.5359,Within,0.0,0.0
E03178,PL,PL · Kraków,Sales,L3,D,M,1.0,32200,35300,28111.3077,24543.9746,29452.7695,34361.5644,0.9122,1.0933,0.7798,Within,0.0,0.0
E03179,IT,IT · Milan,Operations,L1,B,M,1.0,22750,24700,26363.3765,27639.7553,31785.7186,35931.6819,0.9211,0.7157,-0.5897,Below,4889.7553,0.0
E03180,IT,IT · Milan,HR,L2,B,M,1.0,33450,32500,44423.0257,27639.7553,31785.7186,35931.6819,1.0292,1.0524,0.7007,Within,0.0,0.0
E03181,DE,DE · Munich,Sales,L2,C,F,0.8,56400,49900,63763.1933,45111.096,51877.7604,58644.4248,1.1303,1.0872,0.8342,Within,0.0,0.0
E03182,PL,PL · Kraków,Customer Service,L3,D,F,1.0,29900,30200,22098.6552,24543.9746,29452.7695,34361.5644,0.9901,1.0152,0.5456,Within,0.0,0.0
E03184,ES,ES · Barcelona,Tech,L2,B,M,1.0,40550,39100,38450.926,24961.0349,28705.1901,32449.3454,1.0371,1.4126,2.0818,Above,0.0,8100.6546
E03185,ES,ES · Barcelona,Sales,L3,D,M,1.0,38350,42000,38450.926,33499.9471,40199.9366,46899.926,0.9131,0.954,0.3619,Within,0.0,0.0
E03187,DE,DE · Munich,Customer Service,L1,B,F,1.0,29150,34200,52281.637,41769.5333,48034.9633,54300.3934,0.8523,0.6068,-1.0071,Below,12619.5333,0.0
E03188,ES,ES · Barcelona,Customer Service,L1,B,M,1.0,16600,22500,30175.2075,24961.0349,28705.1901,32449.3454,0.7378,0.5783,-1.1165,Below,8361.0349,0.0
E03189,DE,DE · Munich,Operations,L3,D,M,1.0,67100,57800,47695.8157,56058.4593,67270.1512,78481.843,1.1609,0.9975,0.4924,Within,0.0,0.0
E03190,IT,IT · Milan,Tech,L5,F,M,1.0,87700,94200,119149.3884,64544.8739,80681.0924,96817.3109,0.931,1.087,0.7175,Within,0.0,0.0
E03191,PL,PL · Kraków,Operations,L2,C,F,1.0,26900,24900,23500.5671,19750.9101,22713.5467,25676.1832,1.0803,1.1843,1.2065,Above,0.0,1223.8168
E03193,IT,IT · Milan,Customer Service,L2,C,M,1.0,31700,29200,35427.3211,29850.9357,34328.5761,38806.2164,1.0856,0.9234,0.2065,Within,0.0,0.0
E03194,PL,PL · Kraków,Operations,L2,C,F,1.0,21900,24900,23500.5671,19750.9101,22713.5467,25676.1832,0.8795,0.9642,0.3627,Within,0.0,0.0
E03197,IT,IT · Milan,HR,L3,D,F,1.0,44700,41600,45051.5517,37095.0301,44514.0361,51933.0421,1.0745,1.0042,0.5125,Within,0.0,0.0
E03198,PL,PL · Kraków,HR,L1,A,M,1.0,22600,21000,22098.6552,16933.222,19473.2053,22013.1886,1.0762,1.1606,1.1155,Above,0.0,586.8114
E03199,PL,PL · Kraków,Finance,L1,A,F,1.0,23550,23100,22098.6552,16933.222,19473.2053,22013.1886,1.0195,1.2094,1.3025,Above,0.0,1536.8114
E03201,ES,ES · Barcelona,Finance,L4,E,M,1.0,55150,57800,49137.1558,43967.2783,52760.7339,61554.1896,0.9542,1.0453,0.6359,Within,0.0,0.0
E03202,PL,PL · Kraków,Tech,L2,B,M,1.0,28050,32800,28111.3077,18287.8798,21031.0617,23774.2437,0.8552,1.3337,1.7793,Above,0.0,4275.7563
E03204,ES,ES · Barcelona,Customer Service,L2,C,F,1.0,27600,28100,30175.2075,26957.9177,31001.6053,35045.293,0.9822,0.8903,0.0794,Within,0.0,0.0
E03205,PL,PL · Kraków,Customer Service,L3,D,F,1.0,32350,30200,22098.6552,24543.9746,29452.7695,34361.5644,1.0712,1.0984,0.7951,Within,0.0,0.0
E03206,DE,DE · Munich,Customer Service,L3,D,M,1.0,53700,54700,52281.637,56058.4593,67270.1512,78481.843,0.9817,0.7983,-0.1052,Below,2358.4593,0.0
E03207,ES,ES · Barcelona,Tech,L3,D,M,1.0,51750,50000,49137.1558,33499.9471,40199.9366,46899.926,1.035,1.2873,1.3619,Above,0.0,4850.074
E03208,DE,DE · Munich,Finance,L4,E,F,1.0,86400,87800,83423.91,73574.3812,88289.2574,103004.1336,0.9841,0.9786,0.4358,Within,0.0,0.0
E03209,ES,ES · Barcelona,Customer Service,L1,B,F,1.0,21400,22500,30175.2075,24961.0349,28705.1901,32449.3454,0.9511,0.7455,-0.4755,Below,3561.0349,0.0
E03210,ES,ES · Barcelona,Tech,L2,B,M,1.0,42850,39100,38450.926,24961.0349,28705.1901,32449.3454,1.0959,1.4928,2.3889,Above,0.0,10400.6546
E03211,DE,DE · Munich,Customer Service,L3,D,F,1.0,52750,54700,52281.637,56058.4593,67270.1512,78481.843,0.9644,0.7842,-0.1475,Below,3308.4593,0.0
E03212,ES,ES · Barcelona,Customer Service,L5,F,M,1.0,58050,65200,67142.552,58289.4759,72861.8449,87434.2139,0.8903,0.7967,-0.0082,Below,239.4759,0.0
E03213,IT,IT · Milan,Tech,L4,E,F,1.0,67150,68200,45051.5517,48685.6742,58422.809,68159.9438,0.9846,1.1494,0.9481,Within,0.0,0.0
E03214,PL,PL · Kraków,Operations,L5,F,F,1.0,68800,57900,50412.649,42706.1992,53382.7489,64059.2987,1.1883,1.2888,1.222,Above,0.0,4740.7013
E03215,DE,DE · Munich,Sales,L2,C,M,1.0,40600,49900,63763.1933,45111.096,51877.7604,58644.4248,0.8136,0.7826,-0.3333,Below,4511.096,0.0
E03217,DE,DE · Munich,HR,L4,E,M,1.0,73100,79800,83423.91,73574.3812,88289.2574,103004.1336,0.916,0.828,-0.0161,Below,474.3812,0.0
E03218,ES,ES · Barcelona,Finance,L1,A,F,1.0,27850,27500,30175.2075,23112.0694,26578.8798,30045.6902,1.0127,1.0478,0.6833,Within,0.0,0.0
E03220,PL,PL · Kraków,Operations,L6,G,F,0.8,73650,79800,50412.649,56940.2199,74022.2858,91104.3518,0.9229,0.995,0.4891,Within,0.0,0.0
E03221,ES,ES · Barcelona,Tech,L1,A,M,1.0,28800,31200,38450.926,23112.0694,26578.8798,30045.6902,0.9231,1.0836,0.8203,Within,0.0,0.0
E03223,DE,DE · Munich,HR,L2,B,F,1.0,53600,47500,63763.1933,41769.5333,48034.9633,54300.3934,1.1284,1.1159,0.9441,Within,0.0,0.0
E03225,IT,IT · Milan,Operations,L1,B,F,0.8,24700,24700,26363.3765,27639.7553,31785.7186,35931.6819,1.0,0.7771,-0.3545,Below,2351.8042,0.0
E03226,IT,IT · Milan,Finance,L2,B,M,1.0,34200,35800,44423.0257,27639.7553,31785.7186,35931.6819,0.9553,1.076,0.7912,Within,0.0,0.0
E03227,ES,ES · Barcelona,HR,L3,D,M,1.0,38200,40000,49137.1558,33499.9471,40199.9366,46899.926,0.955,0.9503,0.3508,Within,0.0,0.0
E03228,IT,IT · Milan,Customer Service,L4,E,M,1.0,52450,49100,44423.0257,48685.6742,58422.809,68159.9438,1.0682,0.8978,0.1933,Within,0.0,0.0
E03229,IT,IT · Milan,Operations,L4,E,M,1.0,54400,51900,44423.0257,48685.6742,58422.809,68159.9438,1.0482,0.9311,0.2934,Within,0.0,0.0
E03230,ES,ES · Barcelona,Sales,L3,D,F,1.0,43700,42000,38450.926,33499.9471,40199.9366,46899.926,1.0405,1.0871,0.7612,Within,0.0,0.0
E03231,IT,IT · Milan,Customer Service,L3,D,F,1.0,42300,37400,35427.3211,37095.0301,44514.0361,51933.0421,1.131,0.9503,0.3508,Within,0.0,0.0
E03232,IT,IT · Milan,Finance,L1,A,F,1.0,23850,28600,35427.3211,25592.366,29431.2209,33270.0758,0.8339,0.8104,-0.2269,Below,1742.366,0.0
E03233,IT,IT · Milan,Customer Service,L2,C,F,1.0,26300,29200,35427.3211,29850.9357,34328.5761,38806.2164,0.9007,0.7661,-0.3965,Below,3550.9357,0.0
E03234,ES,ES · Barcelona,Finance,L3,D,F,1.0,40000,44000,49137.1558,33499.9471,40199.9366,46899.926,0.9091,0.995,0.4851,Within,0.0,0.0
E03235,PL,PL · Kraków,Operations,L3,D,M,1.0,31300,31900,23500.5671,24543.9746,29452.7695,34361.5644,0.9812,1.0627,0.6882,Within,0.0,0.0
E03236,PL,PL · Kraków,Tech,L3,D,M,1.0,46050,42000,34034.3671,24543.9746,29452.7695,34361.5644,1.0964,1.5635,2.1906,Above,0.0,11688.4356
E03237,PL,PL · Kraków,Operations,L1,B,F,1.0,20750,20000,17581.1795,18287.8798,21031.0617,23774.2437,1.0375,0.9866,0.4488,Within,0.0,0.0
E03239,PL,PL · Kraków,Tech,L2,B,F,1.0,35200,32800,28111.3077,18287.8798,21031.0617,23774.2437,1.0732,1.6737,3.0826,Above,0.0,11425.7563
E03240,ES,ES · Barcelona,Sales,L1,A,F,1.0,26350,26200,38450.926,23112.0694,26578.8798,30045.6902,1.0057,0.9914,0.467,Within,0.0,0.0
E03241,IT,IT · Milan,Customer Service,L2,C,F,1.0,30550,29200,35427.3211,29850.9357,34328.5761,38806.2164,1.0462,0.8899,0.0781,Within,0.0,0.0
E03242,ES,ES · Barcelona,HR,L1,A,M,1.0,22350,25000,30175.2075,23112.0694,26578.8798,30045.6902,0.894,0.8409,-0.1099,Below,762.0694,0.0
E03243,PL,PL · Kraków,Sales,L2,C,M,1.0,27050,27600,28111.3077,19750.9101,22713.5467,25676.1832,0.9801,1.1909,1.2319,Above,0.0,1373.8168
E03244,IT,IT · Milan,HR,L1,A,M,1.0,24900,26000,35427.3211,25592.366,29431.2209,33270.0758,0.9577,0.846,-0.0902,Below,692.366,0.0
E03245,IT,IT · Milan,Operations,L2,C,F,1.0,26250,30900,32970.682,29850.9357,34328.5761,38806.2164,0.8495,0.7647,-0.4021,Below,3600.9357,0.0
E03247,PL,PL · Kraków,Operations,L3,D,M,1.0,32950,31900,23500.5671,24543.9746,29452.7695,34361.5644,1.0329,1.1187,0.8562,Within,0.0,0.0
E03249,PL,PL · Kraków,Sales,L2,C,M,0.8,26550,27600,28111.3077,19750.9101,22713.5467,25676.1832,0.962,1.1689,1.1475,Above,0.0,699.0534
E03250,PL,PL · Kraków,Customer Service,L2,C,F,1.0,24450,23600,22098.6552,19750.9101,22713.5467,25676.1832,1.036,1.0765,0.7931,Within,0.0,0.0
E03252,DE,DE · Munich,Finance,L2,B,F,1.0,51100,52300,63763.1933,41769.5333,48034.9633,54300.3934,0.9771,1.0638,0.7446,Within,0.0,0.0
E03253,PL,PL · Kraków,Customer Service,L1,B,F,1.0,14650,18900,22098.6552,18287.8798,21031.0617,23774.2437,0.7751,0.6966,-0.6631,Below,3637.8798,0.0
E03254,ES,ES · Barcelona,HR,L3,D,F,1.0,40700,40000,49137.1558,33499.9471,40199.9366,46899.926,1.0175,1.0124,0.5373,Within,0.0,0.0
E03255,IT,IT · Milan,Tech,L1,A,F,1.0,32850,32500,44423.0257,25592.366,29431.2209,33270.0758,1.0108,1.1162,0.9453,Within,0.0,0.0
E03256,PL,PL · Kraków,Operations,L2,C,M,1.0,25000,24900,23500.5671,19750.9101,22713.5467,25676.1832,1.004,1.1007,0.8859,Within,0.0,0.0
E03258,PL,PL · Kraków,Operations,L1,B,F,1.0,20000,20000,17581.1795,18287.8798,21031.0617,23774.2437,1.0,0.951,0.3121,Within,0.0,0.0
E03259,IT,IT · Milan,Tech,L1,A,M,1.0,35900,32500,44423.0257,25592.366,29431.2209,33270.0758,1.1046,1.2198,1.3425,Above,0.0,2629.9242
E03260,IT,IT · Milan,Tech,L1,A,M,0.8,34450,32500,44423.0257,25592.366,29431.2209,33270.0758,1.06,1.1705,1.1537,Above,0.0,943.9394
E03261,IT,IT · Milan,Tech,L4,E,M,1.0,73450,68200,45051.5517,48685.6742,58422.809,68159.9438,1.077,1.2572,1.2716,Above,0.0,5290.0562
E03262,PL,PL · Kraków,Customer Service,L2,C,F,1.0,20900,23600,22098.6552,19750.9101,22713.5467,25676.1832,0.8856,0.9202,0.1939,Within,0.0,0.0
E03263,IT,IT · Milan,Operations,L2,C,F,1.0,31300,30900,32970.682,29850.9357,34328.5761,38806.2164,1.0129,0.9118,0.1618,Within,0.0,0.0
E03265,DE,DE · Munich,Tech,L1,A,M,1.0,47250,47500,63763.1933,38675.4938,44476.8179,50278.142,0.9947,1.0624,0.739,Within,0.0,0.0
E03266,DE,DE · Munich,Customer Service,L5,F,M,1.0,93650,99200,123043.8439,97540.9961,121926.2452,146311.4942,0.9441,0.7681,-0.0798,Below,3890.9961,0.0
E03267,IT,IT · Milan,Tech,L3,D,M,1.0,50700,52000,45051.5517,37095.0301,44514.0361,51933.0421,0.975,1.139,0.9169,Within,0.0,0.0
E03268,PL,PL · Kraków,Tech,L1,A,M,1.0,26050,26200,28111.3077,16933.222,19473.2053,22013.1886,0.9943,1.3377,1.7947,Above,0.0,4036.8114
E03269,DE,DE · Munich,Tech,L4,E,M,1.0,106000,99800,83423.91,73574.3812,88289.2574,103004.1336,1.0621,1.2006,1.1018,Above,0.0,2995.8664
E03270,IT,IT · Milan,Customer Service,L3,D,M,1.0,31050,37400,35427.3211,37095.0301,44514.0361,51933.0421,0.8302,0.6975,-0.4074,Below,6045.0301,0.0
E03271,DE,DE · Munich,Customer Service,L5,F,M,1.0,98000,99200,123043.8439,97540.9961,121926.2452,146311.4942,0.9879,0.8038,0.0094,Within,0.0,0.0
E03272,DE,DE · Munich,Operations,L4,E,M,0.8,69150,75800,63763.1933,73574.3812,88289.2574,103004.1336,0.9123,0.7832,-0.1503,Below,3539.5049,0.0
E03273,IT,IT · Milan,Operations,L2,C,F,1.0,30000,30900,32970.682,29850.9357,34328.5761,38806.2164,0.9709,0.8739,0.0166,Within,0.0,0.0
E03274,PL,PL · Kraków,Customer Service,L3,D,F,1.0,31050,30200,22098.6552,24543.9746,29452.7695,34361.5644,1.0281,1.0542,0.6627,Within,0.0,0.0
E03275,DE,DE · Munich,Operations,L4,E,M,1.0,89900,75800,63763.1933,73574.3812,88289.2574,103004.1336,1.186,1.0182,0.5547,Within,0.0,0.0
E03276,PL,PL · Kraków,Tech,L3,D,F,1.0,46750,42000,34034.3671,24543.9746,29452.7695,34361.5644,1.1131,1.5873,2.2619,Above,0.0,12388.4356
E03277,IT,IT · Milan,Customer Service,L1,B,F,1.0,22700,23400,35427.3211,27639.7553,31785.7186,35931.6819,0.9701,0.7142,-0.5957,Below,4939.7553,0.0
E03278,IT,IT · Milan,Operations,L2,C,M,0.8,26600,30900,32970.682,29850.9357,34328.5761,38806.2164,0.8608,0.7749,-0.363,Below,2600.7486,0.0
E03279,DE,DE · Munich,Sales,L2,C,M,1.0,53750,49900,63763.1933,45111.096,51877.7604,58644.4248,1.0772,1.0361,0.6383,Within,0.0,0.0
E03280,ES,ES · Barcelona,Tech,L1,A,F,1.0,34150,31200,38450.926,23112.0694,26578.8798,30045.6902,1.0946,1.2849,1.5919,Above,0.0,4104.3098
E03281,IT,IT · Milan,Operations,L1,B,F,1.0,20150,24700,26363.3765,27639.7553,31785.7186,35931.6819,0.8158,0.6339,-0.9033,Below,7489.7553,0.0
E03282,IT,IT · Milan,Customer Service,L4,E,M,1.0,45600,49100,44423.0257,48685.6742,58422.809,68159.9438,0.9287,0.7805,-0.1584,Below,3085.6742,0.0
E03283,PL,PL · Kraków,Finance,L2,B,M,1.0,26850,28900,28111.3077,18287.8798,21031.0617,23774.2437,0.9291,1.2767,1.5606,Above,0.0,3075.7563
E03284,PL,PL · Kraków,Operations,L2,C,M,1.0,25050,24900,23500.5671,19750.9101,22713.5467,25676.1832,1.006,1.1029,0.8943,Within,0.0,0.0
E03285,DE,DE · Munich,Sales,L2,C,F,1.0,51650,49900,63763.1933,45111.096,51877.7604,58644.4248,1.0351,0.9956,0.4832,Within,0.0,0.0
E03286,PL,PL · Kraków,HR,L4,E,M,1.0,36800,44100,34034.3671,32212.9392,38655.527,45098.1148,0.8345,0.952,0.356,Within,0.0,0.0
E03287,IT,IT · Milan,Finance,L5,F,F,0.8,85950,82900,119149.3884,64544.8739,80681.0924,96817.3109,1.0368,1.0653,0.6633,Within,0.0,0.0
E03288,ES,ES · Barcelona,HR,L4,E,F,1.0,68850,52500,49137.1558,43967.2783,52760.7339,61554.1896,1.3114,1.3049,1.4148,Above,0.0,7295.8104
E03289,DE,DE · Munich,Operations,L3,D,F,0.8,50450,57800,47695.8157,56058.4593,67270.1512,78481.843,0.8728,0.75,-0.2501,Below,4486.7675,0.0
E03290,DE,DE · Munich,Operations,L4,E,M,1.0,65550,75800,63763.1933,73574.3812,88289.2574,103004.1336,0.8648,0.7424,-0.2727,Below,8024.3812,0.0
E03291,IT,IT · Milan,Operations,L5,F,M,1.0,71700,71600,119149.3884,64544.8739,80681.0924,96817.3109,1.0014,0.8887,0.2217,Within,0.0,0.0
E03292,ES,ES · Barcelona,Sales,L6,G,M,1.0,96300,105000,67142.552,77717.419,101032.6447,124347.8705,0.9171,0.9532,0.3985,Within,0.0,0.0
E03293,PL,PL · Kraków,Operations,L2,C,F,1.0,23500,24900,23500.5671,19750.9101,22713.5467,25676.1832,0.9438,1.0346,0.6327,Within,0.0,0.0
E03294,IT,IT · Milan,Finance,L3,D,M,1.0,51300,45800,45051.5517,37095.0301,44514.0361,51933.0421,1.1201,1.1524,0.9573,Within,0.0,0.0
E03295,IT,IT · Milan,Operations,L2,C,M,1.0,30250,30900,32970.682,29850.9357,34328.5761,38806.2164,0.979,0.8812,0.0446,Within,0.0,0.0
E03298,PL,PL · Kraków,Tech,L4,E,M,0.8,48700,55100,34034.3671,32212.9392,38655.527,45098.1148,0.8838,1.2598,1.2795,Above,0.0,2881.5081
E03300,PL,PL · Kraków,Tech,L6,G,F,1.0,122300,105000,50412.649,56940.2199,74022.2858,91104.3518,1.1648,1.6522,1.9131,Above,0.0,31195.6482
E03301,ES,ES · Barcelona,Tech,L3,D,M,1.0,55050,50000,49137.1558,33499.9471,40199.9366,46899.926,1.101,1.3694,1.6082,Above,0.0,8150.074
E03302,DE,DE · Munich,Sales,L4,E,F,1.0,73750,83800,63763.1933,73574.3812,88289.2574,103004.1336,0.8801,0.8353,0.006,Within,0.0,0.0
E03304,IT,IT · Milan,Operations,L3,D,F,1.0,45000,39500,32970.682,37095.0301,44514.0361,51933.0421,1.1392,1.0109,0.5328,Within,0.0,0.0
E03305,ES,ES · Barcelona,Sales,L1,A,F,1.0,27000,26200,38450.926,23112.0694,26578.8798,30045.6902,1.0305,1.0158,0.5607,Within,0.0,0.0
E03306,DE,DE · Munich,Finance,L3,D,M,1.0,65500,66900,83423.91,56058.4593,67270.1512,78481.843,0.9791,0.9737,0.4211,Within,0.0,0.0
E03307,IT,IT · Milan,HR,L6,G,M,1.0,110750,104000,119149.3884,86057.7477,111875.072,137692.3963,1.0649,0.9899,0.4782,Within,0.0,0.0
E03308,DE,DE · Munich,Customer Service,L2,C,F,1.0,39300,42800,52281.637,45111.096,51877.7604,58644.4248,0.9182,0.7576,-0.4294,Below,5811.096,0.0
E03309,IT,IT · Milan,Customer Service,L1,B,F,1.0,25650,23400,35427.3211,27639.7553,31785.7186,35931.6819,1.0962,0.807,-0.24,Below,1989.7553,0.0
E03310,DE,DE · Munich,HR,L1,A,F,1.0,43450,38000,52281.637,38675.4938,44476.8179,50278.142,1.1434,0.9769,0.4115,Within,0.0,0.0
E03313,PL,PL · Kraków,Customer Service,L2,C,M,1.0,23650,23600,22098.6552,19750.9101,22713.5467,25676.1832,1.0021,1.0412,0.658,Within,0.0,0.0
E03314,DE,DE · Munich,Customer Service,L5,F,M,1.0,95950,99200,123043.8439,97540.9961,121926.2452,146311.4942,0.9672,0.787,-0.0326,Below,1590.9961,0.0
E03315,PL,PL · Kraków,Customer Service,L6,G,F,1.0,76550,75600,50412.649,56940.2199,74022.2858,91104.3518,1.0126,1.0341,0.574,Within,0.0,0.0
E03316,IT,IT · Milan,Customer Service,L1,B,F,0.8,19400,23400,35427.3211,27639.7553,31785.7186,35931.6819,0.8291,0.6103,-0.9937,Below,6591.8042,0.0
E03317,PL,PL · Kraków,Finance,L5,F,F,1.0,60950,67000,50412.649,42706.1992,53382.7489,64059.2987,0.9097,1.1418,0.8544,Within,0.0,0.0
E03318,IT,IT · Milan,Customer Service,L6,G,M,1.0,90900,93600,119149.3884,86057.7477,111875.072,137692.3963,0.9712,0.8125,0.0938,Within,0.0,0.0
E03319,ES,ES · Barcelona,HR,L3,D,M,1.0,39700,40000,49137.1558,33499.9471,40199.9366,46899.926,0.9925,0.9876,0.4627,Within,0.0,0.0
E03320,PL,PL · Kraków,HR,L4,E,M,0.8,43450,44100,34034.3671,32212.9392,38655.527,45098.1148,0.9853,1.124,0.8721,Within,0.0,0.0
E03321,PL,PL · Kraków,HR,L1,A,F,0.8,24850,21000,22098.6552,16933.222,19473.2053,22013.1886,1.1833,1.2761,1.5584,Above,0.0,2269.4491
E03322,DE,DE · Munich,Operations,L1,B,M,1.0,37600,36100,36701.684,41769.5333,48034.9633,54300.3934,1.0416,0.7828,-0.3327,Below,4169.5333,0.0
E03323,ES,ES · Barcelona,Customer Service,L1,B,F,1.0,24100,22500,30175.2075,24961.0349,28705.1901,32449.3454,1.0711,0.8396,-0.115,Below,861.0349,0.0
E03324,DE,DE · Munich,Customer Service,L2,C,F,1.0,41600,42800,52281.637,45111.096,51877.7604,58644.4248,0.972,0.8019,-0.2594,Below,3511.096,0.0
E03325,PL,PL · Kraków,Tech,L1,A,M,1.0,28850,26200,28111.3077,16933.222,19473.2053,22013.1886,1.1011,1.4815,2.3458,Above,0.0,6836.8114
E03327,DE,DE · Munich,Sales,L2,C,F,1.0,39250,49900,63763.1933,45111.096,51877.7604,58644.4248,0.7866,0.7566,-0.4331,Below,5861.096,0.0
E03328,ES,ES · Barcelona,Customer Service,L4,E,F,1.0,46700,47200,38450.926,43967.2783,52760.7339,61554.1896,0.9894,0.8851,0.1554,Within,0.0,0.0
E03329,IT,IT · Milan,Customer Service,L2,C,M,1.0,28100,29200,35427.3211,29850.9357,34328.5761,38806.2164,0.9623,0.8186,-0.1955,Below,1750.9357,0.0
E03330,PL,PL · Kraków,Tech,L4,E,F,1.0,58600,55100,34034.3671,32212.9392,38655.527,45098.1148,1.0635,1.516,2.0479,Above,0.0,13501.8852
E03331,IT,IT · Milan,Customer Service,L3,D,M,1.0,36900,37400,35427.3211,37095.0301,44514.0361,51933.0421,0.9866,0.829,-0.0131,Below,195.0301,0.0
E03332,IT,IT · Milan,Sales,L1,A,F,0.8,22800,27300,44423.0257,25592.366,29431.2209,33270.0758,0.8352,0.7747,-0.3637,Below,2233.8928,0.0
E03333,DE,DE · Munich,HR,L1,A,F,1.0,34550,38000,52281.637,38675.4938,44476.8179,50278.142,0.9092,0.7768,-0.3556,Below,4125.4938,0.0
E03334,IT,IT · Milan,Finance,L1,A,M,1.0,27150,28600,35427.3211,25592.366,29431.2209,33270.0758,0.9493,0.9225,0.2029,Within,0.0,0.0
E03335,DE,DE · Munich,HR,L3,D,M,1.0,54050,60800,83423.91,56058.4593,67270.1512,78481.843,0.889,0.8035,-0.0896,Below,2008.4593,0.0
E03336,ES,ES · Barcelona,Operations,L3,D,F,1.0,32750,38000,30735.5619,33499.9471,40199.9366,46899.926,0.8618,0.8147,-0.056,Below,749.9471,0.0
E03337,ES,ES · Barcelona,Operations,L2,C,M,1.0,29550,29700,30735.5619,26957.9177,31001.6053,35045.293,0.9949,0.9532,0.3205,Within,0.0,0.0
E03338,ES,ES · Barcelona,Customer Service,L3,D,M,1.0,39250,36000,30175.2075,33499.9471,40199.9366,46899.926,1.0903,0.9764,0.4291,Within,0.0,0.0
E03339,DE,DE · Munich,Sales,L3,D,M,1.0,71950,63800,63763.1933,56058.4593,67270.1512,78481.843,1.1277,1.0696,0.7087,Within,0.0,0.0
E03340,IT,IT · Milan,Operations,L2,C,M,1.0,29950,30900,32970.682,29850.9357,34328.5761,38806.2164,0.9693,0.8725,0.0111,Within,0.0,0.0
E03341,PL,PL · Kraków,Customer Service,L5,F,M,1.0,50950,54800,50412.649,42706.1992,53382.7489,64059.2987,0.9297,0.9544,0.3861,Within,0.0,0.0
E03342,DE,DE · Munich,Tech,L1,A,M,1.0,39400,47500,63763.1933,38675.4938,44476.8179,50278.142,0.8295,0.8859,0.0624,Within,0.0,0.0
E03343,ES,ES · Barcelona,Operations,L2,C,F,1.0,36950,29700,30735.5619,26957.9177,31001.6053,35045.293,1.2441,1.1919,1.2355,Above,0.0,1904.707
E03344,DE,DE · Munich,Tech,L2,B,F,1.0,56800,59400,63763.1933,41769.5333,48034.9633,54300.3934,0.9562,1.1825,1.1995,Above,0.0,2499.6066
E03345,ES,ES · Barcelona,Customer Service,L2,C,F,1.0,27150,28100,30175.2075,26957.9177,31001.6053,35045.293,0.9662,0.8758,0.0238,Within,0.0,0.0
E03346,PL,PL · Kraków,Finance,L5,F,F,1.0,68850,67000,50412.649,42706.1992,53382.7489,64059.2987,1.0276,1.2897,1.2244,Above,0.0,4790.7013
E03347,ES,ES · Barcelona,Operations,L2,C,M,1.0,30700,29700,30735.5619,26957.9177,31001.6053,35045.293,1.0337,0.9903,0.4627,Within,0.0,0.0
E03348,IT,IT · Milan,Operations,L3,D,F,1.0,39200,39500,32970.682,37095.0301,44514.0361,51933.0421,0.9924,0.8806,0.1419,Within,0.0,0.0
E03349,DE,DE · Munich,Finance,L5,F,M,1.0,121300,121200,123043.8439,97540.9961,121926.2452,146311.4942,1.0008,0.9949,0.4872,Within,0.0,0.0
E03351,PL,PL · Kraków,Sales,L1,A,M,1.0,23200,22000,28111.3077,16933.222,19473.2053,22013.1886,1.0545,1.1914,1.2336,Above,0.0,1186.8114
E03352,DE,DE · Munich,Operations,L1,B,F,1.0,37350,36100,36701.684,41769.5333,48034.9633,54300.3934,1.0346,0.7776,-0.3527,Below,4419.5333,0.0
E03353,PL,PL · Kraków,HR,L3,D,M,1.0,34600,33600,34034.3671,24543.9746,29452.7695,34361.5644,1.0298,1.1748,1.0243,Above,0.0,238.4356
E03355,IT,IT · Milan,Customer Service,L6,G,M,1.0,90550,93600,119149.3884,86057.7477,111875.072,137692.3963,0.9674,0.8094,0.087,Within,0.0,0.0
E03356,IT,IT · Milan,Operations,L3,D,F,1.0,44500,39500,32970.682,37095.0301,44514.0361,51933.0421,1.1266,0.9997,0.4991,Within,0.0,0.0
E03357,DE,DE · Munich,Finance,L1,A,F,1.0,41600,41800,52281.637,38675.4938,44476.8179,50278.142,0.9952,0.9353,0.2521,Within,0.0,0.0
E03359,PL,PL · Kraków,Customer Service,L3,D,M,1.0,29700,30200,22098.6552,24543.9746,29452.7695,34361.5644,0.9834,1.0084,0.5252,Within,0.0,0.0
E03360,DE,DE · Munich,Finance,L3,D,M,1.0,58850,66900,83423.91,56058.4593,67270.1512,78481.843,0.8797,0.8748,0.1245,Within,0.0,0.0
E03361,DE,DE · Munich,Tech,L1,A,F,1.0,44600,47500,63763.1933,38675.4938,44476.8179,50278.142,0.9389,1.0028,0.5106,Within,0.0,0.0
E03362,PL,PL · Kraków,Sales,L4,E,M,1.0,46500,46300,28111.3077,32212.9392,38655.527,45098.1148,1.0043,1.2029,1.1088,Above,0.0,1401.8852
E03363,PL,PL · Kraków,Sales,L3,D,M,1.0,36650,35300,28111.3077,24543.9746,29452.7695,34361.5644,1.0382,1.2444,1.2331,Above,0.0,2288.4356
E03364,DE,DE · Munich,Sales,L5,F,M,1.0,116450,115700,123043.8439,97540.9961,121926.2452,146311.4942,1.0065,0.9551,0.3877,Within,0.0,0.0
E03366,PL,PL · Kraków,Customer Service,L2,C,F,0.8,23750,23600,22098.6552,19750.9101,22713.5467,25676.1832,1.0064,1.0456,0.6749,Within,0.0,0.0
E03367,ES,ES · Barcelona,Customer Service,L2,C,M,1.0,28600,28100,30175.2075,26957.9177,31001.6053,35045.293,1.0178,0.9225,0.203,Within,0.0,0.0
E03368,IT,IT · Milan,Customer Service,L4,E,F,1.0,47100,49100,44423.0257,48685.6742,58422.809,68159.9438,0.9593,0.8062,-0.0814,Below,1585.6742,0.0
E03370,ES,ES · Barcelona,Sales,L3,D,M,1.0,45500,42000,38450.926,33499.9471,40199.9366,46899.926,1.0833,1.1318,0.8955,Within,0.0,0.0
E03371,PL,PL · Kraków,Customer Service,L1,B,F,1.0,17500,18900,22098.6552,18287.8798,21031.0617,23774.2437,0.9259,0.8321,-0.1436,Below,787.8798,0.0
E03372,IT,IT · Milan,Customer Service,L4,E,M,1.0,56750,49100,44423.0257,48685.6742,58422.809,68159.9438,1.1558,0.9714,0.4141,Within,0.0,0.0
E03373,PL,PL · Kraków,Tech,L5,F,M,1.0,79900,76100,50412.649,42706.1992,53382.7489,64059.2987,1.0499,1.4967,1.7418,Above,0.0,15840.7013
E03374,IT,IT · Milan,Finance,L1,A,F,0.8,31950,28600,35427.3211,25592.366,29431.2209,33270.0758,1.1171,1.0856,0.8281,Within,0.0,0.0
E03375,IT,IT · Milan,Tech,L2,B,M,1.0,39650,40600,44423.0257,27639.7553,31785.7186,35931.6819,0.9766,1.2474,1.4484,Above,0.0,3718.3181
E03376,PL,PL · Kraków,HR,L1,A,M,1.0,20450,21000,22098.6552,16933.222,19473.2053,22013.1886,0.9738,1.0502,0.6923,Within,0.0,0.0
E03377,IT,IT · Milan,Tech,L2,B,F,1.0,44400,40600,44423.0257,27639.7553,31785.7186,35931.6819,1.0936,1.3969,2.0213,Above,0.0,8468.3181
E03378,IT,IT · Milan,Tech,L3,D,F,1.0,57650,52000,45051.5517,37095.0301,44514.0361,51933.0421,1.1087,1.2951,1.3853,Above,0.0,5716.9579
E03379,IT,IT · Milan,Customer Service,L3,D,F,1.0,38850,37400,35427.3211,37095.0301,44514.0361,51933.0421,1.0388,0.8728,0.1183,Within,0.0,0.0
E03380,ES,ES · Barcelona,Customer Service,L2,C,F,1.0,27450,28100,30175.2075,26957.9177,31001.6053,35045.293,0.9769,0.8854,0.0608,Within,0.0,0.0
E03381,IT,IT · Milan,Customer Service,L1,B,F,1.0,27050,23400,35427.3211,27639.7553,31785.7186,35931.6819,1.156,0.851,-0.0711,Below,589.7553,0.0
E03382,PL,PL · Kraków,Operations,L4,E,F,1.0,38100,41900,28111.3077,32212.9392,38655.527,45098.1148,0.9093,0.9856,0.4569,Within,0.0,0.0
E03383,PL,PL · Kraków,Tech,L3,D,M,1.0,46950,42000,34034.3671,24543.9746,29452.7695,34361.5644,1.1179,1.5941,2.2822,Above,0.0,12588.4356
E03384,IT,IT · Milan,Sales,L4,E,M,1.0,56450,57300,44423.0257,48685.6742,58422.809,68159.9438,0.9852,0.9662,0.3987,Within,0.0,0.0
E03385,IT,IT · Milan,Operations,L1,B,M,1.0,26150,24700,26363.3765,27639.7553,31785.7186,35931.6819,1.0587,0.8227,-0.1797,Below,1489.7553,0.0
E03386,DE,DE · Munich,Tech,L2,B,F,1.0,59450,59400,63763.1933,41769.5333,48034.9633,54300.3934,1.0008,1.2376,1.411,Above,0.0,5149.6066
E03387,DE,DE · Munich,Customer Service,L1,B,M,1.0,29000,34200,52281.637,41769.5333,48034.9633,54300.3934,0.848,0.6037,-1.019,Below,12769.5333,0.0
E03388,DE,DE · Munich,Customer Service,L4,E,M,1.0,77350,71800,63763.1933,73574.3812,88289.2574,103004.1336,1.0773,0.8761,0.1283,Within,0.0,0.0
E03389,DE,DE · Munich,Operations,L2,C,F,1.0,42650,45100,47695.8157,45111.096,51877.7604,58644.4248,0.9457,0.8221,-0.1819,Below,2461.096,0.0
E03390,IT,IT · Milan,Finance,L2,B,M,1.0,33950,35800,44423.0257,27639.7553,31785.7186,35931.6819,0.9483,1.0681,0.761,Within,0.0,0.0
E03391,DE,DE · Munich,Operations,L4,E,M,1.0,75200,75800,63763.1933,73574.3812,88289.2574,103004.1336,0.9921,0.8517,0.0552,Within,0.0,0.0
E03393,IT,IT · Milan,Finance,L2,B,M,1.0,31000,35800,44423.0257,27639.7553,31785.7186,35931.6819,0.8659,0.9753,0.4052,Within,0.0,0.0
E03394,PL,PL · Kraków,Customer Service,L2,C,F,1.0,23950,23600,22098.6552,19750.9101,22713.5467,25676.1832,1.0148,1.0544,0.7087,Within,0.0,0.0
E03395,DE,DE · Munich,Operations,L2,C,M,1.0,50100,45100,47695.8157,45111.096,51877.7604,58644.4248,1.1109,0.9657,0.3686,Within,0.0,0.0
E03396,DE,DE · Munich,Customer Service,L1,B,F,1.0,32350,34200,52281.637,41769.5333,48034.9633,54300.3934,0.9459,0.6735,-0.7517,Below,9419.5333,0.0
E03398,DE,DE · Munich,Customer Service,L3,D,M,1.0,51900,54700,52281.637,56058.4593,67270.1512,78481.843,0.9488,0.7715,-0.1855,Below,4158.4593,0.0
E03399,IT,IT · Milan,Finance,L4,E,F,1.0,48700,60100,45051.5517,48685.6742,58422.809,68159.9438,0.8103,0.8336,0.0007,Within,0.0,0.0
E03400,DE,DE · Munich,Customer Service,L3,D,F,1.0,57150,54700,52281.637,56058.4593,67270.1512,78481.843,1.0448,0.8496,0.0487,Within,0.0,0.0
E03401,DE,DE · Munich,Customer Service,L1,B,F,1.0,28800,34200,52281.637,41769.5333,48034.9633,54300.3934,0.8421,0.5996,-1.035,Below,12969.5333,0.0
E03402,ES,ES · Barcelona,Tech,L3,D,M,1.0,48900,50000,49137.1558,33499.9471,40199.9366,46899.926,0.978,1.2164,1.1493,Above,0.0,2000.074
E03403,PL,PL · Kraków,Operations,L3,D,F,1.0,26700,31900,23500.5671,24543.9746,29452.7695,34361.5644,0.837,0.9065,0.2196,Within,0.0,0.0
E03405,ES,ES · Barcelona,HR,L2,B,F,1.0,18500,31200,38450.926,24961.0349,28705.1901,32449.3454,0.5929,0.6445,-0.8628,Below,6461.0349,0.0
E03406,IT,IT · Milan,Operations,L1,B,F,1.0,23200,24700,26363.3765,27639.7553,31785.7186,35931.6819,0.9393,0.7299,-0.5354,Below,4439.7553,0.0
E03407,ES,ES · Barcelona,Customer Service,L3,D,F,1.0,31750,36000,30175.2075,33499.9471,40199.9366,46899.926,0.8819,0.7898,-0.1306,Below,1749.9471,0.0
E03408,PL,PL · Kraków,Tech,L4,E,M,1.0,42250,55100,34034.3671,32212.9392,38655.527,45098.1148,0.7668,1.093,0.779,Within,0.0,0.0
E03409,PL,PL · Kraków,HR,L4,E,M,1.0,48500,44100,34034.3671,32212.9392,38655.527,45098.1148,1.0998,1.2547,1.264,Above,0.0,3401.8852
E03410,IT,IT · Milan,Tech,L3,D,F,1.0,51950,52000,45051.5517,37095.0301,44514.0361,51933.0421,0.999,1.167,1.0011,Above,0.0,16.9579
E03411,IT,IT · Milan,HR,L2,B,M,1.0,31850,32500,44423.0257,27639.7553,31785.7186,35931.6819,0.98,1.002,0.5078,Within,0.0,0.0
E03412,ES,ES · Barcelona,Operations,L1,B,F,1.0,25500,23800,23130.047,24961.0349,28705.1901,32449.3454,1.0714,0.8883,0.072,Within,0.0,0.0
E03414,IT,IT · Milan,Tech,L2,B,M,1.0,43150,40600,44423.0257,27639.7553,31785.7186,35931.6819,1.0628,1.3575,1.8705,Above,0.0,7218.3181
E03415,PL,PL · Kraków,Tech,L3,D,M,1.0,38600,42000,34034.3671,24543.9746,29452.7695,34361.5644,0.919,1.3106,1.4317,Above,0.0,4238.4356
E03416,ES,ES · Barcelona,Operations,L2,C,F,1.0,30400,29700,30735.5619,26957.9177,31001.6053,35045.293,1.0236,0.9806,0.4256,Within,0.0,0.0
E03417,PL,PL · Kraków,Customer Service,L5,F,M,1.0,58500,54800,50412.649,42706.1992,53382.7489,64059.2987,1.0675,1.0959,0.7396,Within,0.0,0.0
E03418,PL,PL · Kraków,Customer Service,L2,C,M,1.0,24700,23600,22098.6552,19750.9101,22713.5467,25676.1832,1.0466,1.0875,0.8353,Within,0.0,0.0
E03419,DE,DE · Munich,Customer Service,L4,E,M,0.8,59150,71800,63763.1933,73574.3812,88289.2574,103004.1336,0.8238,0.67,-0.4901,Below,11539.5049,0.0
E03420,ES,ES · Barcelona,Operations,L2,C,F,1.0,26150,29700,30735.5619,26957.9177,31001.6053,35045.293,0.8805,0.8435,-0.0999,Below,807.9177,0.0
E03421,IT,IT · Milan,Tech,L4,E,M,1.0,71650,68200,45051.5517,48685.6742,58422.809,68159.9438,1.0506,1.2264,1.1792,Above,0.0,3490.0562
E03422,IT,IT · Milan,Finance,L4,E,M,1.0,60650,60100,45051.5517,48685.6742,58422.809,68159.9438,1.0092,1.0381,0.6144,Within,0.0,0.0
E03423,DE,DE · Munich,Operations,L4,E,M,1.0,75450,75800,63763.1933,73574.3812,88289.2574,103004.1336,0.9954,0.8546,0.0637,Within,0.0,0.0
E03424,ES,ES · Barcelona,Customer Service,L4,E,F,1.0,46850,47200,38450.926,43967.2783,52760.7339,61554.1896,0.9926,0.888,0.1639,Within,0.0,0.0
E03425,IT,IT · Milan,Tech,L5,F,M,1.0,93350,94200,119149.3884,64544.8739,80681.0924,96817.3109,0.991,1.157,0.8926,Within,0.0,0.0
E03426,IT,IT · Milan,Operations,L2,C,F,0.8,28300,30900,32970.682,29850.9357,34328.5761,38806.2164,0.9159,0.8244,-0.1732,Below,1240.7486,0.0
E03427,IT,IT · Milan,Operations,L3,D,F,0.8,34950,39500,32970.682,37095.0301,44514.0361,51933.0421,0.8848,0.7851,-0.1446,Below,1716.0241,0.0
E03428,DE,DE · Munich,Customer Service,L1,B,M,1.0,34650,34200,52281.637,41769.5333,48034.9633,54300.3934,1.0132,0.7213,-0.5682,Below,7119.5333,0.0
E03429,ES,ES · Barcelona,Operations,L2,C,F,1.0,27650,29700,30735.5619,26957.9177,31001.6053,35045.293,0.931,0.8919,0.0856,Within,0.0,0.0
E03431,PL,PL · Kraków,HR,L3,D,F,1.0,36600,33600,34034.3671,24543.9746,29452.7695,34361.5644,1.0893,1.2427,1.228,Above,0.0,2238.4356
E03432,IT,IT · Milan,Tech,L1,A,F,1.0,35650,32500,44423.0257,25592.366,29431.2209,33270.0758,1.0969,1.2113,1.31,Above,0.0,2379.9242
E03433,IT,IT · Milan,Customer Service,L5,F,M,1.0,68900,67900,119149.3884,64544.8739,80681.0924,96817.3109,1.0147,0.854,0.1349,Within,0.0,0.0
E03434,PL,PL · Kraków,Finance,L1,A,M,1.0,25200,23100,22098.6552,16933.222,19473.2053,22013.1886,1.0909,1.2941,1.6273,Above,0.0,3186.8114
E03436,IT,IT · Milan,HR,L2,B,M,1.0,34100,32500,44423.0257,27639.7553,31785.7186,35931.6819,1.0492,1.0728,0.7791,Within,0.0,0.0
E03437,ES,ES · Barcelona,Operations,L6,G,M,1.0,86000,95000,67142.552,77717.419,101032.6447,124347.8705,0.9053,0.8512,0.1776,Within,0.0,0.0
E03438,ES,ES · Barcelona,HR,L3,D,M,1.0,38500,40000,49137.1558,33499.9471,40199.9366,46899.926,0.9625,0.9577,0.3731,Within,0.0,0.0
E03439,PL,PL · Kraków,Operations,L2,C,M,1.0,29750,24900,23500.5671,19750.9101,22713.5467,25676.1832,1.1948,1.3098,1.6875,Above,0.0,4073.8168
E03440,DE,DE · Munich,Finance,L1,A,F,1.0,40600,41800,52281.637,38675.4938,44476.8179,50278.142,0.9713,0.9128,0.1659,Within,0.0,0.0
E03441,PL,PL · Kraków,Tech,L5,F,F,1.0,81950,76100,50412.649,42706.1992,53382.7489,64059.2987,1.0769,1.5351,1.8379,Above,0.0,17890.7013
E03442,ES,ES · Barcelona,Operations,L2,C,F,1.0,26150,29700,30735.5619,26957.9177,31001.6053,35045.293,0.8805,0.8435,-0.0999,Below,807.9177,0.0
E03444,IT,IT · Milan,Operations,L3,D,M,1.0,44350,39500,32970.682,37095.0301,44514.0361,51933.0421,1.1228,0.9963,0.4889,Within,0.0,0.0
E03445,PL,PL · Kraków,Tech,L1,A,F,1.0,30400,26200,28111.3077,16933.222,19473.2053,22013.1886,1.1603,1.5611,2.651,Above,0.0,8386.8114
E03447,IT,IT · Milan,Customer Service,L5,F,F,0.8,65250,67900,119149.3884,64544.8739,80681.0924,96817.3109,0.961,0.8087,0.0218,Within,0.0,0.0
E03448,DE,DE · Munich,Customer Service,L2,C,M,1.0,41700,42800,52281.637,45111.096,51877.7604,58644.4248,0.9743,0.8038,-0.2521,Below,3411.096,0.0
E03449,DE,DE · Munich,Customer Service,L1,B,F,1.0,30650,34200,52281.637,41769.5333,48034.9633,54300.3934,0.8962,0.6381,-0.8874,Below,11119.5333,0.0
E03450,PL,PL · Kraków,Operations,L3,D,M,1.0,40700,31900,23500.5671,24543.9746,29452.7695,34361.5644,1.2759,1.3819,1.6456,Above,0.0,6338.4356
E03451,PL,PL · Kraków,HR,L3,D,M,1.0,31450,33600,34034.3671,24543.9746,29452.7695,34361.5644,0.936,1.0678,0.7034,Within,0.0,0.0
E03452,ES,ES · Barcelona,Sales,L4,E,M,1.0,55350,55100,38450.926,43967.2783,52760.7339,61554.1896,1.0045,1.0491,0.6472,Within,0.0,0.0
E03453,IT,IT · Milan,Customer Service,L2,C,M,1.0,30000,29200,35427.3211,29850.9357,34328.5761,38806.2164,1.0274,0.8739,0.0166,Within,0.0,0.0
E03454,ES,ES · Barcelona,Sales,L3,D,M,1.0,43400,42000,38450.926,33499.9471,40199.9366,46899.926,1.0333,1.0796,0.7388,Within,0.0,0.0
E03455,PL,PL · Kraków,Operations,L5,F,M,0.8,59850,57900,50412.649,42706.1992,53382.7489,64059.2987,1.0337,1.1211,0.8029,Within,0.0,0.0
E03456,DE,DE · Munich,Sales,L2,C,F,1.0,54850,49900,63763.1933,45111.096,51877.7604,58644.4248,1.0992,1.0573,0.7196,Within,0.0,0.0
E03457,DE,DE · Munich,Sales,L2,C,F,1.0,42500,49900,63763.1933,45111.096,51877.7604,58644.4248,0.8517,0.8192,-0.1929,Below,2611.096,0.0
E03458,DE,DE · Munich,Customer Service,L4,E,M,1.0,78950,71800,63763.1933,73574.3812,88289.2574,103004.1336,1.0996,0.8942,0.1827,Within,0.0,0.0
E03459,ES,ES · Barcelona,HR,L4,E,M,0.8,48000,52500,49137.1558,43967.2783,52760.7339,61554.1896,0.9143,0.9098,0.2293,Within,0.0,0.0
E03460,DE,DE · Munich,Tech,L3,D,M,1.0,80950,76000,83423.91,56058.4593,67270.1512,78481.843,1.0651,1.2034,1.1101,Above,0.0,2468.157
E03461,PL,PL · Kraków,HR,L2,B,F,0.8,29600,26200,28111.3077,18287.8798,21031.0617,23774.2437,1.1298,1.4074,2.0619,Above,0.0,4660.605
E03462,PL,PL · Kraków,Customer Service,L3,D,F,1.0,28650,30200,22098.6552,24543.9746,29452.7695,34361.5644,0.9487,0.9727,0.4182,Within,0.0,0.0
E03463,DE,DE · Munich,Customer Service,L1,B,M,1.0,33950,34200,52281.637,41769.5333,48034.9633,54300.3934,0.9927,0.7068,-0.624,Below,7819.5333,0.0
E03464,IT,IT · Milan,Sales,L4,E,F,1.0,56100,57300,44423.0257,48685.6742,58422.809,68159.9438,0.9791,0.9602,0.3807,Within,0.0,0.0
E03465,IT,IT · Milan,Finance,L1,A,M,1.0,32350,28600,35427.3211,25592.366,29431.2209,33270.0758,1.1311,1.0992,0.8802,Within,0.0,0.0
E03467,IT,IT · Milan,Finance,L5,F,M,1.0,88600,82900,119149.3884,64544.8739,80681.0924,96817.3109,1.0688,1.0982,0.7454,Within,0.0,0.0
E03468,IT,IT · Milan,Operations,L1,B,F,1.0,26000,24700,26363.3765,27639.7553,31785.7186,35931.6819,1.0526,0.818,-0.1978,Below,1639.7553,0.0
E03470,IT,IT · Milan,Sales,L1,A,M,1.0,27800,27300,44423.0257,25592.366,29431.2209,33270.0758,1.0183,0.9446,0.2875,Within,0.0,0.0
E03471,DE,DE · Munich,Operations,L4,E,M,1.0,72900,75800,63763.1933,73574.3812,88289.2574,103004.1336,0.9617,0.8257,-0.0229,Below,674.3812,0.0
E03473,ES,ES · Barcelona,Sales,L1,A,M,1.0,27650,26200,38450.926,23112.0694,26578.8798,30045.6902,1.0553,1.0403,0.6545,Within,0.0,0.0
E03474,PL,PL · Kraków,Operations,L3,D,F,1.0,27050,31900,23500.5671,24543.9746,29452.7695,34361.5644,0.848,0.9184,0.2553,Within,0.0,0.0
E03475,IT,IT · Milan,Operations,L3,D,F,1.0,51750,39500,32970.682,37095.0301,44514.0361,51933.0421,1.3101,1.1626,0.9877,Within,0.0,0.0
E03476,IT,IT · Milan,Customer Service,L6,G,F,1.0,96450,93600,119149.3884,86057.7477,111875.072,137692.3963,1.0304,0.8621,0.2013,Within,0.0,0.0
E03477,PL,PL · Kraków,Sales,L4,E,F,1.0,44500,46300,28111.3077,32212.9392,38655.527,45098.1148,0.9611,1.1512,0.9536,Within,0.0,0.0
E03478,DE,DE · Munich,Sales,L3,D,M,1.0,75350,63800,63763.1933,56058.4593,67270.1512,78481.843,1.181,1.1201,0.8603,Within,0.0,0.0
E03479,IT,IT · Milan,Finance,L2,B,F,1.0,30850,35800,44423.0257,27639.7553,31785.7186,35931.6819,0.8617,0.9706,0.3872,Within,0.0,0.0
E03481,IT,IT · Milan,Tech,L1,A,M,1.0,34850,32500,44423.0257,25592.366,29431.2209,33270.0758,1.0723,1.1841,1.2058,Above,0.0,1579.9242
E03482,ES,ES · Barcelona,Operations,L4,E,M,1.0,50550,49900,38450.926,43967.2783,52760.7339,61554.1896,1.013,0.9581,0.3743,Within,0.0,0.0
E03483,DE,DE · Munich,Customer Service,L3,D,M,1.0,58350,54700,52281.637,56058.4593,67270.1512,78481.843,1.0667,0.8674,0.1022,Within,0.0,0.0
E03484,DE,DE · Munich,Finance,L2,B,F,1.0,50900,52300,63763.1933,41769.5333,48034.9633,54300.3934,0.9732,1.0596,0.7286,Within,0.0,0.0
E03485,PL,PL · Kraków,Customer Service,L2,C,F,1.0,19300,23600,22098.6552,19750.9101,22713.5467,25676.1832,0.8178,0.8497,-0.0761,Below,450.9101,0.0
E03486,IT,IT · Milan,Operations,L5,F,M,1.0,76450,71600,119149.3884,64544.8739,80681.0924,96817.3109,1.0677,0.9476,0.3689,Within,0.0,0.0
E03487,IT,IT · Milan,Customer Service,L2,C,F,1.0,32850,29200,35427.3211,29850.9357,34328.5761,38806.2164,1.125,0.9569,0.3349,Within,0.0,0.0
E03488,DE,DE · Munich,HR,L3,D,M,1.0,68950,60800,83423.91,56058.4593,67270.1512,78481.843,1.134,1.025,0.5749,Within,0.0,0.0
E03489,PL,PL · Kraków,Operations,L4,E,F,1.0,45700,41900,28111.3077,32212.9392,38655.527,45098.1148,1.0907,1.1822,1.0467,Above,0.0,601.8852
E03490,DE,DE · Munich,Operations,L2,C,F,1.0,46750,45100,47695.8157,45111.096,51877.7604,58644.4248,1.0366,0.9012,0.1211,Within,0.0,0.0
E03492,DE,DE · Munich,Sales,L2,C,F,1.0,53450,49900,63763.1933,45111.096,51877.7604,58644.4248,1.0711,1.0303,0.6162,Within,0.0,0.0
E03493,ES,ES · Barcelona,Operations,L4,E,M,1.0,47750,49900,38450.926,43967.2783,52760.7339,61554.1896,0.9569,0.905,0.2151,Within,0.0,0.0
E03494,DE,DE · Munich,Finance,L1,A,M,0.8,40400,41800,52281.637,38675.4938,44476.8179,50278.142,0.9665,0.9083,0.1486,Within,0.0,0.0
E03495,IT,IT · Milan,HR,L4,E,M,1.0,55300,54600,45051.5517,48685.6742,58422.809,68159.9438,1.0128,0.9465,0.3396,Within,0.0,0.0
E03496,IT,IT · Milan,Sales,L2,C,F,1.0,29700,34100,44423.0257,29850.9357,34328.5761,38806.2164,0.871,0.8652,-0.0169,Below,150.9357,0.0
E03497,IT,IT · Milan,Finance,L3,D,M,1.0,45250,45800,45051.5517,37095.0301,44514.0361,51933.0421,0.988,1.0165,0.5496,Within,0.0,0.0
E03498,IT,IT · Milan,Tech,L3,D,M,1.0,49350,52000,45051.5517,37095.0301,44514.0361,51933.0421,0.949,1.1086,0.8259,Within,0.0,0.0
E03499,PL,PL · Kraków,Sales,L3,D,M,1.0,32850,35300,28111.3077,24543.9746,29452.7695,34361.5644,0.9306,1.1153,0.846,Within,0.0,0.0
E03500,PL,PL · Kraków,Operations,L4,E,M,1.0,39300,41900,28111.3077,32212.9392,38655.527,45098.1148,0.9379,1.0167,0.55,Within,0.0,0.0
E03501,DE,DE · Munich,Finance,L1,A,F,0.8,38600,41800,52281.637,38675.4938,44476.8179,50278.142,0.9234,0.8679,-0.0065,Below,60.3951,0.0
E03502,ES,ES · Barcelona,Operations,L3,D,M,1.0,40500,38000,30735.5619,33499.9471,40199.9366,46899.926,1.0658,1.0075,0.5224,Within,0.0,0.0
E03503,PL,PL · Kraków,Sales,L4,E,M,1.0,42400,46300,28111.3077,32212.9392,38655.527,45098.1148,0.9158,1.0969,0.7906,Within,0.0,0.0
E03504,DE,DE · Munich,Sales,L2,C,M,1.0,56900,49900,63763.1933,45111.096,51877.7604,58644.4248,1.1403,1.0968,0.8711,Within,0.0,0.0
E03505,DE,DE · Munich,Finance,L3,D,F,0.8,62950,66900,83423.91,56058.4593,67270.1512,78481.843,0.941,0.9358,0.3073,Within,0.0,0.0
E03508,PL,PL · Kraków,Tech,L1,A,F,1.0,25400,26200,28111.3077,16933.222,19473.2053,22013.1886,0.9695,1.3044,1.6667,Above,0.0,3386.8114
E03510,DE,DE · Munich,Tech,L2,B,M,1.0,71450,59400,63763.1933,41769.5333,48034.9633,54300.3934,1.2029,1.4875,2.3686,Above,0.0,17149.6066
E03511,IT,IT · Milan,Tech,L3,D,M,1.0,48950,52000,45051.5517,37095.0301,44514.0361,51933.0421,0.9413,1.0997,0.799,Within,0.0,0.0
E03512,DE,DE · Munich,Operations,L3,D,M,1.0,56400,57800,47695.8157,56058.4593,67270.1512,78481.843,0.9758,0.8384,0.0152,Within,0.0,0.0
E03513,PL,PL · Kraków,Finance,L1,A,M,1.0,18200,23100,22098.6552,16933.222,19473.2053,22013.1886,0.7879,0.9346,0.2494,Within,0.0,0.0
E03514,PL,PL · Kraków,Operations,L1,B,F,1.0,19150,20000,17581.1795,18287.8798,21031.0617,23774.2437,0.9575,0.9106,0.1571,Within,0.0,0.0
E03515,DE,DE · Munich,Sales,L4,E,F,0.8,84600,83800,63763.1933,73574.3812,88289.2574,103004.1336,1.0095,0.9582,0.3746,Within,0.0,0.0
E03517,PL,PL · Kraków,Finance,L2,B,M,1.0,26000,28900,28111.3077,18287.8798,21031.0617,23774.2437,0.8997,1.2363,1.4057,Above,0.0,2225.7563
E03518,IT,IT · Milan,Sales,L2,C,F,1.0,34750,34100,44423.0257,29850.9357,34328.5761,38806.2164,1.0191,1.0123,0.5471,Within,0.0,0.0
E03519,IT,IT · Milan,Tech,L1,A,F,1.0,28600,32500,44423.0257,25592.366,29431.2209,33270.0758,0.88,0.9718,0.3917,Within,0.0,0.0
E03520,DE,DE · Munich,Sales,L1,A,F,1.0,37250,39900,63763.1933,38675.4938,44476.8179,50278.142,0.9336,0.8375,-0.1229,Below,1425.4938,0.0
E03521,PL,PL · Kraków,Customer Service,L2,C,M,1.0,22050,23600,22098.6552,19750.9101,22713.5467,25676.1832,0.9343,0.9708,0.388,Within,0.0,0.0
E03522,DE,DE · Munich,Customer Service,L3,D,M,1.0,47200,54700,52281.637,56058.4593,67270.1512,78481.843,0.8629,0.7016,-0.3951,Below,8858.4593,0.0
E03523,PL,PL · Kraków,Finance,L5,F,M,1.0,66400,67000,50412.649,42706.1992,53382.7489,64059.2987,0.991,1.2438,1.1096,Above,0.0,2340.7013
E03524,IT,IT · Milan,Operations,L2,C,F,1.0,28650,30900,32970.682,29850.9357,34328.5761,38806.2164,0.9272,0.8346,-0.1341,Below,1200.9357,0.0
E03525,ES,ES · Barcelona,Tech,L4,E,M,1.0,65300,65600,49137.1558,43967.2783,52760.7339,61554.1896,0.9954,1.2377,1.213,Above,0.0,3745.8104
E03526,IT,IT · Milan,Operations,L6,G,M,1.0,97350,98800,119149.3884,86057.7477,111875.072,137692.3963,0.9853,0.8702,0.2187,Within,0.0,0.0
E03527,IT,IT · Milan,Customer Service,L1,B,F,1.0,22400,23400,35427.3211,27639.7553,31785.7186,35931.6819,0.9573,0.7047,-0.6319,Below,5239.7553,0.0
E03528,DE,DE · Munich,HR,L3,D,M,0.8,65900,60800,83423.91,56058.4593,67270.1512,78481.843,1.0839,0.9796,0.4389,Within,0.0,0.0
E03529,IT,IT · Milan,Finance,L5,F,M,1.0,97650,82900,119149.3884,64544.8739,80681.0924,96817.3109,1.1779,1.2103,1.0258,Above,0.0,832.6891
E03530,PL,PL · Kraków,HR,L2,B,M,1.0,25700,26200,28111.3077,18287.8798,21031.0617,23774.2437,0.9809,1.222,1.351,Above,0.0,1925.7563
E03531,ES,ES · Barcelona,Operations,L1,B,F,1.0,22650,23800,23130.047,24961.0349,28705.1901,32449.3454,0.9517,0.7891,-0.3086,Below,2311.0349,0.0
E03532,IT,IT · Milan,Customer Service,L5,F,M,1.0,63300,67900,119149.3884,64544.8739,80681.0924,96817.3109,0.9323,0.7846,-0.0386,Below,1244.8739,0.0
E03534,IT,IT · Milan,Customer Service,L3,D,M,1.0,38850,37400,35427.3211,37095.0301,44514.0361,51933.0421,1.0388,0.8728,0.1183,Within,0.0,0.0
E03535,PL,PL · Kraków,Customer Service,L1,B,M,1.0,17000,18900,22098.6552,18287.8798,21031.0617,23774.2437,0.8995,0.8083,-0.2347,Below,1287.8798,0.0
E03536,PL,PL · Kraków,Tech,L2,B,F,1.0,35800,32800,28111.3077,18287.8798,21031.0617,23774.2437,1.0915,1.7022,3.1919,Above,0.0,12025.7563
E03537,IT,IT · Milan,Tech,L4,E,M,1.0,74600,68200,45051.5517,48685.6742,58422.809,68159.9438,1.0938,1.2769,1.3307,Above,0.0,6440.0562
E03539,PL,PL · Kraków,Sales,L1,A,M,1.0,23550,22000,28111.3077,16933.222,19473.2053,22013.1886,1.0705,1.2094,1.3025,Above,0.0,1536.8114
E03540,DE,DE · Munich,Finance,L1,A,M,1.0,41850,41800,52281.637,38675.4938,44476.8179,50278.142,1.0012,0.9409,0.2736,Within,0.0,0.0
E03541,ES,ES · Barcelona,Customer Service,L1,B,F,0.8,26200,22500,30175.2075,24961.0349,28705.1901,32449.3454,1.1644,0.9127,0.1655,Within,0.0,0.0
E03542,PL,PL · Kraków,Sales,L6,G,M,1.0,94050,88200,50412.649,56940.2199,74022.2858,91104.3518,1.0663,1.2706,1.0862,Above,0.0,2945.6482
E03543,DE,DE · Munich,Customer Service,L1,B,M,1.0,30250,34200,52281.637,41769.5333,48034.9633,54300.3934,0.8845,0.6297,-0.9193,Below,11519.5333,0.0
E03544,DE,DE · Munich,Customer Service,L4,E,F,1.0,77900,71800,63763.1933,73574.3812,88289.2574,103004.1336,1.085,0.8823,0.147,Within,0.0,0.0
E03547,DE,DE · Munich,Tech,L1,A,M,1.0,49000,47500,63763.1933,38675.4938,44476.8179,50278.142,1.0316,1.1017,0.8898,Within,0.0,0.0
E03549,PL,PL · Kraków,Tech,L1,A,M,1.0,26450,26200,28111.3077,16933.222,19473.2053,22013.1886,1.0095,1.3583,1.8734,Above,0.0,4436.8114
E03550,PL,PL · Kraków,Customer Service,L3,D,M,1.0,26050,30200,22098.6552,24543.9746,29452.7695,34361.5644,0.8626,0.8845,0.1534,Within,0.0,0.0
E03551,IT,IT · Milan,Finance,L2,B,F,1.0,36550,35800,44423.0257,27639.7553,31785.7186,35931.6819,1.0209,1.1499,1.0746,Above,0.0,618.3181
E03552,PL,PL · Kraków,HR,L2,B,F,0.8,23900,26200,28111.3077,18287.8798,21031.0617,23774.2437,0.9122,1.1364,1.0229,Above,0.0,100.605
E03553,IT,IT · Milan,Operations,L4,E,M,1.0,49900,51900,44423.0257,48685.6742,58422.809,68159.9438,0.9615,0.8541,0.0624,Within,0.0,0.0
E03554,IT,IT · Milan,Customer Service,L4,E,F,1.0,47550,49100,44423.0257,48685.6742,58422.809,68159.9438,0.9684,0.8139,-0.0583,Below,1135.6742,0.0
E03555,IT,IT · Milan,Sales,L4,E,M,1.0,61500,57300,44423.0257,48685.6742,58422.809,68159.9438,1.0733,1.0527,0.658,Within,0.0,0.0
E03556,PL,PL · Kraków,HR,L1,A,F,1.0,18150,21000,22098.6552,16933.222,19473.2053,22013.1886,0.8643,0.932,0.2395,Within,0.0,0.0
E03557,IT,IT · Milan,Customer Service,L2,C,F,1.0,29850,29200,35427.3211,29850.9357,34328.5761,38806.2164,1.0223,0.8695,-0.0001,Below,0.9357,0.0
E03558,PL,PL · Kraków,Customer Service,L2,C,F,1.0,26500,23600,22098.6552,19750.9101,22713.5467,25676.1832,1.1229,1.1667,1.139,Above,0.0,823.8168
E03559,IT,IT · Milan,Operations,L1,B,M,1.0,24100,24700,26363.3765,27639.7553,31785.7186,35931.6819,0.9757,0.7582,-0.4269,Below,3539.7553,0.0
E03560,PL,PL · Kraków,Customer Service,L4,E,F,1.0,40000,39700,28111.3077,32212.9392,38655.527,45098.1148,1.0076,1.0348,0.6043,Within,0.0,0.0
E03561,DE,DE · Munich,Operations,L3,D,M,0.8,59750,57800,47695.8157,56058.4593,67270.1512,78481.843,1.0337,0.8882,0.1646,Within,0.0,0.0
E03562,DE,DE · Munich,Operations,L2,C,F,1.0,45400,45100,47695.8157,45111.096,51877.7604,58644.4248,1.0067,0.8751,0.0213,Within,0.0,0.0
E03563,DE,DE · Munich,Tech,L2,B,M,1.0,58650,59400,63763.1933,41769.5333,48034.9633,54300.3934,0.9874,1.221,1.3471,Above,0.0,4349.6066
E03564,DE,DE · Munich,Tech,L2,B,M,1.0,55400,59400,63763.1933,41769.5333,48034.9633,54300.3934,0.9327,1.1533,1.0878,Above,0.0,1099.6066
E03566,IT,IT · Milan,Operations,L2,C,M,0.8,30700,30900,32970.682,29850.9357,34328.5761,38806.2164,0.9935,0.8943,0.0948,Within,0.0,0.0
E03567,PL,PL · Kraków,Customer Service,L4,E,F,0.8,37750,39700,28111.3077,32212.9392,38655.527,45098.1148,0.9509,0.9766,0.4297,Within,0.0,0.0
E03568,ES,ES · Barcelona,Finance,L2,B,M,1.0,35450,34400,38450.926,24961.0349,28705.1901,32449.3454,1.0305,1.235,1.4007,Above,0.0,3000.6546
E03569,PL,PL · Kraków,Operations,L4,E,M,1.0,39300,41900,28111.3077,32212.9392,38655.527,45098.1148,0.9379,1.0167,0.55,Within,0.0,0.0
E03570,IT,IT · Milan,Operations,L2,C,F,1.0,31750,30900,32970.682,29850.9357,34328.5761,38806.2164,1.0275,0.9249,0.2121,Within,0.0,0.0
E03571,ES,ES · Barcelona,Finance,L5,F,M,1.0,75300,79800,67142.552,58289.4759,72861.8449,87434.2139,0.9436,1.0335,0.5837,Within,0.0,0.0
E03573,PL,PL · Kraków,Customer Service,L4,E,M,1.0,40800,39700,28111.3077,32212.9392,38655.527,45098.1148,1.0277,1.0555,0.6664,Within,0.0,0.0
E03574,PL,PL · Kraków,Operations,L2,C,F,1.0,21350,24900,23500.5671,19750.9101,22713.5467,25676.1832,0.8574,0.94,0.2699,Within,0.0,0.0
E03575,PL,PL · Kraków,Customer Service,L1,B,F,0.8,18300,18900,22098.6552,18287.8798,21031.0617,23774.2437,0.9683,0.8701,0.0022,Within,0.0,0.0
E03576,ES,ES · Barcelona,Operations,L3,D,M,1.0,40250,38000,30735.5619,33499.9471,40199.9366,46899.926,1.0592,1.0012,0.5037,Within,0.0,0.0
E03577,PL,PL · Kraków,Sales,L1,A,F,1.0,24650,22000,28111.3077,16933.222,19473.2053,22013.1886,1.1205,1.2658,1.5191,Above,0.0,2636.8114
E03578,PL,PL · Kraków,Customer Service,L2,C,M,1.0,26300,23600,22098.6552,19750.9101,22713.5467,25676.1832,1.1144,1.1579,1.1053,Above,0.0,623.8168
E03579,IT,IT · Milan,Operations,L1,B,F,1.0,21700,24700,26363.3765,27639.7553,31785.7186,35931.6819,0.8785,0.6827,-0.7163,Below,5939.7553,0.0
E03580,ES,ES · Barcelona,Operations,L1,B,F,1.0,25450,23800,23130.047,24961.0349,28705.1901,32449.3454,1.0693,0.8866,0.0653,Within,0.0,0.0
E03582,PL,PL · Kraków,Customer Service,L6,G,M,1.0,82850,75600,50412.649,56940.2199,74022.2858,91104.3518,1.0959,1.1193,0.7584,Within,0.0,0.0
E03583,DE,DE · Munich,Customer Service,L2,C,M,1.0,41750,42800,52281.637,45111.096,51877.7604,58644.4248,0.9755,0.8048,-0.2484,Below,3361.096,0.0
E03584,IT,IT · Milan,Operations,L5,F,M,1.0,68050,71600,119149.3884,64544.8739,80681.0924,96817.3109,0.9504,0.8434,0.1086,Within,0.0,0.0
E03585,PL,PL · Kraków,Operations,L2,C,M,1.0,23500,24900,23500.5671,19750.9101,22713.5467,25676.1832,0.9438,1.0346,0.6327,Within,0.0,0.0
E03586,ES,ES · Barcelona,HR,L5,F,M,1.0,72150,72500,67142.552,58289.4759,72861.8449,87434.2139,0.9952,0.9902,0.4756,Within,0.0,0.0
E03587,PL,PL · Kraków,Tech,L3,D,F,1.0,40400,42000,34034.3671,24543.9746,29452.7695,34361.5644,0.9619,1.3717,1.6151,Above,0.0,6038.4356
E03588,PL,PL · Kraków,Tech,L3,D,M,1.0,39700,42000,34034.3671,24543.9746,29452.7695,34361.5644,0.9452,1.3479,1.5438,Above,0.0,5338.4356
E03590,IT,IT · Milan,Customer Service,L2,C,F,1.0,28700,29200,35427.3211,29850.9357,34328.5761,38806.2164,0.9829,0.836,-0.1285,Below,1150.9357,0.0
E03591,PL,PL · Kraków,Customer Service,L1,B,M,1.0,20300,18900,22098.6552,18287.8798,21031.0617,23774.2437,1.0741,0.9652,0.3667,Within,0.0,0.0
E03592,DE,DE · Munich,Operations,L1,B,M,1.0,36200,36100,36701.684,41769.5333,48034.9633,54300.3934,1.0028,0.7536,-0.4445,Below,5569.5333,0.0
E03593,ES,ES · Barcelona,Tech,L2,B,M,1.0,42350,39100,38450.926,24961.0349,28705.1901,32449.3454,1.0831,1.4753,2.3221,Above,0.0,9900.6546
E03594,ES,ES · Barcelona,Tech,L1,A,M,1.0,27500,31200,38450.926,23112.0694,26578.8798,30045.6902,0.8814,1.0347,0.6328,Within,0.0,0.0
E03595,PL,PL · Kraków,Operations,L2,C,M,1.0,25450,24900,23500.5671,19750.9101,22713.5467,25676.1832,1.0221,1.1205,0.9618,Within,0.0,0.0
E03596,ES,ES · Barcelona,Customer Service,L1,B,M,1.0,23250,22500,30175.2075,24961.0349,28705.1901,32449.3454,1.0333,0.81,-0.2285,Below,1711.0349,0.0
E03597,PL,PL · Kraków,Sales,L4,E,M,1.0,44900,46300,28111.3077,32212.9392,38655.527,45098.1148,0.9698,1.1615,0.9846,Within,0.0,0.0
E03598,DE,DE · Munich,HR,L2,B,F,1.0,47100,47500,63763.1933,41769.5333,48034.9633,54300.3934,0.9916,0.9805,0.4254,Within,0.0,0.0
E03599,IT,IT · Milan,HR,L1,A,M,0.8,27350,26000,35427.3211,25592.366,29431.2209,33270.0758,1.0519,0.9293,0.2289,Within,0.0,0.0
E03601,IT,IT · Milan,Sales,L3,D,F,1.0,38950,43700,44423.0257,37095.0301,44514.0361,51933.0421,0.8913,0.875,0.125,Within,0.0,0.0
E03602,IT,IT · Milan,Customer Service,L2,C,M,1.0,27800,29200,35427.3211,29850.9357,34328.5761,38806.2164,0.9521,0.8098,-0.229,Below,2050.9357,0.0
E03603,IT,IT · Milan,HR,L2,B,F,1.0,31800,32500,44423.0257,27639.7553,31785.7186,35931.6819,0.9785,1.0004,0.5017,Within,0.0,0.0
E03604,ES,ES · Barcelona,Operations,L3,D,M,1.0,34150,38000,30735.5619,33499.9471,40199.9366,46899.926,0.8987,0.8495,0.0485,Within,0.0,0.0
E03605,IT,IT · Milan,Sales,L1,A,F,1.0,26000,27300,44423.0257,25592.366,29431.2209,33270.0758,0.9524,0.8834,0.0531,Within,0.0,0.0
E03606,PL,PL · Kraków,Operations,L3,D,F,1.0,24200,31900,23500.5671,24543.9746,29452.7695,34361.5644,0.7586,0.8217,-0.035,Below,343.9746,0.0
E03607,PL,PL · Kraków,Tech,L2,B,F,1.0,35750,32800,28111.3077,18287.8798,21031.0617,23774.2437,1.0899,1.6999,3.1828,Above,0.0,11975.7563
E03608,IT,IT · Milan,HR,L3,D,F,1.0,41400,41600,45051.5517,37095.0301,44514.0361,51933.0421,0.9952,0.93,0.2901,Within,0.0,0.0
E03610,DE,DE · Munich,Sales,L1,A,F,1.0,34600,39900,63763.1933,38675.4938,44476.8179,50278.142,0.8672,0.7779,-0.3513,Below,4075.4938,0.0
E03611,DE,DE · Munich,HR,L4,E,F,1.0,82450,79800,83423.91,73574.3812,88289.2574,103004.1336,1.0332,0.9339,0.3016,Within,0.0,0.0
E03614,DE,DE · Munich,Operations,L3,D,M,0.8,66050,57800,47695.8157,56058.4593,67270.1512,78481.843,1.1427,0.9819,0.4456,Within,0.0,0.0
E03615,DE,DE · Munich,Sales,L3,D,M,1.0,57600,63800,63763.1933,56058.4593,67270.1512,78481.843,0.9028,0.8562,0.0687,Within,0.0,0.0
E03616,IT,IT · Milan,HR,L1,A,F,1.0,26600,26000,35427.3211,25592.366,29431.2209,33270.0758,1.0231,0.9038,0.1312,Within,0.0,0.0
E03617,PL,PL · Kraków,Operations,L3,D,F,1.0,33850,31900,23500.5671,24543.9746,29452.7695,34361.5644,1.0611,1.1493,0.9479,Within,0.0,0.0
E03618,IT,IT · Milan,Sales,L2,C,F,1.0,38400,34100,44423.0257,29850.9357,34328.5761,38806.2164,1.1261,1.1186,0.9546,Within,0.0,0.0
E03619,PL,PL · Kraków,HR,L3,D,F,1.0,33650,33600,34034.3671,24543.9746,29452.7695,34361.5644,1.0015,1.1425,0.9275,Within,0.0,0.0
E03620,PL,PL · Kraków,Finance,L5,F,F,1.0,75850,67000,50412.649,42706.1992,53382.7489,64059.2987,1.1321,1.4209,1.5522,Above,0.0,11790.7013
E03621,IT,IT · Milan,Operations,L2,C,F,1.0,33450,30900,32970.682,29850.9357,34328.5761,38806.2164,1.0825,0.9744,0.4019,Within,0.0,0.0
E03622,IT,IT · Milan,Customer Service,L3,D,F,0.8,38850,37400,35427.3211,37095.0301,44514.0361,51933.0421,1.0388,0.8728,0.1183,Within,0.0,0.0
E03623,ES,ES · Barcelona,Customer Service,L3,D,F,1.0,33500,36000,30175.2075,33499.9471,40199.9366,46899.926,0.9306,0.8333,0.0,Within,0.0,0.0
E03624,PL,PL · Kraków,Finance,L3,D,F,1.0,34300,37000,34034.3671,24543.9746,29452.7695,34361.5644,0.927,1.1646,0.9937,Within,0.0,0.0
E03625,PL,PL · Kraków,Sales,L2,C,M,1.0,26000,27600,28111.3077,19750.9101,22713.5467,25676.1832,0.942,1.1447,1.0547,Above,0.0,323.8168
E03626,IT,IT · Milan,Customer Service,L1,B,M,1.0,25550,23400,35427.3211,27639.7553,31785.7186,35931.6819,1.0919,0.8038,-0.252,Below,2089.7553,0.0
E03627,IT,IT · Milan,Tech,L1,A,F,1.0,31050,32500,44423.0257,25592.366,29431.2209,33270.0758,0.9554,1.055,0.7108,Within,0.0,0.0
E03628,IT,IT · Milan,Customer Service,L5,F,F,1.0,72750,67900,119149.3884,64544.8739,80681.0924,96817.3109,1.0714,0.9017,0.2542,Within,0.0,0.0
E03629,PL,PL · Kraków,Tech,L2,B,F,1.0,33100,32800,28111.3077,18287.8798,21031.0617,23774.2437,1.0091,1.5739,2.6998,Above,0.0,9325.7563
E03630,PL,PL · Kraków,Operations,L1,B,M,1.0,24050,20000,17581.1795,18287.8798,21031.0617,23774.2437,1.2025,1.1435,1.0503,Above,0.0,275.7563
E03631,ES,ES · Barcelona,Customer Service,L3,D,M,1.0,36500,36000,30175.2075,33499.9471,40199.9366,46899.926,1.0139,0.908,0.2239,Within,0.0,0.0
E03632,IT,IT · Milan,Customer Service,L2,C,M,1.0,27650,29200,35427.3211,29850.9357,34328.5761,38806.2164,0.9469,0.8055,-0.2458,Below,2200.9357,0.0
E03633,PL,PL · Kraków,Customer Service,L2,C,F,1.0,23600,23600,22098.6552,19750.9101,22713.5467,25676.1832,1.0,1.039,0.6496,Within,0.0,0.0
E03634,IT,IT · Milan,Customer Service,L3,D,M,1.0,39650,37400,35427.3211,37095.0301,44514.0361,51933.0421,1.0602,0.8907,0.1722,Within,0.0,0.0
E03635,IT,IT · Milan,Operations,L2,C,F,1.0,29650,30900,32970.682,29850.9357,34328.5761,38806.2164,0.9595,0.8637,-0.0224,Below,200.9357,0.0
E03636,PL,PL · Kraków,Tech,L3,D,M,1.0,41600,42000,34034.3671,24543.9746,29452.7695,34361.5644,0.9905,1.4124,1.7373,Above,0.0,7238.4356
E03638,PL,PL · Kraków,Tech,L4,E,M,1.0,61800,55100,34034.3671,32212.9392,38655.527,45098.1148,1.1216,1.5987,2.2962,Above,0.0,16701.8852
E03639,IT,IT · Milan,Customer Service,L1,B,M,1.0,23200,23400,35427.3211,27639.7553,31785.7186,35931.6819,0.9915,0.7299,-0.5354,Below,4439.7553,0.0
E03640,IT,IT · Milan,Sales,L6,G,M,1.0,102800,109200,119149.3884,86057.7477,111875.072,137692.3963,0.9414,0.9189,0.3242,Within,0.0,0.0
E03642,PL,PL · Kraków,Operations,L3,D,F,1.0,30200,31900,23500.5671,24543.9746,29452.7695,34361.5644,0.9467,1.0254,0.5761,Within,0.0,0.0
E03643,IT,IT · Milan,Customer Service,L3,D,M,1.0,36750,37400,35427.3211,37095.0301,44514.0361,51933.0421,0.9826,0.8256,-0.0233,Below,345.0301,0.0
E03644,IT,IT · Milan,Customer Service,L1,B,M,1.0,18900,23400,35427.3211,27639.7553,31785.7186,35931.6819,0.8077,0.5946,-1.054,Below,8739.7553,0.0
E03645,DE,DE · Munich,HR,L1,A,F,1.0,41800,38000,52281.637,38675.4938,44476.8179,50278.142,1.1,0.9398,0.2693,Within,0.0,0.0
E03646,PL,PL · Kraków,Finance,L3,D,F,1.0,39600,37000,34034.3671,24543.9746,29452.7695,34361.5644,1.0703,1.3445,1.5336,Above,0.0,5238.4356
E03647,IT,IT · Milan,Customer Service,L2,C,F,1.0,30550,29200,35427.3211,29850.9357,34328.5761,38806.2164,1.0462,0.8899,0.0781,Within,0.0,0.0
E03648,DE,DE · Munich,Finance,L3,D,F,1.0,65250,66900,83423.91,56058.4593,67270.1512,78481.843,0.9753,0.97,0.4099,Within,0.0,0.0
E03650,DE,DE · Munich,Sales,L4,E,M,1.0,88850,83800,63763.1933,73574.3812,88289.2574,103004.1336,1.0603,1.0064,0.5191,Within,0.0,0.0
E03651,DE,DE · Munich,Tech,L3,D,M,1.0,68400,76000,83423.91,56058.4593,67270.1512,78481.843,0.9,1.0168,0.5504,Within,0.0,0.0
E03652,IT,IT · Milan,HR,L1,A,F,1.0,29450,26000,35427.3211,25592.366,29431.2209,33270.0758,1.1327,1.0006,0.5024,Within,0.0,0.0
E03653,IT,IT · Milan,Operations,L3,D,F,1.0,44050,39500,32970.682,37095.0301,44514.0361,51933.0421,1.1152,0.9896,0.4687,Within,0.0,0.0
E03654,IT,IT · Milan,Sales,L4,E,M,1.0,48200,57300,44423.0257,48685.6742,58422.809,68159.9438,0.8412,0.825,-0.0249,Below,485.6742,0.0
E03655,PL,PL · Kraków,HR,L4,E,M,1.0,44150,44100,34034.3671,32212.9392,38655.527,45098.1148,1.0011,1.1421,0.9264,Within,0.0,0.0
E03657,ES,ES · Barcelona,Customer Service,L3,D,F,1.0,37500,36000,30175.2075,33499.9471,40199.9366,46899.926,1.0417,0.9328,0.2985,Within,0.0,0.0
E03658,PL,PL · Kraków,Tech,L4,E,M,1.0,57700,55100,34034.3671,32212.9392,38655.527,45098.1148,1.0472,1.4927,1.978,Above,0.0,12601.8852
E03659,IT,IT · Milan,Sales,L1,A,F,1.0,32750,27300,44423.0257,25592.366,29431.2209,33270.0758,1.1996,1.1128,0.9323,Within,0.0,0.0
E03660,ES,ES · Barcelona,Customer Service,L2,C,F,1.0,25700,28100,30175.2075,26957.9177,31001.6053,35045.293,0.9146,0.829,-0.1555,Below,1257.9177,0.0
E03661,IT,IT · Milan,Operations,L1,B,F,1.0,25650,24700,26363.3765,27639.7553,31785.7186,35931.6819,1.0385,0.807,-0.24,Below,1989.7553,0.0
E03662,PL,PL · Kraków,Tech,L2,B,F,1.0,33800,32800,28111.3077,18287.8798,21031.0617,23774.2437,1.0305,1.6071,2.8274,Above,0.0,10025.7563
E03663,IT,IT · Milan,Tech,L3,D,F,1.0,46050,52000,45051.5517,37095.0301,44514.0361,51933.0421,0.8856,1.0345,0.6035,Within,0.0,0.0
E03664,PL,PL · Kraków,Tech,L2,B,M,1.0,36550,32800,28111.3077,18287.8798,21031.0617,23774.2437,1.1143,1.7379,3.3286,Above,0.0,12775.7563
E03665,IT,IT · Milan,Finance,L1,A,M,1.0,31200,28600,35427.3211,25592.366,29431.2209,33270.0758,1.0909,1.0601,0.7304,Within,0.0,0.0
E03667,IT,IT · Milan,Sales,L2,C,F,1.0,36500,34100,44423.0257,29850.9357,34328.5761,38806.2164,1.0704,1.0633,0.7425,Within,0.0,0.0
E03669,PL,PL · Kraków,Finance,L4,E,M,1.0,39250,48500,34034.3671,32212.9392,38655.527,45098.1148,0.8093,1.0154,0.5461,Within,0.0,0.0
E03670,IT,IT · Milan,Customer Service,L2,C,F,1.0,25500,29200,35427.3211,29850.9357,34328.5761,38806.2164,0.8733,0.7428,-0.4859,Below,4350.9357,0.0
E03671,DE,DE · Munich,HR,L1,A,F,1.0,36300,38000,52281.637,38675.4938,44476.8179,50278.142,0.9553,0.8162,-0.2047,Below,2375.4938,0.0
E03673,IT,IT · Milan,Customer Service,L2,C,M,1.0,28000,29200,35427.3211,29850.9357,34328.5761,38806.2164,0.9589,0.8156,-0.2067,Below,1850.9357,0.0
E03674,IT,IT · Milan,Sales,L3,D,M,1.0,44100,43700,44423.0257,37095.0301,44514.0361,51933.0421,1.0092,0.9907,0.4721,Within,0.0,0.0
E03675,DE,DE · Munich,Operations,L6,G,M,1.0,132200,144400,123043.8439,130051.5118,169066.9654,208082.4189,0.9155,0.7819,0.0275,Within,0.0,0.0
E03676,IT,IT · Milan,Sales,L2,C,M,1.0,30650,34100,44423.0257,29850.9357,34328.5761,38806.2164,0.8988,0.8928,0.0892,Within,0.0,0.0
E03677,IT,IT · Milan,Customer Service,L6,G,M,1.0,88450,93600,119149.3884,86057.7477,111875.072,137692.3963,0.945,0.7906,0.0463,Within,0.0,0.0
E03678,IT,IT · Milan,Customer Service,L1,B,F,1.0,22750,23400,35427.3211,27639.7553,31785.7186,35931.6819,0.9722,0.7157,-0.5897,Below,4889.7553,0.0
E03679,DE,DE · Munich,Customer Service,L2,C,F,1.0,42400,42800,52281.637,45111.096,51877.7604,58644.4248,0.9907,0.8173,-0.2003,Below,2711.096,0.0
E03680,IT,IT · Milan,HR,L4,E,F,1.0,54700,54600,45051.5517,48685.6742,58422.809,68159.9438,1.0018,0.9363,0.3088,Within,0.0,0.0
E03681,DE,DE · Munich,Tech,L6,G,M,1.0,198700,190000,123043.8439,130051.5118,169066.9654,208082.4189,1.0458,1.1753,0.8798,Within,0.0,0.0
E03682,PL,PL · Kraków,Operations,L3,D,M,1.0,31800,31900,23500.5671,24543.9746,29452.7695,34361.5644,0.9969,1.0797,0.7391,Within,0.0,0.0
E03683,PL,PL · Kraków,Operations,L1,B,M,1.0,19450,20000,17581.1795,18287.8798,21031.0617,23774.2437,0.9725,0.9248,0.2118,Within,0.0,0.0
E03684,PL,PL · Kraków,Customer Service,L5,F,M,1.0,38450,54800,50412.649,42706.1992,53382.7489,64059.2987,0.7016,0.7203,-0.1993,Below,4256.1992,0.0
E03685,DE,DE · Munich,Sales,L4,E,M,1.0,77500,83800,63763.1933,73574.3812,88289.2574,103004.1336,0.9248,0.8778,0.1334,Within,0.0,0.0
E03688,IT,IT · Milan,Customer Service,L1,B,F,1.0,23400,23400,35427.3211,27639.7553,31785.7186,35931.6819,1.0,0.7362,-0.5113,Below,4239.7553,0.0
E03690,DE,DE · Munich,Tech,L1,A,F,1.0,50500,47500,63763.1933,38675.4938,44476.8179,50278.142,1.0632,1.1354,1.0191,Above,0.0,221.858
E03693,PL,PL · Kraków,Customer Service,L2,C,F,1.0,23650,23600,22098.6552,19750.9101,22713.5467,25676.1832,1.0021,1.0412,0.658,Within,0.0,0.0
E03694,ES,ES · Barcelona,Sales,L1,A,F,1.0,24700,26200,38450.926,23112.0694,26578.8798,30045.6902,0.9427,0.9293,0.229,Within,0.0,0.0
E03696,PL,PL · Kraków,Customer Service,L4,E,M,1.0,42050,39700,28111.3077,32212.9392,38655.527,45098.1148,1.0592,1.0878,0.7634,Within,0.0,0.0
E03697,IT,IT · Milan,Sales,L3,D,F,1.0,39450,43700,44423.0257,37095.0301,44514.0361,51933.0421,0.9027,0.8862,0.1587,Within,0.0,0.0
E03698,IT,IT · Milan,Sales,L5,F,F,0.8,76550,79200,119149.3884,64544.8739,80681.0924,96817.3109,0.9665,0.9488,0.372,Within,0.0,0.0
E03699,IT,IT · Milan,Finance,L1,A,F,1.0,28050,28600,35427.3211,25592.366,29431.2209,33270.0758,0.9808,0.9531,0.3201,Within,0.0,0.0
E03700,IT,IT · Milan,Customer Service,L1,B,M,1.0,22450,23400,35427.3211,27639.7553,31785.7186,35931.6819,0.9594,0.7063,-0.6259,Below,5189.7553,0.0
E03701,PL,PL · Kraków,HR,L1,A,M,1.0,21150,21000,22098.6552,16933.222,19473.2053,22013.1886,1.0071,1.0861,0.8301,Within,0.0,0.0
E03702,ES,ES · Barcelona,Sales,L4,E,M,1.0,54850,55100,38450.926,43967.2783,52760.7339,61554.1896,0.9955,1.0396,0.6188,Within,0.0,0.0
E03703,ES,ES · Barcelona,Tech,L5,F,F,1.0,97500,90600,67142.552,58289.4759,72861.8449,87434.2139,1.0762,1.3381,1.3454,Above,0.0,10065.7861
E03704,DE,DE · Munich,Customer Service,L2,C,M,1.0,48500,42800,52281.637,45111.096,51877.7604,58644.4248,1.1332,0.9349,0.2504,Within,0.0,0.0
E03705,IT,IT · Milan,Tech,L3,D,M,0.8,50050,52000,45051.5517,37095.0301,44514.0361,51933.0421,0.9625,1.1244,0.8731,Within,0.0,0.0
E03706,PL,PL · Kraków,Customer Service,L3,D,M,0.8,29350,30200,22098.6552,24543.9746,29452.7695,34361.5644,0.9719,0.9965,0.4895,Within,0.0,0.0
E03707,IT,IT · Milan,Finance,L2,B,M,1.0,38500,35800,44423.0257,27639.7553,31785.7186,35931.6819,1.0754,1.2112,1.3097,Above,0.0,2568.3181
E03708,IT,IT · Milan,Operations,L6,G,F,1.0,98500,98800,119149.3884,86057.7477,111875.072,137692.3963,0.997,0.8804,0.241,Within,0.0,0.0
E03709,DE,DE · Munich,Customer Service,L1,B,M,1.0,34400,34200,52281.637,41769.5333,48034.9633,54300.3934,1.0058,0.7161,-0.5881,Below,7369.5333,0.0
E03711,ES,ES · Barcelona,Sales,L4,E,M,1.0,52600,55100,38450.926,43967.2783,52760.7339,61554.1896,0.9546,0.997,0.4909,Within,0.0,0.0
E03712,IT,IT · Milan,Sales,L4,E,M,1.0,65800,57300,44423.0257,48685.6742,58422.809,68159.9438,1.1483,1.1263,0.8788,Within,0.0,0.0
E03713,IT,IT · Milan,Operations,L2,C,F,1.0,30350,30900,32970.682,29850.9357,34328.5761,38806.2164,0.9822,0.8841,0.0557,Within,0.0,0.0
E03715,IT,IT · Milan,Operations,L2,C,F,1.0,27650,30900,32970.682,29850.9357,34328.5761,38806.2164,0.8948,0.8055,-0.2458,Below,2200.9357,0.0
E03716,DE,DE · Munich,Tech,L4,E,M,1.0,107500,99800,83423.91,73574.3812,88289.2574,103004.1336,1.0772,1.2176,1.1528,Above,0.0,4495.8664
E03717,IT,IT · Milan,Finance,L3,D,F,1.0,48000,45800,45051.5517,37095.0301,44514.0361,51933.0421,1.048,1.0783,0.7349,Within,0.0,0.0
E03718,PL,PL · Kraków,Sales,L1,A,F,1.0,25400,22000,28111.3077,16933.222,19473.2053,22013.1886,1.1545,1.3044,1.6667,Above,0.0,3386.8114
E03719,IT,IT · Milan,Customer Service,L2,C,F,1.0,29800,29200,35427.3211,29850.9357,34328.5761,38806.2164,1.0205,0.8681,-0.0057,Below,50.9357,0.0
E03720,IT,IT · Milan,Finance,L3,D,M,1.0,51250,45800,45051.5517,37095.0301,44514.0361,51933.0421,1.119,1.1513,0.954,Within,0.0,0.0
E03721,PL,PL · Kraków,Customer Service,L4,E,F,0.8,38550,39700,28111.3077,32212.9392,38655.527,45098.1148,0.971,0.9973,0.4918,Within,0.0,0.0
E03722,PL,PL · Kraków,Operations,L1,B,M,1.0,21850,20000,17581.1795,18287.8798,21031.0617,23774.2437,1.0925,1.0389,0.6493,Within,0.0,0.0
E03723,PL,PL · Kraków,Tech,L2,B,M,1.0,30900,32800,28111.3077,18287.8798,21031.0617,23774.2437,0.9421,1.4693,2.2988,Above,0.0,7125.7563
E03725,PL,PL · Kraków,Tech,L3,D,M,0.8,40300,42000,34034.3671,24543.9746,29452.7695,34361.5644,0.9595,1.3683,1.6049,Above,0.0,4750.7485
E03727,PL,PL · Kraków,Finance,L5,F,M,1.0,69950,67000,50412.649,42706.1992,53382.7489,64059.2987,1.044,1.3103,1.2759,Above,0.0,5890.7013
E03729,PL,PL · Kraków,Operations,L3,D,M,1.0,38500,31900,23500.5671,24543.9746,29452.7695,34361.5644,1.2069,1.3072,1.4215,Above,0.0,4138.4356
E03730,PL,PL · Kraków,Operations,L2,C,M,1.0,26700,24900,23500.5671,19750.9101,22713.5467,25676.1832,1.0723,1.1755,1.1728,Above,0.0,1023.8168
E03733,DE,DE · Munich,Tech,L3,D,F,1.0,82150,76000,83423.91,56058.4593,67270.1512,78481.843,1.0809,1.2212,1.1636,Above,0.0,3668.157
E03734,IT,IT · Milan,Tech,L2,B,M,1.0,43650,40600,44423.0257,27639.7553,31785.7186,35931.6819,1.0751,1.3733,1.9308,Above,0.0,7718.3181
E03735,ES,ES · Barcelona,Tech,L3,D,M,0.8,48900,50000,49137.1558,33499.9471,40199.9366,46899.926,0.978,1.2164,1.1493,Above,0.0,1600.0592
E03736,PL,PL · Kraków,Finance,L3,D,M,0.8,36750,37000,34034.3671,24543.9746,29452.7695,34361.5644,0.9932,1.2478,1.2433,Above,0.0,1910.7485
E03737,PL,PL · Kraków,Sales,L3,D,F,1.0,40400,35300,28111.3077,24543.9746,29452.7695,34361.5644,1.1445,1.3717,1.6151,Above,0.0,6038.4356
E03738,DE,DE · Munich,Customer Service,L1,B,M,1.0,34250,34200,52281.637,41769.5333,48034.9633,54300.3934,1.0015,0.713,-0.6001,Below,7519.5333,0.0
E03739,IT,IT · Milan,Customer Service,L1,B,F,1.0,21850,23400,35427.3211,27639.7553,31785.7186,35931.6819,0.9338,0.6874,-0.6982,Below,5789.7553,0.0
E03740,IT,IT · Milan,Customer Service,L2,C,F,1.0,23250,29200,35427.3211,29850.9357,34328.5761,38806.2164,0.7962,0.6773,-0.7371,Below,6600.9357,0.0
E03741,PL,PL · Kraków,Finance,L2,B,F,1.0,32550,28900,28111.3077,18287.8798,21031.0617,23774.2437,1.1263,1.5477,2.5996,Above,0.0,8775.7563
E03742,DE,DE · Munich,Operations,L2,C,F,1.0,39450,45100,47695.8157,45111.096,51877.7604,58644.4248,0.8747,0.7604,-0.4183,Below,5661.096,0.0
E03744,DE,DE · Munich,Customer Service,L2,C,F,1.0,40250,42800,52281.637,45111.096,51877.7604,58644.4248,0.9404,0.7759,-0.3592,Below,4861.096,0.0
E03746,ES,ES · Barcelona,Customer Service,L1,B,F,1.0,24750,22500,30175.2075,24961.0349,28705.1901,32449.3454,1.1,0.8622,-0.0282,Below,211.0349,0.0
E03747,IT,IT · Milan,Customer Service,L4,E,F,1.0,52450,49100,44423.0257,48685.6742,58422.809,68159.9438,1.0682,0.8978,0.1933,Within,0.0,0.0
E03748,PL,PL · Kraków,Operations,L2,C,M,0.8,27750,24900,23500.5671,19750.9101,22713.5467,25676.1832,1.1145,1.2217,1.35,Above,0.0,1659.0534
E03749,PL,PL · Kraków,Sales,L3,D,F,1.0,37050,35300,28111.3077,24543.9746,29452.7695,34361.5644,1.0496,1.2579,1.2738,Above,0.0,2688.4356
E03750,IT,IT · Milan,Operations,L3,D,F,1.0,40300,39500,32970.682,37095.0301,44514.0361,51933.0421,1.0203,0.9053,0.216,Within,0.0,0.0
E03751,PL,PL · Kraków,Finance,L3,D,F,1.0,36400,37000,34034.3671,24543.9746,29452.7695,34361.5644,0.9838,1.2359,1.2076,Above,0.0,2038.4356
E03752,PL,PL · Kraków,Finance,L4,E,M,1.0,48600,48500,34034.3671,32212.9392,38655.527,45098.1148,1.0021,1.2573,1.2718,Above,0.0,3501.8852
E03754,PL,PL · Kraków,Customer Service,L3,D,M,1.0,33300,30200,22098.6552,24543.9746,29452.7695,34361.5644,1.1026,1.1306,0.8919,Within,0.0,0.0
E03755,IT,IT · Milan,Sales,L2,C,M,1.0,26800,34100,44423.0257,29850.9357,34328.5761,38806.2164,0.7859,0.7807,-0.3407,Below,3050.9357,0.0
E03756,ES,ES · Barcelona,Operations,L4,E,M,1.0,51800,49900,38450.926,43967.2783,52760.7339,61554.1896,1.0381,0.9818,0.4454,Within,0.0,0.0
E03757,ES,ES · Barcelona,Customer Service,L3,D,M,1.0,34650,36000,30175.2075,33499.9471,40199.9366,46899.926,0.9625,0.8619,0.0858,Within,0.0,0.0
E03758,PL,PL · Kraków,Operations,L5,F,F,1.0,68150,57900,50412.649,42706.1992,53382.7489,64059.2987,1.177,1.2766,1.1916,Above,0.0,4090.7013
E03759,IT,IT · Milan,Tech,L4,E,F,1.0,69150,68200,45051.5517,48685.6742,58422.809,68159.9438,1.0139,1.1836,1.0508,Above,0.0,990.0562
E03761,IT,IT · Milan,Sales,L3,D,F,1.0,39300,43700,44423.0257,37095.0301,44514.0361,51933.0421,0.8993,0.8829,0.1486,Within,0.0,0.0
E03762,PL,PL · Kraków,Tech,L2,B,M,1.0,34200,32800,28111.3077,18287.8798,21031.0617,23774.2437,1.0427,1.6262,2.9003,Above,0.0,10425.7563
E03763,IT,IT · Milan,HR,L1,A,M,1.0,26500,26000,35427.3211,25592.366,29431.2209,33270.0758,1.0192,0.9004,0.1182,Within,0.0,0.0
E03764,IT,IT · Milan,HR,L2,B,F,1.0,35100,32500,44423.0257,27639.7553,31785.7186,35931.6819,1.08,1.1043,0.8997,Within,0.0,0.0
E03765,PL,PL · Kraków,Customer Service,L4,E,M,1.0,40600,39700,28111.3077,32212.9392,38655.527,45098.1148,1.0227,1.0503,0.6509,Within,0.0,0.0
E03766,PL,PL · Kraków,Customer Service,L1,B,F,0.8,20350,18900,22098.6552,18287.8798,21031.0617,23774.2437,1.0767,0.9676,0.3759,Within,0.0,0.0
E03767,PL,PL · Kraków,Tech,L4,E,M,1.0,38150,55100,34034.3671,32212.9392,38655.527,45098.1148,0.6924,0.9869,0.4608,Within,0.0,0.0
E03768,IT,IT · Milan,Customer Service,L1,B,F,1.0,21100,23400,35427.3211,27639.7553,31785.7186,35931.6819,0.9017,0.6638,-0.7887,Below,6539.7553,0.0
E03769,PL,PL · Kraków,Sales,L1,A,F,1.0,23900,22000,28111.3077,16933.222,19473.2053,22013.1886,1.0864,1.2273,1.3714,Above,0.0,1886.8114
E03770,PL,PL · Kraków,Operations,L2,C,M,1.0,25450,24900,23500.5671,19750.9101,22713.5467,25676.1832,1.0221,1.1205,0.9618,Within,0.0,0.0
E03771,IT,IT · Milan,Customer Service,L3,D,M,1.0,33700,37400,35427.3211,37095.0301,44514.0361,51933.0421,0.9011,0.7571,-0.2288,Below,3395.0301,0.0
E03772,DE,DE · Munich,Tech,L4,E,M,1.0,88400,99800,83423.91,73574.3812,88289.2574,103004.1336,0.8858,1.0013,0.5038,Within,0.0,0.0
E03773,PL,PL · Kraków,Operations,L1,B,M,1.0,20650,20000,17581.1795,18287.8798,21031.0617,23774.2437,1.0325,0.9819,0.4305,Within,0.0,0.0
E03774,PL,PL · Kraków,Customer Service,L1,B,M,1.0,18650,18900,22098.6552,18287.8798,21031.0617,23774.2437,0.9868,0.8868,0.066,Within,0.0,0.0
E03775,PL,PL · Kraków,Customer Service,L2,C,F,1.0,24250,23600,22098.6552,19750.9101,22713.5467,25676.1832,1.0275,1.0676,0.7593,Within,0.0,0.0
E03776,IT,IT · Milan,Operations,L2,C,F,1.0,28450,30900,32970.682,29850.9357,34328.5761,38806.2164,0.9207,0.8288,-0.1564,Below,1400.9357,0.0
E03778,PL,PL · Kraków,Customer Service,L3,D,F,1.0,32950,30200,22098.6552,24543.9746,29452.7695,34361.5644,1.0911,1.1187,0.8562,Within,0.0,0.0
E03780,PL,PL · Kraków,Customer Service,L2,C,F,1.0,24400,23600,22098.6552,19750.9101,22713.5467,25676.1832,1.0339,1.0742,0.7846,Within,0.0,0.0
E03781,IT,IT · Milan,HR,L3,D,M,1.0,37150,41600,45051.5517,37095.0301,44514.0361,51933.0421,0.893,0.8346,0.0037,Within,0.0,0.0
E03782,ES,ES · Barcelona,Customer Service,L1,B,F,1.0,26350,22500,30175.2075,24961.0349,28705.1901,32449.3454,1.1711,0.918,0.1855,Within,0.0,0.0
E03783,PL,PL · Kraków,Sales,L2,C,F,1.0,29050,27600,28111.3077,19750.9101,22713.5467,25676.1832,1.0525,1.279,1.5694,Above,0.0,3373.8168
E03784,PL,PL · Kraków,Finance,L1,A,F,1.0,24050,23100,22098.6552,16933.222,19473.2053,22013.1886,1.0411,1.235,1.4009,Above,0.0,2036.8114
E03786,IT,IT · Milan,Sales,L1,A,F,0.8,24700,27300,44423.0257,25592.366,29431.2209,33270.0758,0.9048,0.8392,-0.1162,Below,713.8928,0.0
E03787,IT,IT · Milan,Tech,L2,B,F,1.0,40050,40600,44423.0257,27639.7553,31785.7186,35931.6819,0.9865,1.26,1.4967,Above,0.0,4118.3181
E03788,PL,PL · Kraków,Customer Service,L1,B,F,1.0,18300,18900,22098.6552,18287.8798,21031.0617,23774.2437,0.9683,0.8701,0.0022,Within,0.0,0.0
E03789,DE,DE · Munich,HR,L4,E,F,1.0,63650,79800,83423.91,73574.3812,88289.2574,103004.1336,0.7976,0.7209,-0.3372,Below,9924.3812,0.0
E03790,IT,IT · Milan,Customer Service,L4,E,F,1.0,50250,49100,44423.0257,48685.6742,58422.809,68159.9438,1.0234,0.8601,0.0803,Within,0.0,0.0
E03792,PL,PL · Kraków,Sales,L2,C,F,1.0,24000,27600,28111.3077,19750.9101,22713.5467,25676.1832,0.8696,1.0566,0.7171,Within,0.0,0.0
E03793,IT,IT · Milan,Operations,L4,E,M,1.0,48800,51900,44423.0257,48685.6742,58422.809,68159.9438,0.9403,0.8353,0.0059,Within,0.0,0.0
E03794,ES,ES · Barcelona,Customer Service,L1,B,F,1.0,21000,22500,30175.2075,24961.0349,28705.1901,32449.3454,0.9333,0.7316,-0.529,Below,3961.0349,0.0
E03795,PL,PL · Kraków,Operations,L5,F,M,0.8,63450,57900,50412.649,42706.1992,53382.7489,64059.2987,1.0959,1.1886,0.9715,Within,0.0,0.0
E03796,DE,DE · Munich,Finance,L4,E,F,1.0,84100,87800,83423.91,73574.3812,88289.2574,103004.1336,0.9579,0.9526,0.3577,Within,0.0,0.0
E03797,ES,ES · Barcelona,Finance,L3,D,F,1.0,47650,44000,49137.1558,33499.9471,40199.9366,46899.926,1.083,1.1853,1.056,Above,0.0,750.074
E03798,DE,DE · Munich,Finance,L4,E,F,0.8,81400,87800,83423.91,73574.3812,88289.2574,103004.1336,0.9271,0.922,0.2659,Within,0.0,0.0
E03799,IT,IT · Milan,Operations,L2,C,F,1.0,31500,30900,32970.682,29850.9357,34328.5761,38806.2164,1.0194,0.9176,0.1841,Within,0.0,0.0
E03801,IT,IT · Milan,Tech,L5,F,F,1.0,83350,94200,119149.3884,64544.8739,80681.0924,96817.3109,0.8848,1.0331,0.5827,Within,0.0,0.0
E03803,DE,DE · Munich,Customer Service,L5,F,M,1.0,114250,99200,123043.8439,97540.9961,121926.2452,146311.4942,1.1517,0.937,0.3426,Within,0.0,0.0
E03804,PL,PL · Kraków,Finance,L1,A,M,1.0,21100,23100,22098.6552,16933.222,19473.2053,22013.1886,0.9134,1.0835,0.8202,Within,0.0,0.0
E03805,ES,ES · Barcelona,Operations,L1,B,F,1.0,21600,23800,23130.047,24961.0349,28705.1901,32449.3454,0.9076,0.7525,-0.4488,Below,3361.0349,0.0
E03806,IT,IT · Milan,Finance,L2,B,F,1.0,42950,35800,44423.0257,27639.7553,31785.7186,35931.6819,1.1997,1.3512,1.8464,Above,0.0,7018.3181
E03807,PL,PL · Kraków,Operations,L6,G,F,1.0,87150,79800,50412.649,56940.2199,74022.2858,91104.3518,1.0921,1.1773,0.8843,Within,0.0,0.0
E03808,PL,PL · Kraków,Customer Service,L2,C,F,1.0,23350,23600,22098.6552,19750.9101,22713.5467,25676.1832,0.9894,1.028,0.6074,Within,0.0,0.0
E03809,IT,IT · Milan,Customer Service,L2,C,F,0.8,25600,29200,35427.3211,29850.9357,34328.5761,38806.2164,0.8767,0.7457,-0.4747,Below,3400.7486,0.0
E03811,DE,DE · Munich,Customer Service,L3,D,F,0.8,60150,54700,52281.637,56058.4593,67270.1512,78481.843,1.0996,0.8942,0.1825,Within,0.0,0.0
E03812,PL,PL · Kraków,Tech,L2,B,M,1.0,36300,32800,28111.3077,18287.8798,21031.0617,23774.2437,1.1067,1.726,3.2831,Above,0.0,12525.7563
E03813,DE,DE · Munich,HR,L2,B,F,1.0,42750,47500,63763.1933,41769.5333,48034.9633,54300.3934,0.9,0.89,0.0782,Within,0.0,0.0
E03814,PL,PL · Kraków,Customer Service,L5,F,F,1.0,63850,54800,50412.649,42706.1992,53382.7489,64059.2987,1.1651,1.1961,0.9902,Within,0.0,0.0
E03815,ES,ES · Barcelona,HR,L2,B,F,1.0,28300,31200,38450.926,24961.0349,28705.1901,32449.3454,0.9071,0.9859,0.4459,Within,0.0,0.0
E03816,DE,DE · Munich,Operations,L2,C,M,1.0,36350,45100,47695.8157,45111.096,51877.7604,58644.4248,0.806,0.7007,-0.6474,Below,8761.096,0.0
E03817,PL,PL · Kraków,Operations,L2,C,F,1.0,22250,24900,23500.5671,19750.9101,22713.5467,25676.1832,0.8936,0.9796,0.4218,Within,0.0,0.0
E03818,IT,IT · Milan,Operations,L3,D,F,1.0,33800,39500,32970.682,37095.0301,44514.0361,51933.0421,0.8557,0.7593,-0.2221,Below,3295.0301,0.0
E03819,IT,IT · Milan,Sales,L1,A,M,1.0,27350,27300,44423.0257,25592.366,29431.2209,33270.0758,1.0018,0.9293,0.2289,Within,0.0,0.0
E03820,ES,ES · Barcelona,Finance,L1,A,M,1.0,32050,27500,30175.2075,23112.0694,26578.8798,30045.6902,1.1655,1.2058,1.2891,Above,0.0,2004.3098
E03821,ES,ES · Barcelona,Operations,L1,B,F,1.0,26300,23800,23130.047,24961.0349,28705.1901,32449.3454,1.105,0.9162,0.1788,Within,0.0,0.0
E03822,PL,PL · Kraków,Tech,L4,E,M,1.0,52100,55100,34034.3671,32212.9392,38655.527,45098.1148,0.9456,1.3478,1.5434,Above,0.0,7001.8852
E03823,PL,PL · Kraków,Tech,L1,A,M,1.0,26200,26200,28111.3077,16933.222,19473.2053,22013.1886,1.0,1.3454,1.8242,Above,0.0,4186.8114
E03824,DE,DE · Munich,Operations,L3,D,F,1.0,49550,57800,47695.8157,56058.4593,67270.1512,78481.843,0.8573,0.7366,-0.2903,Below,6508.4593,0.0
E03825,PL,PL · Kraków,Sales,L2,C,M,1.0,26300,27600,28111.3077,19750.9101,22713.5467,25676.1832,0.9529,1.1579,1.1053,Above,0.0,623.8168
E03826,PL,PL · Kraków,Tech,L2,B,F,1.0,37400,32800,28111.3077,18287.8798,21031.0617,23774.2437,1.1402,1.7783,3.4836,Above,0.0,13625.7563
E03827,IT,IT · Milan,Tech,L1,A,M,1.0,26700,32500,44423.0257,25592.366,29431.2209,33270.0758,0.8215,0.9072,0.1443,Within,0.0,0.0
E03828,PL,PL · Kraków,Sales,L2,C,F,1.0,29300,27600,28111.3077,19750.9101,22713.5467,25676.1832,1.0616,1.29,1.6116,Above,0.0,3623.8168
E03829,ES,ES · Barcelona,Sales,L2,C,M,1.0,27350,32800,38450.926,26957.9177,31001.6053,35045.293,0.8338,0.8822,0.0485,Within,0.0,0.0
E03830,DE,DE · Munich,HR,L2,B,F,0.8,46100,47500,63763.1933,41769.5333,48034.9633,54300.3934,0.9705,0.9597,0.3456,Within,0.0,0.0
E03831,IT,IT · Milan,HR,L1,A,F,0.8,22000,26000,35427.3211,25592.366,29431.2209,33270.0758,0.8462,0.7475,-0.4679,Below,2873.8928,0.0
E03832,DE,DE · Munich,Tech,L2,B,F,1.0,62450,59400,63763.1933,41769.5333,48034.9633,54300.3934,1.0513,1.3001,1.6504,Above,0.0,8149.6066
E03833,IT,IT · Milan,Finance,L3,D,F,1.0,51550,45800,45051.5517,37095.0301,44514.0361,51933.0421,1.1255,1.1581,0.9742,Within,0.0,0.0
E03834,PL,PL · Kraków,Tech,L2,B,M,1.0,35350,32800,28111.3077,18287.8798,21031.0617,23774.2437,1.0777,1.6808,3.1099,Above,0.0,11575.7563
E03835,ES,ES · Barcelona,Operations,L3,D,M,1.0,38800,38000,30735.5619,33499.9471,40199.9366,46899.926,1.0211,0.9652,0.3955,Within,0.0,0.0
E03836,DE,DE · Munich,Tech,L1,A,F,1.0,37150,47500,63763.1933,38675.4938,44476.8179,50278.142,0.7821,0.8353,-0.1315,Below,1525.4938,0.0
E03837,IT,IT · Milan,Operations,L3,D,M,1.0,36150,39500,32970.682,37095.0301,44514.0361,51933.0421,0.9152,0.8121,-0.0637,Below,945.0301,0.0
E03838,DE,DE · Munich,Operations,L2,C,M,1.0,44450,45100,47695.8157,45111.096,51877.7604,58644.4248,0.9856,0.8568,-0.0488,Below,661.096,0.0
E03839,ES,ES · Barcelona,HR,L2,B,F,1.0,31250,31200,38450.926,24961.0349,28705.1901,32449.3454,1.0016,1.0887,0.8398,Within,0.0,0.0
E03841,PL,PL · Kraków,Sales,L4,E,M,1.0,52700,46300,28111.3077,32212.9392,38655.527,45098.1148,1.1382,1.3633,1.59,Above,0.0,7601.8852
E03842,DE,DE · Munich,HR,L3,D,F,1.0,48250,60800,83423.91,56058.4593,67270.1512,78481.843,0.7936,0.7173,-0.3482,Below,7808.4593,0.0
E03843,ES,ES · Barcelona,Tech,L4,E,M,1.0,62650,65600,49137.1558,43967.2783,52760.7339,61554.1896,0.955,1.1874,1.0623,Above,0.0,1095.8104
E03844,PL,PL · Kraków,Operations,L2,C,M,1.0,27900,24900,23500.5671,19750.9101,22713.5467,25676.1832,1.1205,1.2283,1.3753,Above,0.0,2223.8168
E03845,PL,PL · Kraków,Customer Service,L3,D,M,1.0,33600,30200,22098.6552,24543.9746,29452.7695,34361.5644,1.1126,1.1408,0.9224,Within,0.0,0.0
E03846,PL,PL · Kraków,Tech,L1,A,F,1.0,24250,26200,28111.3077,16933.222,19473.2053,22013.1886,0.9256,1.2453,1.4403,Above,0.0,2236.8114
E03847,ES,ES · Barcelona,Sales,L1,A,F,1.0,23850,26200,38450.926,23112.0694,26578.8798,30045.6902,0.9103,0.8973,0.1064,Within,0.0,0.0
E03848,IT,IT · Milan,Tech,L4,E,M,1.0,76900,68200,45051.5517,48685.6742,58422.809,68159.9438,1.1276,1.3163,1.4488,Above,0.0,8740.0562
E03850,ES,ES · Barcelona,Customer Service,L1,B,M,1.0,24000,22500,30175.2075,24961.0349,28705.1901,32449.3454,1.0667,0.8361,-0.1283,Below,961.0349,0.0
E03851,IT,IT · Milan,Operations,L1,B,M,1.0,26750,24700,26363.3765,27639.7553,31785.7186,35931.6819,1.083,0.8416,-0.1073,Below,889.7553,0.0
E03852,IT,IT · Milan,Sales,L2,C,M,1.0,35150,34100,44423.0257,29850.9357,34328.5761,38806.2164,1.0308,1.0239,0.5917,Within,0.0,0.0
E03853,ES,ES · Barcelona,Customer Service,L3,D,F,1.0,32050,36000,30175.2075,33499.9471,40199.9366,46899.926,0.8903,0.7973,-0.1082,Below,1449.9471,0.0
E03855,DE,DE · Munich,Customer Service,L6,G,M,1.0,112000,136800,123043.8439,130051.5118,169066.9654,208082.4189,0.8187,0.6625,-0.2313,Below,18051.5118,0.0
E03857,PL,PL · Kraków,Finance,L2,B,M,1.0,30550,28900,28111.3077,18287.8798,21031.0617,23774.2437,1.0571,1.4526,2.235,Above,0.0,6775.7563
E03858,IT,IT · Milan,HR,L1,A,M,1.0,27600,26000,35427.3211,25592.366,29431.2209,33270.0758,1.0615,0.9378,0.2615,Within,0.0,0.0
E03859,PL,PL · Kraków,Finance,L1,A,F,1.0,25500,23100,22098.6552,16933.222,19473.2053,22013.1886,1.1039,1.3095,1.6864,Above,0.0,3486.8114
E03860,DE,DE · Munich,Customer Service,L3,D,F,1.0,49750,54700,52281.637,56058.4593,67270.1512,78481.843,0.9095,0.7396,-0.2813,Below,6308.4593,0.0
E03861,ES,ES · Barcelona,Customer Service,L2,C,F,0.8,23500,28100,30175.2075,26957.9177,31001.6053,35045.293,0.8363,0.758,-0.4276,Below,2766.3342,0.0
E03862,DE,DE · Munich,Customer Service,L1,B,F,1.0,31500,34200,52281.637,41769.5333,48034.9633,54300.3934,0.9211,0.6558,-0.8195,Below,10269.5333,0.0
E03863,DE,DE · Munich,Finance,L4,E,M,1.0,86100,87800,83423.91,73574.3812,88289.2574,103004.1336,0.9806,0.9752,0.4256,Within,0.0,0.0
E03864,IT,IT · Milan,Operations,L3,D,F,1.0,35650,39500,32970.682,37095.0301,44514.0361,51933.0421,0.9025,0.8009,-0.0974,Below,1445.0301,0.0
E03865,DE,DE · Munich,Customer Service,L5,F,F,0.8,90500,99200,123043.8439,97540.9961,121926.2452,146311.4942,0.9123,0.7423,-0.1444,Below,5632.7969,0.0
E03866,PL,PL · Kraków,Customer Service,L4,E,M,1.0,38700,39700,28111.3077,32212.9392,38655.527,45098.1148,0.9748,1.0012,0.5035,Within,0.0,0.0
E03867,IT,IT · Milan,Operations,L3,D,M,1.0,41850,39500,32970.682,37095.0301,44514.0361,51933.0421,1.0595,0.9402,0.3205,Within,0.0,0.0
E03868,DE,DE · Munich,Operations,L2,C,F,0.8,46050,45100,47695.8157,45111.096,51877.7604,58644.4248,1.0211,0.8877,0.0694,Within,0.0,0.0
E03869,PL,PL · Kraków,Sales,L3,D,M,1.0,33800,35300,28111.3077,24543.9746,29452.7695,34361.5644,0.9575,1.1476,0.9428,Within,0.0,0.0
E03870,IT,IT · Milan,Operations,L2,C,F,1.0,23600,30900,32970.682,29850.9357,34328.5761,38806.2164,0.7638,0.6875,-0.698,Below,6250.9357,0.0
E03871,DE,DE · Munich,Tech,L1,A,F,1.0,49250,47500,63763.1933,38675.4938,44476.8179,50278.142,1.0368,1.1073,0.9114,Within,0.0,0.0
E03872,DE,DE · Munich,HR,L1,A,F,1.0,41950,38000,52281.637,38675.4938,44476.8179,50278.142,1.1039,0.9432,0.2822,Within,0.0,0.0
E03873,DE,DE · Munich,Operations,L5,F,F,1.0,109950,104700,123043.8439,97540.9961,121926.2452,146311.4942,1.0501,0.9018,0.2544,Within,0.0,0.0
E03874,IT,IT · Milan,Customer Service,L2,C,F,1.0,24650,29200,35427.3211,29850.9357,34328.5761,38806.2164,0.8442,0.7181,-0.5808,Below,5200.9357,0.0
E03875,PL,PL · Kraków,Operations,L2,C,F,1.0,27650,24900,23500.5671,19750.9101,22713.5467,25676.1832,1.1104,1.2173,1.3331,Above,0.0,1973.8168
E03876,ES,ES · Barcelona,Operations,L1,B,F,0.8,25200,23800,23130.047,24961.0349,28705.1901,32449.3454,1.0588,0.8779,0.0319,Within,0.0,0.0
E03877,PL,PL · Kraków,Operations,L1,B,M,1.0,21450,20000,17581.1795,18287.8798,21031.0617,23774.2437,1.0725,1.0199,0.5764,Within,0.0,0.0
E03878,PL,PL · Kraków,Tech,L2,B,M,0.8,31900,32800,28111.3077,18287.8798,21031.0617,23774.2437,0.9726,1.5168,2.4811,Above,0.0,6500.605
E03879,IT,IT · Milan,Operations,L4,E,M,0.8,45550,51900,44423.0257,48685.6742,58422.809,68159.9438,0.8776,0.7797,-0.161,Below,2508.5393,0.0
E03880,PL,PL · Kraków,Operations,L1,B,F,1.0,18950,20000,17581.1795,18287.8798,21031.0617,23774.2437,0.9475,0.901,0.1207,Within,0.0,0.0
E03881,IT,IT · Milan,Operations,L1,B,F,1.0,23000,24700,26363.3765,27639.7553,31785.7186,35931.6819,0.9312,0.7236,-0.5596,Below,4639.7553,0.0
E03882,PL,PL · Kraków,Operations,L1,B,F,1.0,21450,20000,17581.1795,18287.8798,21031.0617,23774.2437,1.0725,1.0199,0.5764,Within,0.0,0.0
E03883,IT,IT · Milan,Tech,L2,B,F,1.0,41950,40600,44423.0257,27639.7553,31785.7186,35931.6819,1.0333,1.3198,1.7258,Above,0.0,6018.3181
E03884,IT,IT · Milan,Customer Service,L4,E,F,1.0,41800,49100,44423.0257,48685.6742,58422.809,68159.9438,0.8513,0.7155,-0.3536,Below,6885.6742,0.0
E03885,PL,PL · Kraków,HR,L4,E,F,1.0,47450,44100,34034.3671,32212.9392,38655.527,45098.1148,1.076,1.2275,1.1825,Above,0.0,2351.8852
E03886,PL,PL · Kraków,Customer Service,L2,C,M,1.0,20100,23600,22098.6552,19750.9101,22713.5467,25676.1832,0.8517,0.8849,0.0589,Within,0.0,0.0
E03887,PL,PL · Kraków,Tech,L1,A,F,1.0,22050,26200,28111.3077,16933.222,19473.2053,22013.1886,0.8416,1.1323,1.0072,Above,0.0,36.8114
E03888,IT,IT · Milan,HR,L1,A,F,1.0,24200,26000,35427.3211,25592.366,29431.2209,33270.0758,0.9308,0.8223,-0.1814,Below,1392.366,0.0
E03889,DE,DE · Munich,Finance,L2,B,F,1.0,54550,52300,63763.1933,41769.5333,48034.9633,54300.3934,1.043,1.1356,1.0199,Above,0.0,249.6066
E03890,IT,IT · Milan,Customer Service,L1,B,M,1.0,21950,23400,35427.3211,27639.7553,31785.7186,35931.6819,0.938,0.6906,-0.6862,Below,5689.7553,0.0
E03891,DE,DE · Munich,Customer Service,L1,B,F,1.0,29700,34200,52281.637,41769.5333,48034.9633,54300.3934,0.8684,0.6183,-0.9632,Below,12069.5333,0.0
E03892,PL,PL · Kraków,Tech,L1,A,M,1.0,24600,26200,28111.3077,16933.222,19473.2053,22013.1886,0.9389,1.2633,1.5092,Above,0.0,2586.8114
E03894,ES,ES · Barcelona,Customer Service,L3,D,F,1.0,34750,36000,30175.2075,33499.9471,40199.9366,46899.926,0.9653,0.8644,0.0933,Within,0.0,0.0
E03895,PL,PL · Kraków,Operations,L6,G,F,1.0,68800,79800,50412.649,56940.2199,74022.2858,91104.3518,0.8622,0.9294,0.3471,Within,0.0,0.0
E03896,IT,IT · Milan,Finance,L3,D,F,1.0,44350,45800,45051.5517,37095.0301,44514.0361,51933.0421,0.9683,0.9963,0.4889,Within,0.0,0.0
E03897,IT,IT · Milan,Customer Service,L4,E,M,1.0,51000,49100,44423.0257,48685.6742,58422.809,68159.9438,1.0387,0.8729,0.1188,Within,0.0,0.0
E03898,IT,IT · Milan,Tech,L3,D,M,1.0,55250,52000,45051.5517,37095.0301,44514.0361,51933.0421,1.0625,1.2412,1.2235,Above,0.0,3316.9579
E03899,DE,DE · Munich,Sales,L2,C,F,1.0,49000,49900,63763.1933,45111.096,51877.7604,58644.4248,0.982,0.9445,0.2874,Within,0.0,0.0
E03900,DE,DE · Munich,Finance,L3,D,F,0.8,68050,66900,83423.91,56058.4593,67270.1512,78481.843,1.0172,1.0116,0.5348,Within,0.0,0.0
E03901,PL,PL · Kraków,Customer Service,L1,B,M,1.0,18450,18900,22098.6552,18287.8798,21031.0617,23774.2437,0.9762,0.8773,0.0295,Within,0.0,0.0
E03902,IT,IT · Milan,Operations,L5,F,M,1.0,48600,71600,119149.3884,64544.8739,80681.0924,96817.3109,0.6788,0.6024,-0.4941,Below,15944.8739,0.0
E03904,PL,PL · Kraków,Tech,L3,D,F,1.0,38450,42000,34034.3671,24543.9746,29452.7695,34361.5644,0.9155,1.3055,1.4164,Above,0.0,4088.4356
E03905,PL,PL · Kraków,Sales,L4,E,F,1.0,44500,46300,28111.3077,32212.9392,38655.527,45098.1148,0.9611,1.1512,0.9536,Within,0.0,0.0
E03906,DE,DE · Munich,Finance,L2,B,M,1.0,60550,52300,63763.1933,41769.5333,48034.9633,54300.3934,1.1577,1.2605,1.4987,Above,0.0,6249.6066
E03907,ES,ES · Barcelona,Tech,L2,B,M,1.0,39000,39100,38450.926,24961.0349,28705.1901,32449.3454,0.9974,1.3586,1.8748,Above,0.0,6550.6546
E03909,IT,IT · Milan,Tech,L2,B,M,1.0,48850,40600,44423.0257,27639.7553,31785.7186,35931.6819,1.2032,1.5369,2.5579,Above,0.0,12918.3181
E03910,IT,IT · Milan,Sales,L1,A,M,0.8,28350,27300,44423.0257,25592.366,29431.2209,33270.0758,1.0385,0.9633,0.3592,Within,0.0,0.0
E03911,ES,ES · Barcelona,Operations,L4,E,F,1.0,50350,49900,38450.926,43967.2783,52760.7339,61554.1896,1.009,0.9543,0.3629,Within,0.0,0.0
E03912,PL,PL · Kraków,Tech,L2,B,M,1.0,31850,32800,28111.3077,18287.8798,21031.0617,23774.2437,0.971,1.5144,2.472,Above,0.0,8075.7563
E03913,IT,IT · Milan,Sales,L3,D,M,1.0,47550,43700,44423.0257,37095.0301,44514.0361,51933.0421,1.0881,1.0682,0.7046,Within,0.0,0.0
E03914,DE,DE · Munich,Tech,L1,A,M,1.0,39850,47500,63763.1933,38675.4938,44476.8179,50278.142,0.8389,0.896,0.1012,Within,0.0,0.0
E03915,PL,PL · Kraków,Operations,L5,F,F,1.0,61050,57900,50412.649,42706.1992,53382.7489,64059.2987,1.0544,1.1436,0.8591,Within,0.0,0.0
E03916,PL,PL · Kraków,Tech,L3,D,M,1.0,37700,42000,34034.3671,24543.9746,29452.7695,34361.5644,0.8976,1.28,1.34,Above,0.0,3338.4356
E03917,DE,DE · Munich,Operations,L3,D,F,1.0,53650,57800,47695.8157,56058.4593,67270.1512,78481.843,0.9282,0.7975,-0.1074,Below,2408.4593,0.0
E03918,IT,IT · Milan,Finance,L1,A,M,1.0,32300,28600,35427.3211,25592.366,29431.2209,33270.0758,1.1294,1.0975,0.8737,Within,0.0,0.0
E03919,IT,IT · Milan,Customer Service,L1,B,M,1.0,18750,23400,35427.3211,27639.7553,31785.7186,35931.6819,0.8013,0.5899,-1.0721,Below,8889.7553,0.0
E03920,ES,ES · Barcelona,HR,L2,B,F,1.0,29450,31200,38450.926,24961.0349,28705.1901,32449.3454,0.9439,1.0259,0.5995,Within,0.0,0.0
E03921,PL,PL · Kraków,Customer Service,L2,C,M,0.8,26800,23600,22098.6552,19750.9101,22713.5467,25676.1832,1.1356,1.1799,1.1897,Above,0.0,899.0534
E03923,DE,DE · Munich,Tech,L2,B,M,1.0,57000,59400,63763.1933,41769.5333,48034.9633,54300.3934,0.9596,1.1866,1.2154,Above,0.0,2699.6066
E03924,PL,PL · Kraków,Operations,L1,B,M,1.0,19450,20000,17581.1795,18287.8798,21031.0617,23774.2437,0.9725,0.9248,0.2118,Within,0.0,0.0
E03925,DE,DE · Munich,Operations,L5,F,M,1.0,92400,104700,123043.8439,97540.9961,121926.2452,146311.4942,0.8825,0.7578,-0.1054,Below,5140.9961,0.0
E03926,DE,DE · Munich,Operations,L4,E,F,1.0,71450,75800,63763.1933,73574.3812,88289.2574,103004.1336,0.9426,0.8093,-0.0722,Below,2124.3812,0.0
E03927,DE,DE · Munich,Customer Service,L2,C,M,1.0,46950,42800,52281.637,45111.096,51877.7604,58644.4248,1.097,0.905,0.1359,Within,0.0,0.0
E03928,PL,PL · Kraków,Operations,L4,E,M,1.0,40850,41900,28111.3077,32212.9392,38655.527,45098.1148,0.9749,1.0568,0.6703,Within,0.0,0.0
E03929,DE,DE · Munich,Customer Service,L2,C,F,1.0,42650,42800,52281.637,45111.096,51877.7604,58644.4248,0.9965,0.8221,-0.1819,Below,2461.096,0.0
E03930,IT,IT · Milan,Sales,L6,G,M,1.0,106250,109200,119149.3884,86057.7477,111875.072,137692.3963,0.973,0.9497,0.3911,Within,0.0,0.0
E03931,PL,PL · Kraków,Sales,L2,C,F,1.0,28150,27600,28111.3077,19750.9101,22713.5467,25676.1832,1.0199,1.2393,1.4175,Above,0.0,2473.8168
E03932,DE,DE · Munich,Customer Service,L1,B,F,1.0,34200,34200,52281.637,41769.5333,48034.9633,54300.3934,1.0,0.712,-0.6041,Below,7569.5333,0.0
E03933,PL,PL · Kraków,Finance,L1,A,F,1.0,23250,23100,22098.6552,16933.222,19473.2053,22013.1886,1.0065,1.1939,1.2435,Above,0.0,1236.8114
E03934,DE,DE · Munich,Customer Service,L3,D,F,1.0,50850,54700,52281.637,56058.4593,67270.1512,78481.843,0.9296,0.7559,-0.2323,Below,5208.4593,0.0
E03935,DE,DE · Munich,Operations,L1,B,M,1.0,40150,36100,36701.684,41769.5333,48034.9633,54300.3934,1.1122,0.8358,-0.1292,Below,1619.5333,0.0
E03936,ES,ES · Barcelona,Customer Service,L2,C,F,1.0,27650,28100,30175.2075,26957.9177,31001.6053,35045.293,0.984,0.8919,0.0856,Within,0.0,0.0
E03938,IT,IT · Milan,Operations,L5,F,F,0.8,76550,71600,119149.3884,64544.8739,80681.0924,96817.3109,1.0691,0.9488,0.372,Within,0.0,0.0
E03939,DE,DE · Munich,HR,L2,B,M,1.0,47450,47500,63763.1933,41769.5333,48034.9633,54300.3934,0.9989,0.9878,0.4533,Within,0.0,0.0
E03940,DE,DE · Munich,Tech,L2,B,F,0.8,58400,59400,63763.1933,41769.5333,48034.9633,54300.3934,0.9832,1.2158,1.3272,Above,0.0,3279.6853
E03941,PL,PL · Kraków,Customer Service,L3,D,F,1.0,30350,30200,22098.6552,24543.9746,29452.7695,34361.5644,1.005,1.0305,0.5914,Within,0.0,0.0
E03943,DE,DE · Munich,Customer Service,L3,D,F,1.0,62550,54700,52281.637,56058.4593,67270.1512,78481.843,1.1435,0.9298,0.2895,Within,0.0,0.0
E03945,IT,IT · Milan,Operations,L1,B,M,1.0,24350,24700,26363.3765,27639.7553,31785.7186,35931.6819,0.9858,0.7661,-0.3967,Below,3289.7553,0.0
E03946,DE,DE · Munich,Operations,L4,E,M,1.0,61700,75800,63763.1933,73574.3812,88289.2574,103004.1336,0.814,0.6988,-0.4035,Below,11874.3812,0.0
E03949,IT,IT · Milan,Sales,L3,D,F,0.8,45800,43700,44423.0257,37095.0301,44514.0361,51933.0421,1.0481,1.0289,0.5867,Within,0.0,0.0
E03950,ES,ES · Barcelona,Customer Service,L2,C,M,1.0,31700,28100,30175.2075,26957.9177,31001.6053,35045.293,1.1281,1.0225,0.5864,Within,0.0,0.0
E03951,DE,DE · Munich,Customer Service,L4,E,M,1.0,54850,71800,63763.1933,73574.3812,88289.2574,103004.1336,0.7639,0.6213,-0.6362,Below,18724.3812,0.0
E03952,DE,DE · Munich,Customer Service,L3,D,F,1.0,54000,54700,52281.637,56058.4593,67270.1512,78481.843,0.9872,0.8027,-0.0918,Below,2058.4593,0.0
E03953,IT,IT · Milan,Tech,L1,A,M,1.0,31000,32500,44423.0257,25592.366,29431.2209,33270.0758,0.9538,1.0533,0.7043,Within,0.0,0.0
E03955,IT,IT · Milan,Operations,L1,B,F,1.0,23950,24700,26363.3765,27639.7553,31785.7186,35931.6819,0.9696,0.7535,-0.445,Below,3689.7553,0.0
E03956,PL,PL · Kraków,Customer Service,L4,E,M,0.8,38850,39700,28111.3077,32212.9392,38655.527,45098.1148,0.9786,1.005,0.5151,Within,0.0,0.0
E03957,IT,IT · Milan,Tech,L2,B,F,1.0,39850,40600,44423.0257,27639.7553,31785.7186,35931.6819,0.9815,1.2537,1.4725,Above,0.0,3918.3181
E03958,IT,IT · Milan,Customer Service,L2,C,F,1.0,29150,29200,35427.3211,29850.9357,34328.5761,38806.2164,0.9983,0.8491,-0.0783,Below,700.9357,0.0
E03959,PL,PL · Kraków,Customer Service,L4,E,F,1.0,39900,39700,28111.3077,32212.9392,38655.527,45098.1148,1.005,1.0322,0.5966,Within,0.0,0.0
E03960,IT,IT · Milan,Customer Service,L3,D,M,1.0,33900,37400,35427.3211,37095.0301,44514.0361,51933.0421,0.9064,0.7616,-0.2153,Below,3195.0301,0.0
E03961,PL,PL · Kraków,Operations,L2,C,F,1.0,24100,24900,23500.5671,19750.9101,22713.5467,25676.1832,0.9679,1.061,0.734,Within,0.0,0.0
E03962,PL,PL · Kraków,Operations,L2,C,M,1.0,26650,24900,23500.5671,19750.9101,22713.5467,25676.1832,1.0703,1.1733,1.1643,Above,0.0,973.8168
E03963,PL,PL · Kraków,Customer Service,L1,B,F,1.0,20100,18900,22098.6552,18287.8798,21031.0617,23774.2437,1.0635,0.9557,0.3303,Within,0.0,0.0
E03964,PL,PL · Kraków,Customer Service,L4,E,F,1.0,48850,39700,28111.3077,32212.9392,38655.527,45098.1148,1.2305,1.2637,1.2912,Above,0.0,3751.8852
E03965,DE,DE · Munich,Sales,L3,D,M,1.0,58400,63800,63763.1933,56058.4593,67270.1512,78481.843,0.9154,0.8681,0.1044,Within,0.0,0.0
E03966,DE,DE · Munich,HR,L4,E,M,1.0,86850,79800,83423.91,73574.3812,88289.2574,103004.1336,1.0883,0.9837,0.4511,Within,0.0,0.0
E03968,ES,ES · Barcelona,HR,L1,A,F,1.0,24700,25000,30175.2075,23112.0694,26578.8798,30045.6902,0.988,0.9293,0.229,Within,0.0,0.0
E03969,ES,ES · Barcelona,Tech,L5,F,M,1.0,92300,90600,67142.552,58289.4759,72861.8449,87434.2139,1.0188,1.2668,1.167,Above,0.0,4865.7861
E03971,PL,PL · Kraków,Sales,L2,C,F,1.0,25050,27600,28111.3077,19750.9101,22713.5467,25676.1832,0.9076,1.1029,0.8943,Within,0.0,0.0
E03972,DE,DE · Munich,Sales,L2,C,F,1.0,46200,49900,63763.1933,45111.096,51877.7604,58644.4248,0.9259,0.8906,0.0805,Within,0.0,0.0
E03974,DE,DE · Munich,HR,L3,D,F,1.0,64250,60800,83423.91,56058.4593,67270.1512,78481.843,1.0567,0.9551,0.3653,Within,0.0,0.0
E03975,IT,IT · Milan,Customer Service,L2,C,M,1.0,28100,29200,35427.3211,29850.9357,34328.5761,38806.2164,0.9623,0.8186,-0.1955,Below,1750.9357,0.0
E03976,PL,PL · Kraków,Operations,L3,D,F,1.0,32000,31900,23500.5671,24543.9746,29452.7695,34361.5644,1.0031,1.0865,0.7595,Within,0.0,0.0
E03977,IT,IT · Milan,Operations,L5,F,M,1.0,77000,71600,119149.3884,64544.8739,80681.0924,96817.3109,1.0754,0.9544,0.3859,Within,0.0,0.0
E03978,IT,IT · Milan,Sales,L1,A,M,1.0,27100,27300,44423.0257,25592.366,29431.2209,33270.0758,0.9927,0.9208,0.1964,Within,0.0,0.0
E03979,DE,DE · Munich,HR,L2,B,M,1.0,40800,47500,63763.1933,41769.5333,48034.9633,54300.3934,0.8589,0.8494,-0.0774,Below,969.5333,0.0
E03981,ES,ES · Barcelona,Operations,L1,B,F,1.0,22950,23800,23130.047,24961.0349,28705.1901,32449.3454,0.9643,0.7995,-0.2686,Below,2011.0349,0.0
E03982,DE,DE · Munich,Operations,L1,B,F,1.0,36850,36100,36701.684,41769.5333,48034.9633,54300.3934,1.0208,0.7671,-0.3926,Below,4919.5333,0.0
E03983,PL,PL · Kraków,Tech,L3,D,M,1.0,49550,42000,34034.3671,24543.9746,29452.7695,34361.5644,1.1798,1.6824,2.5471,Above,0.0,15188.4356
E03984,DE,DE · Munich,Sales,L4,E,F,1.0,67800,83800,63763.1933,73574.3812,88289.2574,103004.1336,0.8091,0.7679,-0.1962,Below,5774.3812,0.0
E03985,PL,PL · Kraków,Finance,L2,B,F,1.0,30400,28900,28111.3077,18287.8798,21031.0617,23774.2437,1.0519,1.4455,2.2077,Above,0.0,6625.7563
E03986,PL,PL · Kraków,Customer Service,L2,C,F,1.0,23100,23600,22098.6552,19750.9101,22713.5467,25676.1832,0.9788,1.017,0.5652,Within,0.0,0.0
E03987,DE,DE · Munich,Finance,L1,A,M,1.0,41450,41800,52281.637,38675.4938,44476.8179,50278.142,0.9916,0.9319,0.2391,Within,0.0,0.0
E03988,ES,ES · Barcelona,Finance,L2,B,M,1.0,39100,34400,38450.926,24961.0349,28705.1901,32449.3454,1.1366,1.3621,1.8881,Above,0.0,6650.6546
E03989,DE,DE · Munich,Customer Service,L3,D,M,1.0,43800,54700,52281.637,56058.4593,67270.1512,78481.843,0.8007,0.6511,-0.5467,Below,12258.4593,0.0
E03990,PL,PL · Kraków,Tech,L2,B,F,1.0,36800,32800,28111.3077,18287.8798,21031.0617,23774.2437,1.122,1.7498,3.3742,Above,0.0,13025.7563
E03991,ES,ES · Barcelona,Tech,L2,B,F,1.0,33550,39100,38450.926,24961.0349,28705.1901,32449.3454,0.8581,1.1688,1.147,Above,0.0,1100.6546
E03992,PL,PL · Kraków,Tech,L5,F,F,1.0,84250,76100,50412.649,42706.1992,53382.7489,64059.2987,1.1071,1.5782,1.9456,Above,0.0,20190.7013
E03993,PL,PL · Kraków,Sales,L2,C,F,1.0,28350,27600,28111.3077,19750.9101,22713.5467,25676.1832,1.0272,1.2482,1.4513,Above,0.0,2673.8168
E03994,PL,PL · Kraków,Operations,L5,F,F,1.0,61050,57900,50412.649,42706.1992,53382.7489,64059.2987,1.0544,1.1436,0.8591,Within,0.0,0.0
E03995,PL,PL · Kraków,Sales,L1,A,M,1.0,18200,22000,28111.3077,16933.222,19473.2053,22013.1886,0.8273,0.9346,0.2494,Within,0.0,0.0
E03997,DE,DE · Munich,Customer Service,L2,C,F,1.0,39900,42800,52281.637,45111.096,51877.7604,58644.4248,0.9322,0.7691,-0.3851,Below,5211.096,0.0
E03999,PL,PL · Kraków,Customer Service,L1,B,F,1.0,17200,18900,22098.6552,18287.8798,21031.0617,23774.2437,0.9101,0.8178,-0.1983,Below,1087.8798,0.0
